罪名,手口,管轄警察署（発生地）,管轄交番・駐在所（発生地）,市区町村コード（発生地）,都道府県（発生地）,市区町村（発生地）,町丁目（発生地）,発生年月日（始期）,発生時（始期）,発生場所,発生場所の詳細,施錠関係,盗難防止装置の有無,現金以外の主な被害品
窃盗,オートバイ盗,南,中村橋,141054,神奈川県,横浜市南区,睦町１丁目,2021/4/13,8,４階建て以上共同住宅,駐車（輪）場,キーなし,なし,自動二輪（50cc超）
窃盗,オートバイ盗,南,久保山,141054,神奈川県,横浜市南区,三春台,2021/6/22,14,一戸建住宅,駐車（輪）場,キーなし,なし,自動二輪（50cc超）
窃盗,オートバイ盗,南,井土ケ谷,141054,神奈川県,横浜市南区,井土ケ谷上町,2021/9/3,15,４階建て以上共同住宅,その他,キーなし,なし,原動機付自転車（50cc以下）
窃盗,オートバイ盗,南,井土ケ谷,141054,神奈川県,横浜市南区,井土ケ谷中町,2021/2/16,7,駐車（輪）場,駐車（輪）場,キーあり,なし,原動機付自転車（50cc以下）
窃盗,オートバイ盗,南,井土ケ谷,141054,神奈川県,横浜市南区,永田南１丁目,2021/6/17,10,一戸建住宅,その他,キーあり,なし,自動二輪（50cc超）
窃盗,オートバイ盗,南,井土ケ谷,141054,神奈川県,横浜市南区,永田南２丁目,2021/9/10,20,４階建て以上共同住宅,駐車（輪）場,キーなし,なし,自動二輪（50cc超）
窃盗,オートバイ盗,南,八幡町,141054,神奈川県,横浜市南区,中村町２丁目,2020/2/18,18,４階建て以上共同住宅,駐車（輪）場,キーなし,なし,自動二輪（50cc超）
窃盗,オートバイ盗,南,六ツ川,141054,神奈川県,横浜市南区,六ツ川２丁目,2021/3/2,13,その他の住宅（３階建て以下共同住宅等）,その他,キーなし,なし,原動機付自転車（50cc以下）
窃盗,オートバイ盗,南,六ツ川,141054,神奈川県,横浜市南区,六ツ川２丁目,2021/9/27,14,その他の住宅（３階建て以下共同住宅等）,その他,キーあり,なし,原動機付自転車（50cc以下）
窃盗,オートバイ盗,南,別所町,141054,神奈川県,横浜市南区,別所２丁目,2021/12/22,7,駐車（輪）場,駐車（輪）場,キーあり,なし,原動機付自転車（50cc以下）
窃盗,オートバイ盗,南,別所町,141054,神奈川県,横浜市南区,別所３丁目,2020/8/15,18,４階建て以上共同住宅,その他,キーなし,なし,自動二輪（50cc超）
窃盗,オートバイ盗,南,別所町,141054,神奈川県,横浜市南区,別所４丁目,2021/5/25,15,４階建て以上共同住宅,駐車（輪）場,キーなし,なし,原動機付自転車（50cc以下）
窃盗,オートバイ盗,南,別所町,141054,神奈川県,横浜市南区,別所５丁目,2021/11/25,0,その他の住宅（３階建て以下共同住宅等）,駐車（輪）場,キーあり,なし,原動機付自転車（50cc以下）
窃盗,オートバイ盗,南,南太田,141054,神奈川県,横浜市南区,清水ケ丘,2021/5/13,0,一戸建住宅,その他,キーなし,なし,自動二輪（50cc超）
窃盗,オートバイ盗,南,南太田,141054,神奈川県,横浜市南区,南太田１丁目,2021/4/22,2,道路上,その他,キーあり,なし,原動機付自転車（50cc以下）
窃盗,オートバイ盗,南,南太田,141054,神奈川県,横浜市南区,南太田２丁目,2021/7/1,12,その他の住宅（３階建て以下共同住宅等）,駐車（輪）場,キーあり,なし,原動機付自転車（50cc以下）
窃盗,オートバイ盗,南,南太田,141054,神奈川県,横浜市南区,南太田３丁目,2021/11/30,12,一戸建住宅,駐車（輪）場,キーあり,あり,自動二輪（50cc超）
窃盗,オートバイ盗,南,大岡町,141054,神奈川県,横浜市南区,別所１丁目,2021/12/13,17,その他,駐車（輪）場,キーあり,なし,原動機付自転車（50cc以下）
窃盗,オートバイ盗,南,大岡町,141054,神奈川県,横浜市南区,別所１丁目,2021/12/15,8,その他,駐車（輪）場,キーなし,なし,原動機付自転車（50cc以下）
窃盗,オートバイ盗,南,大池,141054,神奈川県,横浜市南区,永田みなみ台,2021/2/19,20,４階建て以上共同住宅,その他,キーなし,なし,自動二輪（50cc超）
窃盗,オートバイ盗,南,大池,141054,神奈川県,横浜市南区,永田みなみ台,2021/8/16,9,４階建て以上共同住宅,駐車（輪）場,キーなし,なし,原動機付自転車（50cc以下）
窃盗,オートバイ盗,南,大池,141054,神奈川県,横浜市南区,永田みなみ台,2021/10/29,19,４階建て以上共同住宅,駐車（輪）場,キーなし,なし,原動機付自転車（50cc以下）
窃盗,オートバイ盗,南,大池,141054,神奈川県,横浜市南区,永田みなみ台,2021/11/2,8,４階建て以上共同住宅,その他,キーなし,なし,原動機付自転車（50cc以下）
窃盗,オートバイ盗,南,大池,141054,神奈川県,横浜市南区,六ツ川３丁目,2021/2/16,22,その他の住宅（３階建て以下共同住宅等）,その他,キーあり,なし,自動二輪（50cc超）
窃盗,オートバイ盗,南,東蒔田町,141054,神奈川県,横浜市南区,榎町２丁目,2021/11/14,20,道路上,その他,キーあり,なし,自動二輪（50cc超）
窃盗,オートバイ盗,南,東蒔田町,141054,神奈川県,横浜市南区,共進町３丁目,2021/11/10,22,４階建て以上共同住宅,駐車（輪）場,キーあり,なし,原動機付自転車（50cc以下）
窃盗,オートバイ盗,南,東蒔田町,141054,神奈川県,横浜市南区,東蒔田町,2021/2/20,19,その他の住宅（３階建て以下共同住宅等）,駐車（輪）場,キーなし,なし,原動機付自転車（50cc以下）
窃盗,オートバイ盗,南,東蒔田町,141054,神奈川県,横浜市南区,東蒔田町,2021/11/15,14,一戸建住宅,駐車（輪）場,キーあり,なし,自動二輪（50cc超）
窃盗,オートバイ盗,南,永田,141054,神奈川県,横浜市南区,永田北２丁目,2021/2/28,9,駐車（輪）場,駐車（輪）場,キーなし,なし,原動機付自転車（50cc以下）
窃盗,オートバイ盗,南,永田,141054,神奈川県,横浜市南区,永田北２丁目,2021/12/24,8,その他の住宅（３階建て以下共同住宅等）,駐車（輪）場,キーあり,なし,原動機付自転車（50cc以下）
窃盗,オートバイ盗,南,永田,141054,神奈川県,横浜市南区,永田北３丁目,2021/8/20,22,その他の住宅（３階建て以下共同住宅等）,その他,キーあり,なし,原動機付自転車（50cc以下）
窃盗,オートバイ盗,南,永田,141054,神奈川県,横浜市南区,永田北３丁目,2021/9/8,19,４階建て以上共同住宅,駐車（輪）場,キーなし,あり,自動二輪（50cc超）
窃盗,オートバイ盗,南,永田,141054,神奈川県,横浜市南区,永田東２丁目,2021/2/5,16,一戸建住宅,駐車（輪）場,キーあり,なし,自動二輪（50cc超）
窃盗,オートバイ盗,南,浦舟町,141054,神奈川県,横浜市南区,浦舟町３丁目,2021/6/17,14,４階建て以上共同住宅,駐車（輪）場,キーあり,なし,原動機付自転車（50cc以下）
窃盗,オートバイ盗,南,浦舟町,141054,神奈川県,横浜市南区,万世町１丁目,2021/12/12,22,道路上,その他,キーなし,なし,原動機付自転車（50cc以下）
窃盗,オートバイ盗,南,通町,141054,神奈川県,横浜市南区,大岡２丁目,2020/8/29,20,その他,駐車（輪）場,キーなし,なし,自動二輪（50cc超）
窃盗,オートバイ盗,南,通町,141054,神奈川県,横浜市南区,弘明寺町,2021/12/8,17,道路上,その他,キーあり,なし,原動機付自転車（50cc以下）
窃盗,オートバイ盗,大和,上土棚,142182,神奈川県,綾瀬市,上土棚南２丁目,2021/5/15,14,一戸建住宅,その他,キーなし,なし,原動機付自転車（50cc以下）
窃盗,オートバイ盗,大和,上土棚,142182,神奈川県,綾瀬市,上土棚南５丁目,2021/9/10,16,その他,その他,キーあり,なし,自動二輪（50cc超）
窃盗,オートバイ盗,大和,上土棚,142182,神奈川県,綾瀬市,上土棚中７丁目,2020/6/10,18,４階建て以上共同住宅,駐車（輪）場,キーなし,なし,原動機付自転車（50cc以下）
窃盗,オートバイ盗,大和,下鶴間,142131,神奈川県,大和市,下鶴間,2021/7/26,21,一戸建住宅,駐車（輪）場,キーなし,なし,自動二輪（50cc超）
窃盗,オートバイ盗,大和,中央林間,142131,神奈川県,大和市,中央林間５丁目,2021/12/17,18,その他の住宅（３階建て以下共同住宅等）,駐車（輪）場,キーなし,なし,原動機付自転車（50cc以下）
窃盗,オートバイ盗,大和,南林間駅前,142131,神奈川県,大和市,南林間１丁目,2021/6/25,17,その他,駐車（輪）場,キーあり,なし,原動機付自転車（50cc以下）
窃盗,オートバイ盗,大和,南林間駅前,142131,神奈川県,大和市,南林間７丁目,2021/6/23,13,その他の住宅（３階建て以下共同住宅等）,駐車（輪）場,キーなし,なし,原動機付自転車（50cc以下）
窃盗,オートバイ盗,大和,大和駅前,142131,神奈川県,大和市,上草柳１丁目,2021/3/28,9,道路上,その他,キーなし,なし,自動二輪（50cc超）
窃盗,オートバイ盗,大和,大和駅前,142131,神奈川県,大和市,中央３丁目,2020/12/20,16,４階建て以上共同住宅,駐車（輪）場,キーなし,なし,自動二輪（50cc超）
窃盗,オートバイ盗,大和,大和駅前,142131,神奈川県,大和市,大和東３丁目,2021/7/2,17,その他,駐車（輪）場,キーあり,なし,自動二輪（50cc超）
窃盗,オートバイ盗,大和,寺尾,142182,神奈川県,綾瀬市,大上４丁目,2021/4/21,3,その他,駐車（輪）場,キーあり,なし,原動機付自転車（50cc以下）
窃盗,オートバイ盗,大和,寺尾,142182,神奈川県,綾瀬市,寺尾西１丁目,2021/5/16,12,４階建て以上共同住宅,その他,キーなし,なし,自動二輪（50cc超）
窃盗,オートバイ盗,大和,寺尾,142182,神奈川県,綾瀬市,寺尾南２丁目,2021/6/23,20,一戸建住宅,駐車（輪）場,キーなし,なし,自動二輪（50cc超）
窃盗,オートバイ盗,大和,寺尾,142182,神奈川県,綾瀬市,寺尾南３丁目,2021/11/21,2,一戸建住宅,駐車（輪）場,キーあり,なし,自動二輪（50cc超）
窃盗,オートバイ盗,大和,寺尾,142182,神奈川県,綾瀬市,寺尾南３丁目,2021/11/29,14,一戸建住宅,その他,キーなし,なし,原動機付自転車（50cc以下）
窃盗,オートバイ盗,大和,寺尾,142182,神奈川県,綾瀬市,寺尾台４丁目,2021/2/22,18,一戸建住宅,駐車（輪）場,キーあり,なし,原動機付自転車（50cc以下）
窃盗,オートバイ盗,大和,寺尾,142182,神奈川県,綾瀬市,寺尾本町１丁目,2021/5/20,18,その他,駐車（輪）場,キーあり,なし,自動二輪（50cc超）
窃盗,オートバイ盗,大和,寺尾,142182,神奈川県,綾瀬市,寺尾本町２丁目,2021/8/12,0,４階建て以上共同住宅,駐車（輪）場,キーなし,なし,自動二輪（50cc超）
窃盗,オートバイ盗,大和,桜ヶ丘,142131,神奈川県,大和市,福田６丁目,2021/4/23,18,一戸建住宅,その他,キーなし,なし,原動機付自転車（50cc以下）
窃盗,オートバイ盗,大和,桜ヶ丘,142131,神奈川県,大和市,柳橋２丁目,2021/8/21,7,４階建て以上共同住宅,駐車（輪）場,キーなし,なし,自動二輪（50cc超）
窃盗,オートバイ盗,大和,桜ヶ丘,142131,神奈川県,大和市,柳橋３丁目,2021/8/12,22,４階建て以上共同住宅,駐車（輪）場,キーあり,あり,自動二輪（50cc超）
窃盗,オートバイ盗,大和,深谷,142182,神奈川県,綾瀬市,深谷上４丁目,2021/2/22,22,４階建て以上共同住宅,駐車（輪）場,キーなし,なし,自動二輪（50cc超）
窃盗,オートバイ盗,大和,深谷,142182,神奈川県,綾瀬市,深谷上６丁目,2021/8/12,23,その他の住宅（３階建て以下共同住宅等）,駐車（輪）場,キーなし,なし,原動機付自転車（50cc以下）
窃盗,オートバイ盗,大和,深谷,142182,神奈川県,綾瀬市,深谷上８丁目,2021/5/26,15,一戸建住宅,駐車（輪）場,キーなし,なし,自動二輪（50cc超）
窃盗,オートバイ盗,大和,相模大塚駅前,142131,神奈川県,大和市,桜森３丁目,2021/10/19,2,その他の住宅（３階建て以下共同住宅等）,駐車（輪）場,キーあり,なし,原動機付自転車（50cc以下）
窃盗,オートバイ盗,大和,相模大塚駅前,142182,神奈川県,綾瀬市,大上７丁目,2021/5/8,21,一戸建住宅,その他,キーなし,なし,自動二輪（50cc超）
窃盗,オートバイ盗,大和,相模大塚駅前,142182,神奈川県,綾瀬市,蓼川２丁目,2021/3/26,13,その他の住宅（３階建て以下共同住宅等）,駐車（輪）場,キーなし,なし,自動二輪（50cc超）
窃盗,オートバイ盗,大和,福田,142131,神奈川県,大和市,代官３丁目,2021/4/30,20,その他,駐車（輪）場,キーあり,なし,自動二輪（50cc超）
窃盗,オートバイ盗,大和,福田,142131,神奈川県,大和市,福田,2021/11/24,19,一戸建住宅,駐車（輪）場,キーなし,なし,原動機付自転車（50cc以下）
窃盗,オートバイ盗,大和,福田,142131,神奈川県,大和市,渋谷５丁目,2021/7/21,9,その他,駐車（輪）場,キーあり,なし,原動機付自転車（50cc以下）
窃盗,オートバイ盗,大和,福田,142131,神奈川県,大和市,渋谷６丁目,2021/7/12,19,その他,駐車（輪）場,キーあり,なし,原動機付自転車（50cc以下）
窃盗,オートバイ盗,大和,福田,142131,神奈川県,大和市,渋谷８丁目,2021/6/11,6,４階建て以上共同住宅,駐車（輪）場,キーなし,なし,原動機付自転車（50cc以下）
窃盗,オートバイ盗,大和,綾瀬地区,142182,神奈川県,綾瀬市,深谷中１丁目,2021/10/6,19,その他,駐車（輪）場,キーなし,なし,自動二輪（50cc超）
窃盗,オートバイ盗,大和,鶴間駅前,142131,神奈川県,大和市,西鶴間２丁目,2021/6/11,18,４階建て以上共同住宅,駐車（輪）場,キーなし,なし,原動機付自転車（50cc以下）
窃盗,オートバイ盗,大和,鶴間駅前,142131,神奈川県,大和市,西鶴間２丁目,2021/7/14,14,４階建て以上共同住宅,駐車（輪）場,キーなし,なし,原動機付自転車（50cc以下）
窃盗,オートバイ盗,大和,鶴間駅前,142131,神奈川県,大和市,西鶴間７丁目,2021/9/25,11,その他の住宅（３階建て以下共同住宅等）,駐車（輪）場,キーなし,あり,原動機付自転車（50cc以下）
窃盗,オートバイ盗,泉,いずみ野駅前,141160,神奈川県,横浜市泉区,上飯田町,2021/6/5,9,その他,駐車（輪）場,キーあり,なし,自動二輪（50cc超）
窃盗,オートバイ盗,泉,いちょう団地,141160,神奈川県,横浜市泉区,上飯田町,2020/12/23,23,４階建て以上共同住宅,その他,キーなし,なし,自動二輪（50cc超）
窃盗,オートバイ盗,泉,いちょう団地,141160,神奈川県,横浜市泉区,上飯田町,2021/1/12,9,４階建て以上共同住宅,その他,キーなし,なし,自動二輪（50cc超）
窃盗,オートバイ盗,泉,いちょう団地,141160,神奈川県,横浜市泉区,上飯田町,2021/3/15,10,４階建て以上共同住宅,駐車（輪）場,キーなし,なし,自動二輪（50cc超）
窃盗,オートバイ盗,泉,いちょう団地,141160,神奈川県,横浜市泉区,上飯田町,2021/4/25,20,４階建て以上共同住宅,その他,キーなし,なし,原動機付自転車（50cc以下）
窃盗,オートバイ盗,泉,いちょう団地,141160,神奈川県,横浜市泉区,上飯田町,2021/8/20,19,４階建て以上共同住宅,その他,キーなし,なし,原動機付自転車（50cc以下）
窃盗,オートバイ盗,泉,上飯田,141160,神奈川県,横浜市泉区,和泉町,2021/1/21,9,一戸建住宅,駐車（輪）場,キーあり,なし,自動二輪（50cc超）
窃盗,オートバイ盗,泉,上飯田,141160,神奈川県,横浜市泉区,上飯田町,2021/2/11,18,４階建て以上共同住宅,その他,キーあり,なし,自動二輪（50cc超）
窃盗,オートバイ盗,泉,上飯田,141160,神奈川県,横浜市泉区,上飯田町,2021/4/11,18,４階建て以上共同住宅,その他,キーなし,なし,原動機付自転車（50cc以下）
窃盗,オートバイ盗,泉,下和泉,141160,神奈川県,横浜市泉区,下飯田町,2021/9/8,7,駐車（輪）場,駐車（輪）場,キーなし,なし,原動機付自転車（50cc以下）
窃盗,オートバイ盗,泉,中田,141160,神奈川県,横浜市泉区,白百合３丁目,2021/8/2,21,一戸建住宅,その他,キーなし,なし,自動二輪（50cc超）
窃盗,オートバイ盗,泉,中田,141160,神奈川県,横浜市泉区,中田東２丁目,2020/10/4,12,その他の住宅（３階建て以下共同住宅等）,駐車（輪）場,キーなし,なし,自動二輪（50cc超）
窃盗,オートバイ盗,泉,中田,141160,神奈川県,横浜市泉区,中田東３丁目,2021/4/10,5,その他,駐車（輪）場,キーあり,なし,原動機付自転車（50cc以下）
窃盗,オートバイ盗,泉,和泉,141160,神奈川県,横浜市泉区,和泉中央北２丁目,2021/9/2,19,一戸建住宅,その他,キーなし,なし,自動二輪（50cc超）
窃盗,オートバイ盗,泉,和泉,141160,神奈川県,横浜市泉区,和泉中央北３丁目,2021/3/24,17,一戸建住宅,その他,キーなし,なし,自動二輪（50cc超）
窃盗,オートバイ盗,戸塚,上矢部,141101,神奈川県,横浜市戸塚区,上矢部町,2021/4/14,17,４階建て以上共同住宅,駐車（輪）場,キーなし,なし,自動二輪（50cc超）
窃盗,オートバイ盗,戸塚,上矢部,141101,神奈川県,横浜市戸塚区,名瀬町,2021/8/8,17,４階建て以上共同住宅,駐車（輪）場,キーなし,なし,自動二輪（50cc超）
窃盗,オートバイ盗,戸塚,下倉田,141101,神奈川県,横浜市戸塚区,下倉田町,2021/1/4,17,その他の住宅（３階建て以下共同住宅等）,駐車（輪）場,キーなし,なし,原動機付自転車（50cc以下）
窃盗,オートバイ盗,戸塚,下倉田,141101,神奈川県,横浜市戸塚区,下倉田町,2021/11/20,16,その他の住宅（３階建て以下共同住宅等）,駐車（輪）場,キーあり,なし,原動機付自転車（50cc以下）
窃盗,オートバイ盗,戸塚,原宿,141101,神奈川県,横浜市戸塚区,深谷町,2021/12/27,19,４階建て以上共同住宅,駐車（輪）場,キーなし,なし,自動二輪（50cc超）
窃盗,オートバイ盗,戸塚,原宿,141101,神奈川県,横浜市戸塚区,原宿１丁目,2021/12/11,22,その他の住宅（３階建て以下共同住宅等）,駐車（輪）場,キーなし,あり,自動二輪（50cc超）
窃盗,オートバイ盗,戸塚,原宿,141101,神奈川県,横浜市戸塚区,原宿４丁目,2021/10/1,14,その他の住宅（３階建て以下共同住宅等）,駐車（輪）場,キーなし,なし,自動二輪（50cc超）
窃盗,オートバイ盗,戸塚,原宿,141101,神奈川県,横浜市戸塚区,原宿５丁目,2021/8/16,16,４階建て以上共同住宅,駐車（輪）場,キーなし,なし,原動機付自転車（50cc以下）
窃盗,オートバイ盗,戸塚,平戸,141101,神奈川県,横浜市戸塚区,平戸３丁目,2021/9/2,17,その他の住宅（３階建て以下共同住宅等）,その他,キーあり,あり,自動二輪（50cc超）
窃盗,オートバイ盗,戸塚,戸塚駅東口,141101,神奈川県,横浜市戸塚区,吉田町,2021/5/25,20,その他,駐車（輪）場,キーあり,あり,自動二輪（50cc超）
窃盗,オートバイ盗,戸塚,戸塚駅東口,141101,神奈川県,横浜市戸塚区,吉田町,2021/5/28,14,駐車（輪）場,駐車（輪）場,キーあり,なし,原動機付自転車（50cc以下）
窃盗,オートバイ盗,戸塚,戸塚駅西口,141101,神奈川県,横浜市戸塚区,戸塚町,2020/2/1,8,駐車（輪）場,駐車（輪）場,キーなし,なし,原動機付自転車（50cc以下）
窃盗,オートバイ盗,戸塚,戸塚駅西口,141101,神奈川県,横浜市戸塚区,戸塚町,2020/2/2,14,駐車（輪）場,駐車（輪）場,キーなし,なし,原動機付自転車（50cc以下）
窃盗,オートバイ盗,戸塚,戸塚駅西口,141101,神奈川県,横浜市戸塚区,戸塚町,2021/1/14,14,その他,駐車（輪）場,キーあり,あり,自動二輪（50cc超）
窃盗,オートバイ盗,戸塚,戸塚駅西口,141101,神奈川県,横浜市戸塚区,戸塚町,2021/3/27,20,４階建て以上共同住宅,その他,キーなし,なし,原動機付自転車（50cc以下）
窃盗,オートバイ盗,戸塚,戸塚駅西口,141101,神奈川県,横浜市戸塚区,戸塚町,2021/4/3,18,駐車（輪）場,駐車（輪）場,キーあり,なし,原動機付自転車（50cc以下）
窃盗,オートバイ盗,戸塚,戸塚駅西口,141101,神奈川県,横浜市戸塚区,戸塚町,2021/4/16,17,その他,駐車（輪）場,キーあり,なし,自動二輪（50cc超）
窃盗,オートバイ盗,戸塚,戸塚駅西口,141101,神奈川県,横浜市戸塚区,戸塚町,2021/5/30,15,駐車（輪）場,駐車（輪）場,キーなし,なし,原動機付自転車（50cc以下）
窃盗,オートバイ盗,戸塚,戸塚駅西口,141101,神奈川県,横浜市戸塚区,戸塚町,2021/6/6,10,駐車（輪）場,駐車（輪）場,キーあり,なし,自動二輪（50cc超）
窃盗,オートバイ盗,戸塚,戸塚駅西口,141101,神奈川県,横浜市戸塚区,戸塚町,2021/6/22,20,その他,駐車（輪）場,キーあり,なし,原動機付自転車（50cc以下）
窃盗,オートバイ盗,戸塚,東戸塚駅前,141101,神奈川県,横浜市戸塚区,川上町,2021/8/5,18,駐車（輪）場,駐車（輪）場,キーなし,なし,自動二輪（50cc超）
窃盗,オートバイ盗,戸塚,東戸塚駅前,141101,神奈川県,横浜市戸塚区,川上町,2021/9/6,6,駐車（輪）場,駐車（輪）場,キーなし,なし,自動二輪（50cc超）
窃盗,オートバイ盗,戸塚,東戸塚駅前,141101,神奈川県,横浜市戸塚区,品濃町,2021/2/13,17,その他,駐車（輪）場,キーなし,なし,原動機付自転車（50cc以下）
窃盗,オートバイ盗,戸塚,東戸塚駅前,141101,神奈川県,横浜市戸塚区,品濃町,2021/11/12,22,４階建て以上共同住宅,駐車（輪）場,キーなし,なし,原動機付自転車（50cc以下）
窃盗,オートバイ盗,戸塚,東戸塚駅前,141101,神奈川県,横浜市戸塚区,品濃町,2021/11/20,14,その他の住宅（３階建て以下共同住宅等）,駐車（輪）場,キーなし,なし,原動機付自転車（50cc以下）
窃盗,オートバイ盗,戸塚,柏尾,141101,神奈川県,横浜市戸塚区,上柏尾町,2021/2/2,13,４階建て以上共同住宅,駐車（輪）場,キーなし,なし,自動二輪（50cc超）
窃盗,オートバイ盗,戸塚,深谷,141101,神奈川県,横浜市戸塚区,汲沢町,2021/5/31,15,４階建て以上共同住宅,駐車（輪）場,キーあり,なし,原動機付自転車（50cc以下）
窃盗,オートバイ盗,戸塚,深谷,141101,神奈川県,横浜市戸塚区,深谷町,2021/12/27,19,一戸建住宅,駐車（輪）場,キーなし,なし,自動二輪（50cc超）
窃盗,オートバイ盗,戸塚,舞岡,141101,神奈川県,横浜市戸塚区,舞岡町,2019/12/27,19,道路上,その他,キーなし,なし,原動機付自転車（50cc以下）
窃盗,オートバイ盗,戸塚,踊場,141101,神奈川県,横浜市戸塚区,戸塚町,2021/9/22,20,駐車（輪）場,駐車（輪）場,キーなし,なし,原動機付自転車（50cc以下）
窃盗,オートバイ盗,戸塚,踊場,141101,神奈川県,横浜市戸塚区,汲沢７丁目,2021/2/19,1,一戸建住宅,その他,キーなし,なし,自動二輪（50cc超）
窃盗,オートバイ盗,戸塚,踊場,141101,神奈川県,横浜市戸塚区,汲沢７丁目,2021/8/3,20,道路上,その他,キーなし,なし,自動二輪（50cc超）
窃盗,オートバイ盗,旭,ひかりが丘,141127,神奈川県,横浜市旭区,上白根町,2021/2/15,9,４階建て以上共同住宅,駐車（輪）場,キーなし,なし,原動機付自転車（50cc以下）
窃盗,オートバイ盗,旭,ひかりが丘,141127,神奈川県,横浜市旭区,上白根町,2021/2/20,11,４階建て以上共同住宅,駐車（輪）場,キーなし,なし,原動機付自転車（50cc以下）
窃盗,オートバイ盗,旭,ひかりが丘,141127,神奈川県,横浜市旭区,上白根町,2021/3/28,22,４階建て以上共同住宅,その他,キーなし,なし,原動機付自転車（50cc以下）
窃盗,オートバイ盗,旭,ひかりが丘,141127,神奈川県,横浜市旭区,上白根町,2021/5/21,17,４階建て以上共同住宅,駐車（輪）場,キーなし,あり,自動二輪（50cc超）
窃盗,オートバイ盗,旭,ひかりが丘,141127,神奈川県,横浜市旭区,上白根町,2021/12/17,16,４階建て以上共同住宅,駐車（輪）場,キーなし,なし,自動二輪（50cc超）
窃盗,オートバイ盗,旭,ひかりが丘,141127,神奈川県,横浜市旭区,上白根３丁目,2021/10/16,17,その他,その他,キーなし,なし,自動二輪（50cc超）
窃盗,オートバイ盗,旭,ひかりが丘,141127,神奈川県,横浜市旭区,上白根３丁目,2021/10/27,12,一戸建住宅,駐車（輪）場,キーあり,なし,原動機付自転車（50cc以下）
窃盗,オートバイ盗,旭,万騎が原,141127,神奈川県,横浜市旭区,柏町,2021/2/20,17,４階建て以上共同住宅,その他,キーなし,なし,原動機付自転車（50cc以下）
窃盗,オートバイ盗,旭,二俣川,141127,神奈川県,横浜市旭区,さちが丘,2021/10/26,6,駐車（輪）場,駐車（輪）場,キーあり,なし,原動機付自転車（50cc以下）
窃盗,オートバイ盗,旭,今宿,141127,神奈川県,横浜市旭区,今宿東町,2021/1/9,12,道路上,その他,キーなし,なし,自動二輪（50cc超）
窃盗,オートバイ盗,旭,今宿,141127,神奈川県,横浜市旭区,今宿東町,2021/3/3,0,道路上,その他,キーあり,なし,原動機付自転車（50cc以下）
窃盗,オートバイ盗,旭,今宿,141127,神奈川県,横浜市旭区,今宿東町,2021/5/15,17,４階建て以上共同住宅,駐車（輪）場,キーなし,なし,自動二輪（50cc超）
窃盗,オートバイ盗,旭,今宿,141127,神奈川県,横浜市旭区,今宿東町,2021/12/10,15,その他,駐車（輪）場,キーあり,なし,原動機付自転車（50cc以下）
窃盗,オートバイ盗,旭,今宿,141127,神奈川県,横浜市旭区,今宿東町,2021/12/11,20,４階建て以上共同住宅,駐車（輪）場,キーなし,なし,原動機付自転車（50cc以下）
窃盗,オートバイ盗,旭,今宿,141127,神奈川県,横浜市旭区,今宿東町,2021/12/29,14,一戸建住宅,その他,キーあり,なし,自動二輪（50cc超）
窃盗,オートバイ盗,旭,今宿,141127,神奈川県,横浜市旭区,今宿南町,2020/12/31,12,その他の住宅（３階建て以下共同住宅等）,その他,キーなし,あり,原動機付自転車（50cc以下）
窃盗,オートバイ盗,旭,南希望が丘,141127,神奈川県,横浜市旭区,南本宿町,2021/9/17,15,一戸建住宅,駐車（輪）場,キーなし,あり,自動二輪（50cc超）
窃盗,オートバイ盗,旭,左近山,141127,神奈川県,横浜市旭区,左近山,2021/5/15,12,４階建て以上共同住宅,駐車（輪）場,キーなし,なし,自動二輪（50cc超）
窃盗,オートバイ盗,旭,左近山,141127,神奈川県,横浜市旭区,左近山,2021/8/19,18,４階建て以上共同住宅,駐車（輪）場,キーなし,なし,自動二輪（50cc超）
窃盗,オートバイ盗,旭,左近山,141127,神奈川県,横浜市旭区,左近山,2021/9/14,17,４階建て以上共同住宅,その他,キーなし,なし,自動二輪（50cc超）
窃盗,オートバイ盗,旭,市沢,141127,神奈川県,横浜市旭区,市沢町,2021/2/6,1,その他,その他,キーあり,なし,原動機付自転車（50cc以下）
窃盗,オートバイ盗,旭,市沢,141127,神奈川県,横浜市旭区,市沢町,2021/5/9,21,その他の住宅（３階建て以下共同住宅等）,駐車（輪）場,キーなし,なし,自動二輪（50cc超）
窃盗,オートバイ盗,旭,市沢,141127,神奈川県,横浜市旭区,市沢町,2021/8/30,22,４階建て以上共同住宅,駐車（輪）場,キーなし,なし,自動二輪（50cc超）
窃盗,オートバイ盗,旭,市沢,141127,神奈川県,横浜市旭区,市沢町,2021/9/16,20,４階建て以上共同住宅,駐車（輪）場,キーなし,なし,自動二輪（50cc超）
窃盗,オートバイ盗,旭,若葉台,141127,神奈川県,横浜市旭区,若葉台３丁目,2021/10/1,7,駐車（輪）場,駐車（輪）場,キーあり,あり,原動機付自転車（50cc以下）
窃盗,オートバイ盗,旭,鶴ケ峰,141127,神奈川県,横浜市旭区,川島町,2021/6/10,21,道路上,その他,キーなし,なし,自動二輪（50cc超）
窃盗,オートバイ盗,旭,鶴ケ峰,141127,神奈川県,横浜市旭区,鶴ケ峰２丁目,2021/12/27,15,その他,駐車（輪）場,キーあり,なし,自動二輪（50cc超）
窃盗,オートバイ盗,旭,鶴ケ峰,141127,神奈川県,横浜市旭区,鶴ケ峰本町１丁目,2017/11/26,14,その他の住宅（３階建て以下共同住宅等）,駐車（輪）場,キーなし,なし,原動機付自転車（50cc以下）
窃盗,オートバイ盗,加賀町,元町,141046,神奈川県,横浜市中区,元町２丁目,2021/8/17,16,道路上,その他,キーあり,なし,自動二輪（50cc超）
窃盗,オートバイ盗,加賀町,元町,141046,神奈川県,横浜市中区,山下町,2021/11/15,15,道路上,その他,キーあり,あり,原動機付自転車（50cc以下）
窃盗,オートバイ盗,加賀町,山下町,141046,神奈川県,横浜市中区,山下町,2021/8/25,19,駐車（輪）場,駐車（輪）場,キーなし,なし,原動機付自転車（50cc以下）
窃盗,オートバイ盗,加賀町,山下町,141046,神奈川県,横浜市中区,山下町,2021/11/24,14,道路上,その他,キーあり,なし,自動二輪（50cc超）
窃盗,オートバイ盗,加賀町,本町,141046,神奈川県,横浜市中区,海岸通５丁目,2021/3/15,19,駐車（輪）場,駐車（輪）場,キーなし,あり,自動二輪（50cc超）
窃盗,オートバイ盗,山手,本牧ふ頭,141046,神奈川県,横浜市中区,錦町,2020/12/15,12,４階建て以上共同住宅,駐車（輪）場,キーなし,なし,原動機付自転車（50cc以下）
窃盗,オートバイ盗,山手,本牧ふ頭,141046,神奈川県,横浜市中区,錦町,2021/11/20,19,４階建て以上共同住宅,駐車（輪）場,キーなし,なし,自動二輪（50cc超）
窃盗,オートバイ盗,山手,本牧ふ頭,141046,神奈川県,横浜市中区,錦町,2021/11/22,18,４階建て以上共同住宅,駐車（輪）場,キーなし,なし,自動二輪（50cc超）
窃盗,オートバイ盗,山手,本牧三之谷,141046,神奈川県,横浜市中区,本牧三之谷,2021/9/18,8,一戸建住宅,その他,キーなし,あり,自動二輪（50cc超）
窃盗,オートバイ盗,山手,本牧三之谷,141046,神奈川県,横浜市中区,本牧三之谷,2021/9/18,20,駐車（輪）場,駐車（輪）場,キーなし,あり,自動二輪（50cc超）
窃盗,オートバイ盗,山手,本牧三之谷,141046,神奈川県,横浜市中区,本牧元町,2021/9/4,18,一戸建住宅,駐車（輪）場,キーなし,なし,自動二輪（50cc超）
窃盗,オートバイ盗,山手,本牧三之谷,141046,神奈川県,横浜市中区,本牧元町,2021/11/13,20,一戸建住宅,その他,キーなし,なし,自動二輪（50cc超）
窃盗,オートバイ盗,山手,本牧三之谷,141046,神奈川県,横浜市中区,本牧原,2021/7/30,18,４階建て以上共同住宅,駐車（輪）場,キーなし,なし,自動二輪（50cc超）
窃盗,オートバイ盗,山手,本牧三之谷,141046,神奈川県,横浜市中区,本牧原,2021/8/8,21,その他,その他,キーあり,なし,原動機付自転車（50cc以下）
窃盗,オートバイ盗,山手,本牧三之谷,141046,神奈川県,横浜市中区,本牧原,2021/9/4,18,一戸建住宅,駐車（輪）場,キーなし,なし,自動二輪（50cc超）
窃盗,オートバイ盗,山手,本牧三之谷,141046,神奈川県,横浜市中区,本牧原,2021/11/13,20,一戸建住宅,その他,キーなし,なし,自動二輪（50cc超）
窃盗,オートバイ盗,山手,根岸,141046,神奈川県,横浜市中区,根岸町２丁目,2020/12/31,12,一戸建住宅,駐車（輪）場,キーなし,なし,自動二輪（50cc超）
窃盗,オートバイ盗,山手,見晴通,141046,神奈川県,横浜市中区,本牧町２丁目,2021/9/16,22,一戸建住宅,その他,キーあり,なし,自動二輪（50cc超）
窃盗,オートバイ盗,磯子,丸山,141071,神奈川県,横浜市磯子区,滝頭１丁目,2021/4/16,20,一戸建住宅,駐車（輪）場,キーなし,なし,自動二輪（50cc超）
窃盗,オートバイ盗,磯子,丸山,141071,神奈川県,横浜市磯子区,丸山１丁目,2021/6/25,20,一戸建住宅,その他,キーなし,なし,自動二輪（50cc超）
窃盗,オートバイ盗,磯子,根岸駅前,141071,神奈川県,横浜市磯子区,西町,2021/4/25,5,その他,その他,キーなし,なし,原動機付自転車（50cc以下）
窃盗,オートバイ盗,磯子,洋光台,141071,神奈川県,横浜市磯子区,洋光台２丁目,2020/12/10,7,４階建て以上共同住宅,駐車（輪）場,キーなし,なし,自動二輪（50cc超）
窃盗,オートバイ盗,磯子,洋光台,141071,神奈川県,横浜市磯子区,洋光台５丁目,2021/9/26,0,４階建て以上共同住宅,駐車（輪）場,キーなし,なし,自動二輪（50cc超）
窃盗,オートバイ盗,金沢,並木,141089,神奈川県,横浜市金沢区,並木１丁目,2021/8/31,19,４階建て以上共同住宅,駐車（輪）場,キーなし,なし,自動二輪（50cc超）
窃盗,オートバイ盗,金沢,富岡,141089,神奈川県,横浜市金沢区,富岡東３丁目,2021/6/30,18,その他の住宅（３階建て以下共同住宅等）,駐車（輪）場,キーなし,なし,原動機付自転車（50cc以下）
窃盗,オートバイ盗,金沢,柴町,141089,神奈川県,横浜市金沢区,柴町,2021/9/14,13,４階建て以上共同住宅,駐車（輪）場,キーなし,なし,自動二輪（50cc超）
窃盗,オートバイ盗,金沢,洲崎,141089,神奈川県,横浜市金沢区,平潟町,2021/5/4,5,駐車（輪）場,駐車（輪）場,キーあり,なし,原動機付自転車（50cc以下）
窃盗,オートバイ盗,金沢,洲崎,141089,神奈川県,横浜市金沢区,海の公園,2021/4/5,10,その他,駐車（輪）場,キーなし,なし,原動機付自転車（50cc以下）
窃盗,オートバイ盗,金沢,能見台駅前,141089,神奈川県,横浜市金沢区,堀口,2021/10/15,13,駐車（輪）場,駐車（輪）場,キーあり,なし,原動機付自転車（50cc以下）
窃盗,オートバイ盗,金沢,金沢文庫駅前,141089,神奈川県,横浜市金沢区,釜利谷東２丁目,2021/4/1,21,その他,駐車（輪）場,キーあり,なし,自動二輪（50cc超）
窃盗,オートバイ盗,金沢,金沢文庫駅前,141089,神奈川県,横浜市金沢区,釜利谷東２丁目,2021/8/5,7,駐車（輪）場,駐車（輪）場,キーあり,なし,原動機付自転車（50cc以下）
窃盗,オートバイ盗,金沢,金沢文庫駅前,141089,神奈川県,横浜市金沢区,釜利谷東２丁目,2021/9/21,11,駐車（輪）場,駐車（輪）場,キーあり,なし,原動機付自転車（50cc以下）
窃盗,オートバイ盗,金沢,金沢文庫駅前,141089,神奈川県,横浜市金沢区,釜利谷東２丁目,2021/9/22,9,駐車（輪）場,駐車（輪）場,キーあり,なし,原動機付自転車（50cc以下）
窃盗,オートバイ盗,金沢,釜利谷,141089,神奈川県,横浜市金沢区,釜利谷東７丁目,2021/5/26,19,その他の住宅（３階建て以下共同住宅等）,駐車（輪）場,キーなし,なし,自動二輪（50cc超）
窃盗,オートバイ盗,伊勢佐木,伊勢佐木町,141046,神奈川県,横浜市中区,伊勢佐木町３丁目,2021/1/29,15,道路上,その他,キーあり,なし,自動二輪（50cc超）
窃盗,オートバイ盗,伊勢佐木,伊勢佐木町,141046,神奈川県,横浜市中区,長者町８丁目,2021/11/21,11,駐車（輪）場,駐車（輪）場,キーあり,なし,原動機付自転車（50cc以下）
窃盗,オートバイ盗,伊勢佐木,吉田橋,141046,神奈川県,横浜市中区,長者町９丁目,2021/2/6,16,その他,駐車（輪）場,キーあり,なし,原動機付自転車（50cc以下）
窃盗,オートバイ盗,伊勢佐木,吉田橋,141046,神奈川県,横浜市中区,福富町西通,2021/8/6,3,道路上,その他,キーあり,なし,原動機付自転車（50cc以下）
窃盗,オートバイ盗,伊勢佐木,寿町,141046,神奈川県,横浜市中区,石川町５丁目,2021/8/8,11,駐車（輪）場,駐車（輪）場,キーなし,なし,原動機付自転車（50cc以下）
窃盗,オートバイ盗,伊勢佐木,寿町,141046,神奈川県,横浜市中区,吉浜町,2021/1/12,9,駐車（輪）場,駐車（輪）場,キーあり,なし,自動二輪（50cc超）
窃盗,オートバイ盗,伊勢佐木,寿町,141046,神奈川県,横浜市中区,吉浜町,2021/11/30,14,道路上,その他,キーあり,なし,自動二輪（50cc超）
窃盗,オートバイ盗,伊勢佐木,桜木町駅前,141046,神奈川県,横浜市中区,桜木町１丁目,2021/4/19,15,道路上,その他,キーあり,なし,自動二輪（50cc超）
窃盗,オートバイ盗,伊勢佐木,長者町,141046,神奈川県,横浜市中区,長者町４丁目,2021/9/27,14,駐車（輪）場,駐車（輪）場,キーなし,なし,原動機付自転車（50cc以下）
窃盗,オートバイ盗,伊勢佐木,長者町,141046,神奈川県,横浜市中区,不老町３丁目,2021/3/3,16,４階建て以上共同住宅,駐車（輪）場,キーなし,なし,自動二輪（50cc超）
窃盗,オートバイ盗,伊勢佐木,長者町,141046,神奈川県,横浜市中区,不老町３丁目,2021/6/5,13,４階建て以上共同住宅,駐車（輪）場,キーあり,なし,自動二輪（50cc超）
窃盗,オートバイ盗,戸部,一本松,141038,神奈川県,横浜市西区,境之谷,2021/5/4,19,一戸建住宅,駐車（輪）場,キーなし,なし,自動二輪（50cc超）
窃盗,オートバイ盗,戸部,岡野,141038,神奈川県,横浜市西区,岡野１丁目,2021/5/3,22,道路上,その他,キーなし,なし,自動二輪（50cc超）
窃盗,オートバイ盗,戸部,横浜駅相鉄口,141038,神奈川県,横浜市西区,北幸１丁目,2021/7/1,11,駐車（輪）場,駐車（輪）場,キーなし,なし,自動二輪（50cc超）
窃盗,オートバイ盗,戸部,横浜駅相鉄口,141038,神奈川県,横浜市西区,北幸２丁目,2021/4/11,0,駐車（輪）場,駐車（輪）場,キーあり,なし,自動二輪（50cc超）
窃盗,オートバイ盗,戸部,横浜駅相鉄口,141038,神奈川県,横浜市西区,北幸２丁目,2021/4/18,10,駐車（輪）場,駐車（輪）場,キーあり,なし,原動機付自転車（50cc以下）
窃盗,オートバイ盗,戸部,横浜駅相鉄口,141038,神奈川県,横浜市西区,北幸２丁目,2021/6/11,12,駐車（輪）場,駐車（輪）場,キーあり,あり,原動機付自転車（50cc以下）
窃盗,オートバイ盗,戸部,横浜駅相鉄口,141038,神奈川県,横浜市西区,南幸２丁目,2021/4/20,17,駐車（輪）場,駐車（輪）場,キーあり,なし,自動二輪（50cc超）
窃盗,オートバイ盗,戸部,横浜駅相鉄口,141038,神奈川県,横浜市西区,南幸２丁目,2021/5/13,10,駐車（輪）場,駐車（輪）場,キーなし,なし,自動二輪（50cc超）
窃盗,オートバイ盗,戸部,横浜駅相鉄口,141038,神奈川県,横浜市西区,南幸２丁目,2021/5/13,13,駐車（輪）場,駐車（輪）場,キーなし,なし,原動機付自転車（50cc以下）
窃盗,オートバイ盗,戸部,浅間町,141038,神奈川県,横浜市西区,浅間町３丁目,2021/6/23,13,４階建て以上共同住宅,駐車（輪）場,キーなし,なし,自動二輪（50cc超）
窃盗,オートバイ盗,戸部,藤棚町,141038,神奈川県,横浜市西区,東久保町,2021/3/8,20,一戸建住宅,その他,キーなし,なし,自動二輪（50cc超）
窃盗,オートバイ盗,戸部,野毛山公園,141038,神奈川県,横浜市西区,西戸部町１丁目,2021/6/20,1,道路上,その他,キーなし,あり,自動二輪（50cc超）
窃盗,オートバイ盗,神奈川,ポートサイド,141020,神奈川県,横浜市神奈川区,青木町,2021/4/16,18,４階建て以上共同住宅,駐車（輪）場,キーなし,なし,自動二輪（50cc超）
窃盗,オートバイ盗,神奈川,ポートサイド,141020,神奈川県,横浜市神奈川区,栄町,2018/5/1,20,４階建て以上共同住宅,その他,キーなし,なし,原動機付自転車（50cc以下）
窃盗,オートバイ盗,神奈川,三ツ沢,141020,神奈川県,横浜市神奈川区,三ツ沢中町,2021/1/23,12,その他の住宅（３階建て以下共同住宅等）,駐車（輪）場,キーなし,なし,自動二輪（50cc超）
窃盗,オートバイ盗,神奈川,六角橋,141020,神奈川県,横浜市神奈川区,斎藤分町,2021/6/21,17,その他の住宅（３階建て以下共同住宅等）,駐車（輪）場,キーなし,なし,原動機付自転車（50cc以下）
窃盗,オートバイ盗,神奈川,六角橋,141020,神奈川県,横浜市神奈川区,六角橋５丁目,2021/4/18,22,その他の住宅（３階建て以下共同住宅等）,駐車（輪）場,キーなし,なし,原動機付自転車（50cc以下）
窃盗,オートバイ盗,神奈川,六角橋,141020,神奈川県,横浜市神奈川区,六角橋６丁目,2021/7/19,13,４階建て以上共同住宅,駐車（輪）場,キーなし,なし,原動機付自転車（50cc以下）
窃盗,オートバイ盗,神奈川,反町,141020,神奈川県,横浜市神奈川区,反町１丁目,2021/1/17,21,道路上,その他,キーあり,なし,原動機付自転車（50cc以下）
窃盗,オートバイ盗,神奈川,大口駅前,141020,神奈川県,横浜市神奈川区,大口通,2021/10/20,13,４階建て以上共同住宅,その他,キーなし,なし,原動機付自転車（50cc以下）
窃盗,オートバイ盗,神奈川,大口駅前,141020,神奈川県,横浜市神奈川区,松見町１丁目,2021/10/15,21,４階建て以上共同住宅,その他,キーなし,なし,自動二輪（50cc超）
窃盗,オートバイ盗,神奈川,大口駅前,141020,神奈川県,横浜市神奈川区,松見町１丁目,2021/10/31,16,その他の住宅（３階建て以下共同住宅等）,駐車（輪）場,キーなし,なし,原動機付自転車（50cc以下）
窃盗,オートバイ盗,神奈川,浦島丘,141020,神奈川県,横浜市神奈川区,七島町,2021/9/6,15,４階建て以上共同住宅,その他,キーあり,なし,原動機付自転車（50cc以下）
窃盗,オートバイ盗,神奈川,神之木,141020,神奈川県,横浜市神奈川区,神之木町,2021/11/8,18,４階建て以上共同住宅,駐車（輪）場,キーなし,なし,自動二輪（50cc超）
窃盗,オートバイ盗,神奈川,神之木,141020,神奈川県,横浜市神奈川区,西寺尾３丁目,2020/12/1,21,４階建て以上共同住宅,駐車（輪）場,キーなし,なし,自動二輪（50cc超）
窃盗,オートバイ盗,神奈川,神之木,141020,神奈川県,横浜市神奈川区,西寺尾４丁目,2021/5/3,15,道路上,その他,キーあり,なし,自動二輪（50cc超）
窃盗,オートバイ盗,神奈川,神之木,141020,神奈川県,横浜市神奈川区,西寺尾４丁目,2021/5/3,21,一戸建住宅,駐車（輪）場,キーなし,なし,自動二輪（50cc超）
窃盗,オートバイ盗,神奈川,神之木,141020,神奈川県,横浜市神奈川区,松見町３丁目,2021/5/21,20,その他の住宅（３階建て以下共同住宅等）,駐車（輪）場,キーあり,なし,自動二輪（50cc超）
窃盗,オートバイ盗,神奈川,神大寺,141020,神奈川県,横浜市神奈川区,片倉２丁目,2021/5/26,20,一戸建住宅,駐車（輪）場,キーなし,なし,原動機付自転車（50cc以下）
窃盗,オートバイ盗,神奈川,神大寺,141020,神奈川県,横浜市神奈川区,神大寺１丁目,2021/7/24,12,一戸建住宅,駐車（輪）場,キーなし,なし,自動二輪（50cc超）
窃盗,オートバイ盗,神奈川,神大寺,141020,神奈川県,横浜市神奈川区,神大寺４丁目,2021/8/14,22,駐車（輪）場,駐車（輪）場,キーあり,なし,原動機付自転車（50cc以下）
窃盗,オートバイ盗,神奈川,羽沢,141020,神奈川県,横浜市神奈川区,羽沢町,2021/3/20,16,その他の住宅（３階建て以下共同住宅等）,その他,キーなし,あり,自動二輪（50cc超）
窃盗,オートバイ盗,神奈川,菅田,141020,神奈川県,横浜市神奈川区,菅田町,2021/6/20,22,その他の住宅（３階建て以下共同住宅等）,駐車（輪）場,キーなし,なし,自動二輪（50cc超）
窃盗,オートバイ盗,神奈川,菅田,141020,神奈川県,横浜市神奈川区,菅田町,2021/8/1,13,４階建て以上共同住宅,駐車（輪）場,キーなし,なし,原動機付自転車（50cc以下）
窃盗,オートバイ盗,神奈川,菅田,141020,神奈川県,横浜市神奈川区,菅田町,2021/8/26,23,一戸建住宅,駐車（輪）場,キーなし,なし,自動二輪（50cc超）
窃盗,オートバイ盗,神奈川,西神奈川,141020,神奈川県,横浜市神奈川区,富家町,2021/1/5,21,その他,駐車（輪）場,キーあり,なし,自動二輪（50cc超）
窃盗,オートバイ盗,神奈川,西神奈川,141020,神奈川県,横浜市神奈川区,富家町,2021/5/6,16,その他,駐車（輪）場,キーあり,なし,原動機付自転車（50cc以下）
窃盗,オートバイ盗,鶴見,上末吉,141011,神奈川県,横浜市鶴見区,上末吉１丁目,2021/4/5,17,一戸建住宅,その他,キーなし,なし,原動機付自転車（50cc以下）
窃盗,オートバイ盗,鶴見,上末吉,141011,神奈川県,横浜市鶴見区,上末吉４丁目,2021/9/17,20,一戸建住宅,その他,キーなし,なし,自動二輪（50cc超）
窃盗,オートバイ盗,鶴見,上末吉,141011,神奈川県,横浜市鶴見区,上末吉５丁目,2021/8/8,23,道路上,その他,キーなし,なし,自動二輪（50cc超）
窃盗,オートバイ盗,鶴見,上末吉,141011,神奈川県,横浜市鶴見区,上末吉５丁目,2021/10/5,18,一戸建住宅,その他,キーなし,なし,自動二輪（50cc超）
窃盗,オートバイ盗,鶴見,別所,141011,神奈川県,横浜市鶴見区,北寺尾１丁目,2021/9/18,22,一戸建住宅,駐車（輪）場,キーなし,なし,自動二輪（50cc超）
窃盗,オートバイ盗,鶴見,別所,141011,神奈川県,横浜市鶴見区,北寺尾６丁目,2021/11/17,8,一戸建住宅,その他,キーあり,なし,自動二輪（50cc超）
窃盗,オートバイ盗,鶴見,別所,141011,神奈川県,横浜市鶴見区,獅子ケ谷１丁目,2021/7/10,21,道路上,その他,キーなし,あり,原動機付自転車（50cc以下）
窃盗,オートバイ盗,鶴見,向谷,141011,神奈川県,横浜市鶴見区,馬場３丁目,2021/8/3,18,その他の住宅（３階建て以下共同住宅等）,その他,キーなし,なし,原動機付自転車（50cc以下）
窃盗,オートバイ盗,鶴見,向谷,141011,神奈川県,横浜市鶴見区,東寺尾３丁目,2021/9/19,7,その他の住宅（３階建て以下共同住宅等）,その他,キーなし,なし,自動二輪（50cc超）
窃盗,オートバイ盗,鶴見,岸谷,141011,神奈川県,横浜市鶴見区,東寺尾４丁目,2021/5/15,3,駐車（輪）場,駐車（輪）場,キーなし,なし,自動二輪（50cc超）
窃盗,オートバイ盗,鶴見,市場,141011,神奈川県,横浜市鶴見区,市場東中町,2021/2/13,16,駐車（輪）場,駐車（輪）場,キーなし,なし,原動機付自転車（50cc以下）
窃盗,オートバイ盗,鶴見,市場,141011,神奈川県,横浜市鶴見区,平安町１丁目,2021/12/29,10,道路上,その他,キーなし,なし,自動二輪（50cc超）
窃盗,オートバイ盗,鶴見,末吉,141011,神奈川県,横浜市鶴見区,下末吉４丁目,2021/11/9,6,道路上,その他,キーなし,なし,自動二輪（50cc超）
窃盗,オートバイ盗,鶴見,末吉,141011,神奈川県,横浜市鶴見区,下末吉５丁目,2021/1/26,11,４階建て以上共同住宅,駐車（輪）場,キーなし,なし,原動機付自転車（50cc以下）
窃盗,オートバイ盗,鶴見,末吉,141011,神奈川県,横浜市鶴見区,下末吉６丁目,2021/11/8,21,４階建て以上共同住宅,駐車（輪）場,キーなし,なし,自動二輪（50cc超）
窃盗,オートバイ盗,鶴見,本町通,141011,神奈川県,横浜市鶴見区,寛政町,2021/1/3,17,４階建て以上共同住宅,駐車（輪）場,キーなし,なし,原動機付自転車（50cc以下）
窃盗,オートバイ盗,鶴見,東寺尾,141011,神奈川県,横浜市鶴見区,馬場６丁目,2021/1/15,15,一戸建住宅,その他,キーなし,あり,自動二輪（50cc超）
窃盗,オートバイ盗,鶴見,東寺尾,141011,神奈川県,横浜市鶴見区,馬場６丁目,2021/1/15,18,一戸建住宅,駐車（輪）場,キーなし,なし,自動二輪（50cc超）
窃盗,オートバイ盗,鶴見,東寺尾,141011,神奈川県,横浜市鶴見区,東寺尾中台,2021/5/17,9,その他の住宅（３階建て以下共同住宅等）,その他,キーなし,なし,原動機付自転車（50cc以下）
窃盗,オートバイ盗,鶴見,東寺尾,141011,神奈川県,横浜市鶴見区,東寺尾中台,2021/5/25,22,４階建て以上共同住宅,駐車（輪）場,キーなし,なし,原動機付自転車（50cc以下）
窃盗,オートバイ盗,鶴見,生麦,141011,神奈川県,横浜市鶴見区,鶴見中央５丁目,2021/7/31,9,道路上,その他,キーなし,なし,自動二輪（50cc超）
窃盗,オートバイ盗,鶴見,矢向駅前,141011,神奈川県,横浜市鶴見区,矢向５丁目,2021/4/13,9,駐車（輪）場,駐車（輪）場,キーあり,なし,原動機付自転車（50cc以下）
窃盗,オートバイ盗,鶴見,鶴見駅前,141011,神奈川県,横浜市鶴見区,鶴見中央３丁目,2021/2/28,15,４階建て以上共同住宅,駐車（輪）場,キーなし,なし,自動二輪（50cc超）
窃盗,オートバイ盗,鶴見,鶴見駅前,141011,神奈川県,横浜市鶴見区,鶴見中央４丁目,2021/5/28,11,その他,その他,キーあり,なし,自動二輪（50cc超）
窃盗,オートバイ盗,鶴見,鶴見駅西口,141011,神奈川県,横浜市鶴見区,寺谷１丁目,2021/5/8,6,その他の住宅（３階建て以下共同住宅等）,その他,キーなし,なし,自動二輪（50cc超）
窃盗,オートバイ盗,保土ケ谷,上菅田町,141062,神奈川県,横浜市保土ケ谷区,新井町,2021/10/2,17,道路上,その他,キーなし,なし,原動機付自転車（50cc以下）
窃盗,オートバイ盗,保土ケ谷,上菅田町,141062,神奈川県,横浜市保土ケ谷区,新井町,2021/11/5,17,４階建て以上共同住宅,駐車（輪）場,キーあり,なし,原動機付自転車（50cc以下）
窃盗,オートバイ盗,保土ケ谷,上菅田町,141062,神奈川県,横浜市保土ケ谷区,上菅田町,2021/5/8,22,道路上,その他,キーあり,なし,自動二輪（50cc超）
窃盗,オートバイ盗,保土ケ谷,上菅田町,141062,神奈川県,横浜市保土ケ谷区,上菅田町,2021/9/11,19,その他,駐車（輪）場,キーあり,なし,自動二輪（50cc超）
窃盗,オートバイ盗,保土ケ谷,両郡橋,141062,神奈川県,横浜市保土ケ谷区,川島町,2021/6/23,19,４階建て以上共同住宅,駐車（輪）場,キーなし,なし,原動機付自転車（50cc以下）
窃盗,オートバイ盗,保土ケ谷,両郡橋,141062,神奈川県,横浜市保土ケ谷区,仏向町,2021/7/21,18,４階建て以上共同住宅,駐車（輪）場,キーなし,なし,自動二輪（50cc超）
窃盗,オートバイ盗,保土ケ谷,両郡橋,141062,神奈川県,横浜市保土ケ谷区,仏向町,2021/12/13,20,道路上,その他,キーなし,なし,原動機付自転車（50cc以下）
窃盗,オートバイ盗,保土ケ谷,両郡橋,141062,神奈川県,横浜市保土ケ谷区,仏向町,2021/12/15,8,道路上,その他,キーなし,なし,自動二輪（50cc超）
窃盗,オートバイ盗,保土ケ谷,両郡橋,141062,神奈川県,横浜市保土ケ谷区,上星川２丁目,2021/6/30,10,その他の住宅（３階建て以下共同住宅等）,その他,キーなし,なし,自動二輪（50cc超）
窃盗,オートバイ盗,保土ケ谷,両郡橋,141062,神奈川県,横浜市保土ケ谷区,上星川３丁目,2021/9/15,23,一戸建住宅,その他,キーあり,なし,原動機付自転車（50cc以下）
窃盗,オートバイ盗,保土ケ谷,両郡橋,141062,神奈川県,横浜市保土ケ谷区,上星川３丁目,2021/9/21,6,一戸建住宅,その他,キーなし,なし,原動機付自転車（50cc以下）
窃盗,オートバイ盗,保土ケ谷,両郡橋,141062,神奈川県,横浜市保土ケ谷区,仏向西,2021/1/26,19,道路上,その他,キーなし,なし,原動機付自転車（50cc以下）
窃盗,オートバイ盗,保土ケ谷,保土ケ谷橋,141062,神奈川県,横浜市保土ケ谷区,瀬戸ケ谷町,2021/7/10,17,道路上,その他,キーなし,なし,原動機付自転車（50cc以下）
窃盗,オートバイ盗,保土ケ谷,元町橋,141062,神奈川県,横浜市保土ケ谷区,権太坂１丁目,2021/9/16,21,４階建て以上共同住宅,駐車（輪）場,キーなし,あり,自動二輪（50cc超）
窃盗,オートバイ盗,保土ケ谷,元町橋,141062,神奈川県,横浜市保土ケ谷区,法泉３丁目,2021/6/6,2,一戸建住宅,その他,キーなし,なし,自動二輪（50cc超）
窃盗,オートバイ盗,保土ケ谷,和田町,141062,神奈川県,横浜市保土ケ谷区,釜台町,2021/4/19,19,駐車（輪）場,駐車（輪）場,キーなし,なし,自動二輪（50cc超）
窃盗,オートバイ盗,保土ケ谷,和田町,141062,神奈川県,横浜市保土ケ谷区,和田１丁目,2021/9/7,21,道路上,その他,キーあり,なし,原動機付自転車（50cc以下）
窃盗,オートバイ盗,保土ケ谷,和田町,141062,神奈川県,横浜市保土ケ谷区,和田２丁目,2021/6/5,17,その他の住宅（３階建て以下共同住宅等）,駐車（輪）場,キーあり,なし,原動機付自転車（50cc以下）
窃盗,オートバイ盗,保土ケ谷,宮田町,141062,神奈川県,横浜市保土ケ谷区,峰岡町２丁目,2021/7/14,19,道路上,その他,キーなし,なし,原動機付自転車（50cc以下）
窃盗,オートバイ盗,保土ケ谷,宮田町,141062,神奈川県,横浜市保土ケ谷区,峰岡町２丁目,2021/9/15,22,道路上,その他,キーなし,なし,原動機付自転車（50cc以下）
窃盗,オートバイ盗,保土ケ谷,宮田町,141062,神奈川県,横浜市保土ケ谷区,宮田町２丁目,2021/9/9,20,道路上,その他,キーなし,なし,原動機付自転車（50cc以下）
窃盗,オートバイ盗,保土ケ谷,岡沢町,141062,神奈川県,横浜市保土ケ谷区,岡沢町,2021/1/7,18,その他の住宅（３階建て以下共同住宅等）,その他,キーなし,なし,自動二輪（50cc超）
窃盗,オートバイ盗,保土ケ谷,岡沢町,141062,神奈川県,横浜市保土ケ谷区,鎌谷町,不明,不明,一戸建住宅,駐車（輪）場,キーなし,なし,自動二輪（50cc超）
窃盗,オートバイ盗,保土ケ谷,岡沢町,141062,神奈川県,横浜市保土ケ谷区,鎌谷町,不明,不明,一戸建住宅,駐車（輪）場,キーなし,なし,自動二輪（50cc超）
窃盗,オートバイ盗,保土ケ谷,岡沢町,141062,神奈川県,横浜市保土ケ谷区,常盤台,2021/3/25,11,その他,駐車（輪）場,キーなし,なし,原動機付自転車（50cc以下）
窃盗,オートバイ盗,保土ケ谷,岡沢町,141062,神奈川県,横浜市保土ケ谷区,常盤台,2021/3/27,10,その他,駐車（輪）場,キーなし,なし,原動機付自転車（50cc以下）
窃盗,オートバイ盗,保土ケ谷,岡沢町,141062,神奈川県,横浜市保土ケ谷区,峰沢町,不明,不明,４階建て以上共同住宅,駐車（輪）場,キーなし,なし,原動機付自転車（50cc以下）
窃盗,オートバイ盗,保土ケ谷,岩間町,141062,神奈川県,横浜市保土ケ谷区,帷子町１丁目,2021/2/4,18,その他,その他,キーあり,なし,原動機付自転車（50cc以下）
窃盗,オートバイ盗,保土ケ谷,川島町,141062,神奈川県,横浜市保土ケ谷区,川島町,2021/8/20,15,４階建て以上共同住宅,駐車（輪）場,キーなし,なし,自動二輪（50cc超）
窃盗,オートバイ盗,保土ケ谷,川島町,141062,神奈川県,横浜市保土ケ谷区,川島町,2021/9/16,18,４階建て以上共同住宅,駐車（輪）場,キーなし,なし,自動二輪（50cc超）
窃盗,オートバイ盗,保土ケ谷,川島町,141062,神奈川県,横浜市保土ケ谷区,川島町,2021/9/28,19,４階建て以上共同住宅,駐車（輪）場,キーなし,あり,自動二輪（50cc超）
窃盗,オートバイ盗,保土ケ谷,新桜ヶ丘,141062,神奈川県,横浜市保土ケ谷区,法泉２丁目,2021/11/24,17,一戸建住宅,その他,キーなし,なし,自動二輪（50cc超）
窃盗,オートバイ盗,保土ケ谷,新桜ヶ丘,141062,神奈川県,横浜市保土ケ谷区,新桜ケ丘１丁目,2021/8/6,18,４階建て以上共同住宅,駐車（輪）場,キーなし,あり,自動二輪（50cc超）
窃盗,オートバイ盗,保土ケ谷,新桜ヶ丘,141062,神奈川県,横浜市保土ケ谷区,新桜ケ丘２丁目,2021/6/26,6,４階建て以上共同住宅,駐車（輪）場,キーあり,なし,原動機付自転車（50cc以下）
窃盗,オートバイ盗,保土ケ谷,新桜ヶ丘,141062,神奈川県,横浜市保土ケ谷区,新桜ケ丘２丁目,2021/8/13,21,４階建て以上共同住宅,駐車（輪）場,キーなし,なし,自動二輪（50cc超）
窃盗,オートバイ盗,保土ケ谷,新桜ヶ丘,141062,神奈川県,横浜市保土ケ谷区,新桜ケ丘２丁目,2021/9/14,18,一戸建住宅,その他,キーなし,なし,自動二輪（50cc超）
窃盗,オートバイ盗,保土ケ谷,星川,141062,神奈川県,横浜市保土ケ谷区,神戸町,2021/7/26,18,その他,その他,キーなし,なし,自動二輪（50cc超）
窃盗,オートバイ盗,保土ケ谷,星川,141062,神奈川県,横浜市保土ケ谷区,明神台,2021/9/15,16,４階建て以上共同住宅,駐車（輪）場,キーなし,なし,自動二輪（50cc超）
窃盗,オートバイ盗,保土ケ谷,花見台,141062,神奈川県,横浜市保土ケ谷区,桜ケ丘１丁目,2021/11/12,20,道路上,その他,キーなし,なし,自動二輪（50cc超）
窃盗,オートバイ盗,保土ケ谷,花見台,141062,神奈川県,横浜市保土ケ谷区,桜ケ丘２丁目,2021/5/3,19,駐車（輪）場,駐車（輪）場,キーなし,なし,自動二輪（50cc超）
窃盗,オートバイ盗,保土ケ谷,花見台,141062,神奈川県,横浜市保土ケ谷区,藤塚町,2021/6/1,21,４階建て以上共同住宅,駐車（輪）場,キーなし,なし,自動二輪（50cc超）
窃盗,オートバイ盗,保土ケ谷,西谷,141062,神奈川県,横浜市保土ケ谷区,西谷町,2021/8/3,19,その他の住宅（３階建て以下共同住宅等）,その他,キーなし,なし,原動機付自転車（50cc以下）
窃盗,オートバイ盗,港南,上大岡駅前,141119,神奈川県,横浜市港南区,大久保１丁目,2021/3/21,19,道路上,その他,キーなし,なし,原動機付自転車（50cc以下）
窃盗,オートバイ盗,港南,上大岡駅前,141119,神奈川県,横浜市港南区,大久保２丁目,2020/12/10,16,４階建て以上共同住宅,駐車（輪）場,キーなし,なし,原動機付自転車（50cc以下）
窃盗,オートバイ盗,港南,上大岡駅前,141119,神奈川県,横浜市港南区,上大岡西１丁目,2021/5/16,12,駐車（輪）場,駐車（輪）場,キーなし,なし,自動二輪（50cc超）
窃盗,オートバイ盗,港南,上大岡駅前,141119,神奈川県,横浜市港南区,上大岡西１丁目,2021/6/3,7,その他,駐車（輪）場,キーあり,なし,原動機付自転車（50cc以下）
窃盗,オートバイ盗,港南,上大岡駅前,141119,神奈川県,横浜市港南区,上大岡西１丁目,2021/11/18,21,駐車（輪）場,駐車（輪）場,キーなし,なし,自動二輪（50cc超）
窃盗,オートバイ盗,港南,上大岡駅前,141119,神奈川県,横浜市港南区,最戸２丁目,2015/12/26,18,道路上,その他,キーなし,なし,原動機付自転車（50cc以下）
窃盗,オートバイ盗,港南,上永谷駅前,141119,神奈川県,横浜市港南区,上永谷２丁目,2021/11/15,10,その他,駐車（輪）場,キーなし,なし,原動機付自転車（50cc以下）
窃盗,オートバイ盗,港南,上永谷駅前,141119,神奈川県,横浜市港南区,丸山台１丁目,2021/1/16,21,その他,その他,キーあり,なし,原動機付自転車（50cc以下）
窃盗,オートバイ盗,港南,上永谷駅前,141119,神奈川県,横浜市港南区,丸山台１丁目,2021/5/25,9,駐車（輪）場,駐車（輪）場,キーあり,なし,原動機付自転車（50cc以下）
窃盗,オートバイ盗,港南,南高校前,141119,神奈川県,横浜市港南区,港南２丁目,2021/4/8,21,その他の住宅（３階建て以下共同住宅等）,駐車（輪）場,キーなし,なし,自動二輪（50cc超）
窃盗,オートバイ盗,港南,日野,141119,神奈川県,横浜市港南区,日野６丁目,2021/3/18,18,４階建て以上共同住宅,駐車（輪）場,キーなし,なし,自動二輪（50cc超）
窃盗,オートバイ盗,港南,日野,141119,神奈川県,横浜市港南区,日野中央３丁目,2021/5/22,17,４階建て以上共同住宅,駐車（輪）場,キーなし,なし,原動機付自転車（50cc以下）
窃盗,オートバイ盗,港南,港南台南,141119,神奈川県,横浜市港南区,港南台８丁目,2021/1/29,7,一戸建住宅,駐車（輪）場,キーなし,なし,自動二輪（50cc超）
窃盗,オートバイ盗,港南,港南台駅前,141119,神奈川県,横浜市港南区,港南台３丁目,2020/12/19,12,駐車（輪）場,駐車（輪）場,キーあり,なし,原動機付自転車（50cc以下）
窃盗,オートバイ盗,港南,港南台駅前,141119,神奈川県,横浜市港南区,港南台３丁目,2021/3/25,13,駐車（輪）場,駐車（輪）場,キーあり,なし,原動機付自転車（50cc以下）
窃盗,オートバイ盗,港南,港南台駅前,141119,神奈川県,横浜市港南区,日野南４丁目,2021/8/21,18,一戸建住宅,その他,キーなし,なし,自動二輪（50cc超）
窃盗,オートバイ盗,港南,笹下,141119,神奈川県,横浜市港南区,笹下３丁目,2021/8/8,23,道路上,その他,キーあり,なし,自動二輪（50cc超）
窃盗,オートバイ盗,港南,芹が谷,141119,神奈川県,横浜市港南区,芹が谷２丁目,2021/1/21,10,一戸建住宅,駐車（輪）場,キーなし,なし,自動二輪（50cc超）
窃盗,オートバイ盗,港南,芹が谷,141119,神奈川県,横浜市港南区,芹が谷３丁目,2021/8/13,20,その他,駐車（輪）場,キーあり,なし,自動二輪（50cc超）
窃盗,オートバイ盗,港南,芹が谷,141119,神奈川県,横浜市港南区,芹が谷３丁目,2021/11/5,21,一戸建住宅,駐車（輪）場,キーなし,なし,自動二輪（50cc超）
窃盗,オートバイ盗,港南,芹が谷,141119,神奈川県,横浜市港南区,芹が谷５丁目,2020/12/10,17,道路上,その他,キーなし,なし,自動二輪（50cc超）
窃盗,オートバイ盗,港南,芹が谷,141119,神奈川県,横浜市港南区,東芹が谷,2021/9/27,16,一戸建住宅,その他,キーあり,なし,自動二輪（50cc超）
窃盗,オートバイ盗,港南,芹が谷,141119,神奈川県,横浜市港南区,東芹が谷,2021/11/23,17,４階建て以上共同住宅,駐車（輪）場,キーなし,なし,自動二輪（50cc超）
窃盗,オートバイ盗,港南,芹が谷,141119,神奈川県,横浜市港南区,東芹が谷,2021/12/21,13,４階建て以上共同住宅,駐車（輪）場,キーなし,なし,自動二輪（50cc超）
窃盗,オートバイ盗,港南,芹が谷,141119,神奈川県,横浜市港南区,東芹が谷,2021/12/22,21,４階建て以上共同住宅,駐車（輪）場,キーなし,なし,自動二輪（50cc超）
窃盗,オートバイ盗,港南,芹が谷,141119,神奈川県,横浜市港南区,下永谷５丁目,2020/6/4,19,４階建て以上共同住宅,駐車（輪）場,キーなし,なし,原動機付自転車（50cc以下）
窃盗,オートバイ盗,港南,芹が谷,141119,神奈川県,横浜市港南区,下永谷５丁目,2021/6/5,18,一戸建住宅,駐車（輪）場,キーなし,あり,原動機付自転車（50cc以下）
窃盗,オートバイ盗,港南,芹が谷,141119,神奈川県,横浜市港南区,下永谷６丁目,2021/8/8,17,その他,駐車（輪）場,キーあり,なし,自動二輪（50cc超）
窃盗,オートバイ盗,港南,野庭,141119,神奈川県,横浜市港南区,野庭町,2021/3/25,18,４階建て以上共同住宅,駐車（輪）場,キーなし,なし,自動二輪（50cc超）
窃盗,オートバイ盗,港南,野庭,141119,神奈川県,横浜市港南区,野庭町,2021/10/6,17,その他の住宅（３階建て以下共同住宅等）,駐車（輪）場,キーなし,なし,自動二輪（50cc超）
窃盗,オートバイ盗,港南,関の下,141119,神奈川県,横浜市港南区,上大岡西２丁目,2021/9/25,11,４階建て以上共同住宅,駐車（輪）場,キーあり,なし,原動機付自転車（50cc以下）
窃盗,オートバイ盗,港南,関の下,141119,神奈川県,横浜市港南区,上大岡西３丁目,2021/4/14,14,その他,駐車（輪）場,キーあり,なし,原動機付自転車（50cc以下）
窃盗,オートバイ盗,港南,関の下,141119,神奈川県,横浜市港南区,港南中央通,2021/6/21,15,その他,駐車（輪）場,キーなし,なし,自動二輪（50cc超）
窃盗,オートバイ盗,港南,関の下,141119,神奈川県,横浜市港南区,港南中央通,2021/10/3,13,駐車（輪）場,駐車（輪）場,キーなし,なし,原動機付自転車（50cc以下）
窃盗,オートバイ盗,緑,中山駅前,141135,神奈川県,横浜市緑区,三保町,2021/7/14,20,その他の住宅（３階建て以下共同住宅等）,駐車（輪）場,キーあり,なし,自動二輪（50cc超）
窃盗,オートバイ盗,緑,中山駅前,141135,神奈川県,横浜市緑区,中山６丁目,2021/8/2,16,一戸建住宅,その他,キーなし,なし,自動二輪（50cc超）
窃盗,オートバイ盗,緑,北八朔町,141135,神奈川県,横浜市緑区,北八朔町,2021/8/26,14,４階建て以上共同住宅,駐車（輪）場,キーあり,なし,自動二輪（50cc超）
窃盗,オートバイ盗,緑,十日市場駅前,141135,神奈川県,横浜市緑区,十日市場町,2019/12/28,9,４階建て以上共同住宅,駐車（輪）場,キーなし,なし,自動二輪（50cc超）
窃盗,オートバイ盗,緑,長津田駅前,141135,神奈川県,横浜市緑区,長津田町,2021/8/4,23,その他,その他,キーあり,なし,自動二輪（50cc超）
窃盗,オートバイ盗,緑,長津田駅前,141135,神奈川県,横浜市緑区,長津田町,2021/9/12,12,４階建て以上共同住宅,駐車（輪）場,キーなし,なし,自動二輪（50cc超）
窃盗,オートバイ盗,緑,長津田駅前,141135,神奈川県,横浜市緑区,長津田町,2021/10/8,18,４階建て以上共同住宅,駐車（輪）場,キーあり,なし,原動機付自転車（50cc以下）
窃盗,オートバイ盗,緑,長津田駅前,141135,神奈川県,横浜市緑区,長津田町,2021/10/10,18,４階建て以上共同住宅,駐車（輪）場,キーなし,なし,自動二輪（50cc超）
窃盗,オートバイ盗,緑,鴨居駅前,141135,神奈川県,横浜市緑区,竹山２丁目,2019/6/3,19,４階建て以上共同住宅,駐車（輪）場,キーなし,あり,自動二輪（50cc超）
窃盗,オートバイ盗,緑,鴨居駅前,141135,神奈川県,横浜市緑区,竹山２丁目,2019/6/3,19,４階建て以上共同住宅,駐車（輪）場,キーなし,なし,自動二輪（50cc超）
窃盗,オートバイ盗,緑,鴨居駅前,141135,神奈川県,横浜市緑区,竹山２丁目,2021/4/16,18,４階建て以上共同住宅,駐車（輪）場,キーなし,なし,自動二輪（50cc超）
窃盗,オートバイ盗,緑,鴨居駅前,141135,神奈川県,横浜市緑区,鴨居４丁目,2020/6/7,1,一戸建住宅,駐車（輪）場,キーなし,なし,自動二輪（50cc超）
窃盗,オートバイ盗,緑,鴨居駅前,141135,神奈川県,横浜市緑区,東本郷６丁目,2021/7/10,0,その他の住宅（３階建て以下共同住宅等）,駐車（輪）場,キーなし,あり,自動二輪（50cc超）
窃盗,オートバイ盗,港北,吉田口,141097,神奈川県,横浜市港北区,綱島西４丁目,2016/4/15,17,一戸建住宅,その他,キーなし,なし,原動機付自転車（50cc以下）
窃盗,オートバイ盗,港北,吉田口,141097,神奈川県,横浜市港北区,綱島西４丁目,2016/4/15,17,一戸建住宅,その他,キーなし,なし,自動二輪（50cc超）
窃盗,オートバイ盗,港北,大倉山,141097,神奈川県,横浜市港北区,大倉山３丁目,2021/10/31,12,その他の住宅（３階建て以下共同住宅等）,その他,キーなし,なし,自動二輪（50cc超）
窃盗,オートバイ盗,港北,大倉山,141097,神奈川県,横浜市港北区,大倉山３丁目,2021/11/19,19,駐車（輪）場,駐車（輪）場,キーなし,なし,自動二輪（50cc超）
窃盗,オートバイ盗,港北,大倉山,141097,神奈川県,横浜市港北区,大倉山４丁目,2021/6/12,12,４階建て以上共同住宅,駐車（輪）場,キーなし,なし,自動二輪（50cc超）
窃盗,オートバイ盗,港北,小机,141097,神奈川県,横浜市港北区,小机町,2021/8/2,23,４階建て以上共同住宅,駐車（輪）場,キーなし,あり,自動二輪（50cc超）
窃盗,オートバイ盗,港北,小机,141097,神奈川県,横浜市港北区,鳥山町,2016/12/2,16,その他,その他,キーなし,なし,自動二輪（50cc超）
窃盗,オートバイ盗,港北,小机,141097,神奈川県,横浜市港北区,鳥山町,2021/11/26,7,その他の住宅（３階建て以下共同住宅等）,その他,キーなし,なし,原動機付自転車（50cc以下）
窃盗,オートバイ盗,港北,新横浜駅前,141097,神奈川県,横浜市港北区,岸根町,2021/6/17,0,４階建て以上共同住宅,駐車（輪）場,キーなし,あり,自動二輪（50cc超）
窃盗,オートバイ盗,港北,新横浜駅前,141097,神奈川県,横浜市港北区,篠原町,2015/1/26,2,その他の住宅（３階建て以下共同住宅等）,駐車（輪）場,キーなし,なし,原動機付自転車（50cc以下）
窃盗,オートバイ盗,港北,新横浜駅前,141097,神奈川県,横浜市港北区,新横浜２丁目,2021/4/3,5,駐車（輪）場,駐車（輪）場,キーなし,なし,原動機付自転車（50cc以下）
窃盗,オートバイ盗,港北,新横浜駅前,141097,神奈川県,横浜市港北区,新横浜２丁目,2021/9/7,10,駐車（輪）場,駐車（輪）場,キーあり,あり,原動機付自転車（50cc以下）
窃盗,オートバイ盗,港北,新羽駅前,141097,神奈川県,横浜市港北区,新羽町,2021/5/3,10,４階建て以上共同住宅,その他,キーなし,あり,自動二輪（50cc超）
窃盗,オートバイ盗,港北,新羽駅前,141097,神奈川県,横浜市港北区,新羽町,2021/6/12,20,一戸建住宅,その他,キーなし,なし,自動二輪（50cc超）
窃盗,オートバイ盗,港北,新羽駅前,141097,神奈川県,横浜市港北区,新羽町,2021/7/25,3,一戸建住宅,その他,キーなし,あり,自動二輪（50cc超）
窃盗,オートバイ盗,港北,新羽駅前,141097,神奈川県,横浜市港北区,新羽町,2021/8/10,13,一戸建住宅,その他,キーなし,なし,自動二輪（50cc超）
窃盗,オートバイ盗,港北,新羽駅前,141097,神奈川県,横浜市港北区,新羽町,2021/9/2,22,一戸建住宅,その他,キーなし,なし,自動二輪（50cc超）
窃盗,オートバイ盗,港北,新羽駅前,141097,神奈川県,横浜市港北区,新羽町,2021/9/15,21,駐車（輪）場,駐車（輪）場,キーなし,あり,自動二輪（50cc超）
窃盗,オートバイ盗,港北,新羽駅前,141097,神奈川県,横浜市港北区,新吉田東７丁目,2021/4/23,19,その他の住宅（３階建て以下共同住宅等）,その他,キーなし,なし,自動二輪（50cc超）
窃盗,オートバイ盗,港北,新羽駅前,141097,神奈川県,横浜市港北区,新吉田東７丁目,2021/7/24,18,４階建て以上共同住宅,その他,キーなし,なし,自動二輪（50cc超）
窃盗,オートバイ盗,港北,新羽駅前,141097,神奈川県,横浜市港北区,新吉田東８丁目,2021/10/30,16,その他の住宅（３階建て以下共同住宅等）,駐車（輪）場,キーなし,なし,自動二輪（50cc超）
窃盗,オートバイ盗,港北,日吉本町,141097,神奈川県,横浜市港北区,日吉本町３丁目,2021/8/31,7,道路上,その他,キーなし,なし,自動二輪（50cc超）
窃盗,オートバイ盗,港北,日吉本町,141097,神奈川県,横浜市港北区,日吉本町４丁目,2021/5/28,20,その他の住宅（３階建て以下共同住宅等）,その他,キーなし,なし,自動二輪（50cc超）
窃盗,オートバイ盗,港北,日吉東,141097,神奈川県,横浜市港北区,日吉５丁目,2021/10/30,2,道路上,その他,キーなし,なし,自動二輪（50cc超）
窃盗,オートバイ盗,港北,日吉東,141097,神奈川県,横浜市港北区,日吉７丁目,2021/9/5,11,４階建て以上共同住宅,駐車（輪）場,キーなし,なし,原動機付自転車（50cc以下）
窃盗,オートバイ盗,港北,樽町,141097,神奈川県,横浜市港北区,樽町２丁目,2021/8/22,18,道路上,その他,キーあり,なし,原動機付自転車（50cc以下）
窃盗,オートバイ盗,港北,樽町,141097,神奈川県,横浜市港北区,大曽根２丁目,2021/8/7,22,駐車（輪）場,駐車（輪）場,キーなし,なし,自動二輪（50cc超）
窃盗,オートバイ盗,港北,綱島駅前,141097,神奈川県,横浜市港北区,綱島西２丁目,2021/2/4,16,その他の住宅（３階建て以下共同住宅等）,その他,キーなし,なし,自動二輪（50cc超）
窃盗,オートバイ盗,港北,綱島駅前,141097,神奈川県,横浜市港北区,綱島西２丁目,2021/4/23,10,その他,駐車（輪）場,キーなし,なし,原動機付自転車（50cc以下）
窃盗,オートバイ盗,港北,綱島駅前,141097,神奈川県,横浜市港北区,綱島東３丁目,2021/3/7,15,道路上,その他,キーあり,なし,原動機付自転車（50cc以下）
窃盗,オートバイ盗,港北,菊名駅前,141097,神奈川県,横浜市港北区,大豆戸町,2021/9/2,17,その他の住宅（３階建て以下共同住宅等）,駐車（輪）場,キーなし,なし,自動二輪（50cc超）
窃盗,オートバイ盗,港北,菊名駅前,141097,神奈川県,横浜市港北区,大豆戸町,2021/10/20,21,道路上,その他,キーなし,なし,なし
窃盗,オートバイ盗,港北,高田,141097,神奈川県,横浜市港北区,高田西１丁目,2021/9/16,3,道路上,その他,キーなし,なし,自動二輪（50cc超）
窃盗,オートバイ盗,瀬谷,北新,141143,神奈川県,横浜市瀬谷区,下瀬谷３丁目,2021/10/13,13,一戸建住宅,駐車（輪）場,キーなし,なし,原動機付自転車（50cc以下）
窃盗,オートバイ盗,瀬谷,北新,141143,神奈川県,横浜市瀬谷区,橋戸２丁目,2021/3/26,11,その他,駐車（輪）場,キーなし,なし,自動二輪（50cc超）
窃盗,オートバイ盗,瀬谷,南台,141143,神奈川県,横浜市瀬谷区,下瀬谷２丁目,2021/6/10,10,その他の住宅（３階建て以下共同住宅等）,駐車（輪）場,キーなし,なし,原動機付自転車（50cc以下）
窃盗,オートバイ盗,瀬谷,南台,141143,神奈川県,横浜市瀬谷区,三ツ境,2021/9/7,16,駐車（輪）場,駐車（輪）場,キーあり,なし,原動機付自転車（50cc以下）
窃盗,オートバイ盗,瀬谷,南台,141143,神奈川県,横浜市瀬谷区,南瀬谷２丁目,2021/5/20,23,一戸建住宅,その他,キーなし,なし,原動機付自転車（50cc以下）
窃盗,オートバイ盗,瀬谷,南台,141143,神奈川県,横浜市瀬谷区,南台１丁目,2021/7/3,20,その他の住宅（３階建て以下共同住宅等）,その他,キーなし,なし,原動機付自転車（50cc以下）
窃盗,オートバイ盗,瀬谷,南台,141143,神奈川県,横浜市瀬谷区,南台２丁目,2021/9/2,12,４階建て以上共同住宅,その他,キーあり,なし,原動機付自転車（50cc以下）
窃盗,オートバイ盗,瀬谷,瀬谷駅前,141143,神奈川県,横浜市瀬谷区,二ツ橋町,2021/9/9,21,４階建て以上共同住宅,その他,キーあり,なし,原動機付自転車（50cc以下）
窃盗,オートバイ盗,瀬谷,瀬谷駅前,141143,神奈川県,横浜市瀬谷区,瀬谷４丁目,2021/10/2,10,その他,駐車（輪）場,キーなし,なし,原動機付自転車（50cc以下）
窃盗,オートバイ盗,瀬谷,瀬谷駅前,141143,神奈川県,横浜市瀬谷区,相沢４丁目,2021/9/15,22,その他の住宅（３階建て以下共同住宅等）,駐車（輪）場,キーなし,なし,原動機付自転車（50cc以下）
窃盗,オートバイ盗,瀬谷,目黒,141143,神奈川県,横浜市瀬谷区,瀬谷町,2021/3/24,6,４階建て以上共同住宅,駐車（輪）場,キーなし,なし,原動機付自転車（50cc以下）
窃盗,オートバイ盗,瀬谷,竹村町,141143,神奈川県,横浜市瀬谷区,本郷１丁目,2021/10/15,5,その他の住宅（３階建て以下共同住宅等）,その他,キーなし,なし,自動二輪（50cc超）
窃盗,オートバイ盗,瀬谷,竹村町,141143,神奈川県,横浜市瀬谷区,本郷２丁目,2021/6/5,12,その他の住宅（３階建て以下共同住宅等）,駐車（輪）場,キーなし,なし,原動機付自転車（50cc以下）
窃盗,オートバイ盗,瀬谷,細谷戸,141143,神奈川県,横浜市瀬谷区,瀬谷町,2021/1/15,13,４階建て以上共同住宅,駐車（輪）場,キーなし,なし,原動機付自転車（50cc以下）
窃盗,オートバイ盗,瀬谷,細谷戸,141143,神奈川県,横浜市瀬谷区,瀬谷町,2021/2/18,15,４階建て以上共同住宅,駐車（輪）場,キーなし,なし,原動機付自転車（50cc以下）
窃盗,オートバイ盗,瀬谷,細谷戸,141143,神奈川県,横浜市瀬谷区,瀬谷町,2021/7/2,16,一戸建住宅,駐車（輪）場,キーなし,あり,自動二輪（50cc超）
窃盗,オートバイ盗,栄,上郷,141151,神奈川県,横浜市栄区,公田町,2021/1/7,16,４階建て以上共同住宅,駐車（輪）場,キーなし,なし,自動二輪（50cc超）
窃盗,オートバイ盗,栄,上郷,141151,神奈川県,横浜市栄区,公田町,2021/4/4,23,一戸建住宅,駐車（輪）場,キーなし,なし,自動二輪（50cc超）
窃盗,オートバイ盗,栄,上郷,141151,神奈川県,横浜市栄区,野七里１丁目,2021/2/21,21,４階建て以上共同住宅,駐車（輪）場,キーなし,なし,自動二輪（50cc超）
窃盗,オートバイ盗,栄,元大橋,141151,神奈川県,横浜市栄区,柏陽,不明,不明,４階建て以上共同住宅,駐車（輪）場,キーなし,なし,原動機付自転車（50cc以下）
窃盗,オートバイ盗,青葉,あざみ野駅前,141178,神奈川県,横浜市青葉区,あざみ野２丁目,2021/6/3,19,道路上,その他,キーあり,なし,なし
窃盗,オートバイ盗,青葉,こどもの国駅前,141178,神奈川県,横浜市青葉区,奈良町,2021/7/19,17,その他の住宅（３階建て以下共同住宅等）,その他,キーなし,なし,原動機付自転車（50cc以下）
窃盗,オートバイ盗,青葉,こどもの国駅前,141178,神奈川県,横浜市青葉区,奈良３丁目,2021/11/28,15,一戸建住宅,駐車（輪）場,キーなし,なし,自動二輪（50cc超）
窃盗,オートバイ盗,青葉,こどもの国駅前,141178,神奈川県,横浜市青葉区,奈良５丁目,2021/12/23,2,道路上,その他,キーなし,なし,原動機付自転車（50cc以下）
窃盗,オートバイ盗,青葉,すすき野,141178,神奈川県,横浜市青葉区,すすき野３丁目,2021/7/19,14,４階建て以上共同住宅,駐車（輪）場,キーなし,なし,原動機付自転車（50cc以下）
窃盗,オートバイ盗,青葉,たまプラーザ駅前,141178,神奈川県,横浜市青葉区,美しが丘４丁目,2020/12/30,16,その他の住宅（３階建て以下共同住宅等）,駐車（輪）場,キーなし,あり,自動二輪（50cc超）
窃盗,オートバイ盗,青葉,たまプラーザ駅前,141178,神奈川県,横浜市青葉区,美しが丘５丁目,2021/9/9,18,４階建て以上共同住宅,その他,キーあり,あり,自動二輪（50cc超）
窃盗,オートバイ盗,青葉,たまプラーザ駅前,141178,神奈川県,横浜市青葉区,新石川４丁目,2021/7/31,21,その他の住宅（３階建て以下共同住宅等）,その他,キーなし,なし,原動機付自転車（50cc以下）
窃盗,オートバイ盗,青葉,市が尾駅前,141178,神奈川県,横浜市青葉区,市ケ尾町,2021/1/8,10,４階建て以上共同住宅,駐車（輪）場,キーなし,なし,原動機付自転車（50cc以下）
窃盗,オートバイ盗,青葉,市が尾駅前,141178,神奈川県,横浜市青葉区,市ケ尾町,2021/11/13,16,その他,その他,キーあり,なし,原動機付自転車（50cc以下）
窃盗,オートバイ盗,青葉,田奈駅前,141178,神奈川県,横浜市青葉区,田奈町,2018/12/10,19,その他の住宅（３階建て以下共同住宅等）,駐車（輪）場,キーなし,なし,自動二輪（50cc超）
窃盗,オートバイ盗,青葉,藤が丘駅前,141178,神奈川県,横浜市青葉区,梅が丘,2021/12/20,20,道路上,その他,キーなし,なし,なし
窃盗,オートバイ盗,青葉,藤が丘駅前,141178,神奈川県,横浜市青葉区,柿の木台,2020/11/17,20,一戸建住宅,駐車（輪）場,キーなし,なし,原動機付自転車（50cc以下）
窃盗,オートバイ盗,青葉,藤が丘駅前,141178,神奈川県,横浜市青葉区,千草台,2021/11/2,16,その他の住宅（３階建て以下共同住宅等）,駐車（輪）場,キーなし,なし,原動機付自転車（50cc以下）
窃盗,オートバイ盗,青葉,鉄町,141178,神奈川県,横浜市青葉区,みたけ台,2021/4/18,12,その他の住宅（３階建て以下共同住宅等）,その他,キーなし,なし,原動機付自転車（50cc以下）
窃盗,オートバイ盗,青葉,青葉台駅前,141178,神奈川県,横浜市青葉区,青葉台１丁目,2021/8/18,19,４階建て以上共同住宅,駐車（輪）場,キーなし,なし,自動二輪（50cc超）
窃盗,オートバイ盗,青葉,青葉台駅前,141178,神奈川県,横浜市青葉区,松風台,2021/9/17,18,４階建て以上共同住宅,駐車（輪）場,キーなし,なし,自動二輪（50cc超）
窃盗,オートバイ盗,青葉,鴨志田,141178,神奈川県,横浜市青葉区,すみよし台,2021/3/14,9,４階建て以上共同住宅,駐車（輪）場,キーなし,なし,自動二輪（50cc超）
窃盗,オートバイ盗,青葉,鴨志田,141178,神奈川県,横浜市青葉区,すみよし台,2021/8/5,14,その他の住宅（３階建て以下共同住宅等）,駐車（輪）場,キーなし,なし,原動機付自転車（50cc以下）
窃盗,オートバイ盗,青葉,鴨志田,141178,神奈川県,横浜市青葉区,すみよし台,2021/9/12,20,その他の住宅（３階建て以下共同住宅等）,その他,キーなし,なし,原動機付自転車（50cc以下）
窃盗,オートバイ盗,都筑,センター北駅前,141186,神奈川県,横浜市都筑区,中川中央１丁目,2021/4/25,16,その他,駐車（輪）場,キーあり,なし,自動二輪（50cc超）
窃盗,オートバイ盗,都筑,センター北駅前,141186,神奈川県,横浜市都筑区,中川中央１丁目,2021/10/21,10,４階建て以上共同住宅,駐車（輪）場,キーあり,なし,自動二輪（50cc超）
窃盗,オートバイ盗,都筑,センター北駅前,141186,神奈川県,横浜市都筑区,中川中央２丁目,2021/7/16,13,駐車（輪）場,駐車（輪）場,キーあり,なし,自動二輪（50cc超）
窃盗,オートバイ盗,都筑,仲町台駅前,141186,神奈川県,横浜市都筑区,桜並木,2021/3/16,19,４階建て以上共同住宅,駐車（輪）場,キーなし,なし,原動機付自転車（50cc以下）
窃盗,オートバイ盗,都筑,仲町台駅前,141186,神奈川県,横浜市都筑区,仲町台２丁目,2021/10/19,17,その他,駐車（輪）場,キーなし,なし,自動二輪（50cc超）
窃盗,オートバイ盗,都筑,仲町台駅前,141186,神奈川県,横浜市都筑区,平台,2021/9/1,6,その他の住宅（３階建て以下共同住宅等）,駐車（輪）場,キーなし,なし,原動機付自転車（50cc以下）
窃盗,オートバイ盗,都筑,北山田駅前,141186,神奈川県,横浜市都筑区,牛久保東２丁目,2021/5/27,20,その他の住宅（３階建て以下共同住宅等）,その他,キーあり,なし,原動機付自転車（50cc以下）
窃盗,オートバイ盗,都筑,北山田駅前,141186,神奈川県,横浜市都筑区,大棚町,2021/9/27,21,その他の住宅（３階建て以下共同住宅等）,駐車（輪）場,キーあり,なし,原動機付自転車（50cc以下）
窃盗,オートバイ盗,都筑,川和,141186,神奈川県,横浜市都筑区,大丸,2020/4/4,19,４階建て以上共同住宅,駐車（輪）場,キーなし,なし,自動二輪（50cc超）
窃盗,オートバイ盗,都筑,川和,141186,神奈川県,横浜市都筑区,佐江戸町,2021/2/28,17,４階建て以上共同住宅,駐車（輪）場,キーなし,なし,原動機付自転車（50cc以下）
窃盗,オートバイ盗,都筑,川和,141186,神奈川県,横浜市都筑区,佐江戸町,2021/5/9,0,４階建て以上共同住宅,駐車（輪）場,キーなし,なし,原動機付自転車（50cc以下）
窃盗,オートバイ盗,都筑,池辺町,141186,神奈川県,横浜市都筑区,池辺町,2020/12/29,19,その他の住宅（３階建て以下共同住宅等）,駐車（輪）場,キーなし,なし,自動二輪（50cc超）
窃盗,オートバイ盗,都筑,池辺町,141186,神奈川県,横浜市都筑区,池辺町,2021/4/23,18,その他,駐車（輪）場,キーなし,なし,自動二輪（50cc超）
窃盗,オートバイ盗,麻生,南王禅寺,141372,神奈川県,川崎市麻生区,白山４丁目,2021/7/20,22,駐車（輪）場,駐車（輪）場,キーなし,なし,自動二輪（50cc超）
窃盗,オートバイ盗,麻生,岡上,141372,神奈川県,川崎市麻生区,岡上,2021/7/29,10,その他の住宅（３階建て以下共同住宅等）,駐車（輪）場,キーなし,なし,自動二輪（50cc超）
窃盗,オートバイ盗,麻生,岡上,141372,神奈川県,川崎市麻生区,岡上,2021/8/23,17,その他の住宅（３階建て以下共同住宅等）,駐車（輪）場,キーなし,なし,自動二輪（50cc超）
窃盗,オートバイ盗,麻生,新百合ヶ丘駅前,141372,神奈川県,川崎市麻生区,上麻生１丁目,2021/11/25,20,その他,駐車（輪）場,キーあり,なし,原動機付自転車（50cc以下）
窃盗,オートバイ盗,麻生,新百合ヶ丘駅前,141372,神奈川県,川崎市麻生区,万福寺６丁目,2021/11/4,19,その他,その他,キーなし,なし,原動機付自転車（50cc以下）
窃盗,オートバイ盗,麻生,栗平駅前,141372,神奈川県,川崎市麻生区,片平,2021/11/1,11,一戸建住宅,その他,キーなし,なし,自動二輪（50cc超）
窃盗,オートバイ盗,麻生,栗平駅前,141372,神奈川県,川崎市麻生区,栗木台４丁目,2021/9/30,0,一戸建住宅,駐車（輪）場,キーなし,あり,なし
窃盗,オートバイ盗,麻生,王禅寺,141372,神奈川県,川崎市麻生区,王禅寺西８丁目,2021/1/18,20,その他の住宅（３階建て以下共同住宅等）,駐車（輪）場,キーあり,なし,自動二輪（50cc超）
窃盗,オートバイ盗,川崎,中島町,141313,神奈川県,川崎市川崎区,旭町２丁目,2021/5/8,15,その他の住宅（３階建て以下共同住宅等）,駐車（輪）場,キーあり,なし,原動機付自転車（50cc以下）
窃盗,オートバイ盗,川崎,中島町,141313,神奈川県,川崎市川崎区,中島１丁目,2021/5/9,18,その他の住宅（３階建て以下共同住宅等）,駐車（輪）場,キーなし,なし,自動二輪（50cc超）
窃盗,オートバイ盗,川崎,京町通,141313,神奈川県,川崎市川崎区,渡田山王町,2021/11/8,7,一戸建住宅,その他,キーなし,なし,原動機付自転車（50cc以下）
窃盗,オートバイ盗,川崎,南町,141313,神奈川県,川崎市川崎区,日進町,2021/7/4,1,駐車（輪）場,駐車（輪）場,キーなし,なし,自動二輪（50cc超）
窃盗,オートバイ盗,川崎,南町,141313,神奈川県,川崎市川崎区,東田町,2021/1/19,23,駐車（輪）場,駐車（輪）場,キーなし,あり,自動二輪（50cc超）
窃盗,オートバイ盗,川崎,大師駅前,141313,神奈川県,川崎市川崎区,旭町２丁目,2021/5/13,18,４階建て以上共同住宅,駐車（輪）場,キーなし,なし,原動機付自転車（50cc以下）
窃盗,オートバイ盗,川崎,大師駅前,141313,神奈川県,川崎市川崎区,東門前１丁目,2021/8/22,9,４階建て以上共同住宅,その他,キーなし,なし,自動二輪（50cc超）
窃盗,オートバイ盗,川崎,小田,141313,神奈川県,川崎市川崎区,小田３丁目,2021/11/1,20,その他の住宅（３階建て以下共同住宅等）,その他,キーなし,なし,自動二輪（50cc超）
窃盗,オートバイ盗,川崎,小田,141313,神奈川県,川崎市川崎区,小田５丁目,2021/1/3,19,４階建て以上共同住宅,駐車（輪）場,キーなし,なし,原動機付自転車（50cc以下）
窃盗,オートバイ盗,川崎,小田,141313,神奈川県,川崎市川崎区,小田５丁目,2021/1/3,20,その他の住宅（３階建て以下共同住宅等）,駐車（輪）場,キーあり,なし,自動二輪（50cc超）
窃盗,オートバイ盗,川崎,川崎駅前,141313,神奈川県,川崎市川崎区,日進町,2021/7/4,18,駐車（輪）場,駐車（輪）場,キーなし,なし,自動二輪（50cc超）
窃盗,オートバイ盗,川崎,川崎駅前,141313,神奈川県,川崎市川崎区,東田町,2021/2/11,7,道路上,その他,キーあり,なし,自動二輪（50cc超）
窃盗,オートバイ盗,川崎,川崎駅前,141313,神奈川県,川崎市川崎区,堀之内町,2021/5/11,12,その他,駐車（輪）場,キーなし,なし,自動二輪（50cc超）
窃盗,オートバイ盗,川崎,川崎駅前,141313,神奈川県,川崎市川崎区,本町１丁目,2021/4/26,12,駐車（輪）場,駐車（輪）場,キーなし,なし,自動二輪（50cc超）
窃盗,オートバイ盗,川崎,川崎駅前,141313,神奈川県,川崎市川崎区,本町１丁目,2021/7/12,7,駐車（輪）場,駐車（輪）場,キーなし,なし,原動機付自転車（50cc以下）
窃盗,オートバイ盗,川崎,渡田,141313,神奈川県,川崎市川崎区,富士見２丁目,2021/2/20,8,一戸建住宅,その他,キーあり,なし,原動機付自転車（50cc以下）
窃盗,オートバイ盗,川崎,渡田,141313,神奈川県,川崎市川崎区,渡田新町３丁目,2021/2/6,6,４階建て以上共同住宅,駐車（輪）場,キーなし,なし,原動機付自転車（50cc以下）
窃盗,オートバイ盗,川崎,藤崎,141313,神奈川県,川崎市川崎区,藤崎３丁目,2021/11/22,6,４階建て以上共同住宅,その他,キーあり,なし,自動二輪（50cc超）
窃盗,オートバイ盗,川崎,藤崎,141313,神奈川県,川崎市川崎区,藤崎４丁目,2021/1/11,5,駐車（輪）場,駐車（輪）場,キーなし,なし,原動機付自転車（50cc以下）
窃盗,オートバイ盗,川崎,藤崎,141313,神奈川県,川崎市川崎区,藤崎４丁目,2021/7/25,22,道路上,その他,キーあり,なし,原動機付自転車（50cc以下）
窃盗,オートバイ盗,川崎,藤崎,141313,神奈川県,川崎市川崎区,藤崎４丁目,2021/10/1,5,駐車（輪）場,駐車（輪）場,キーなし,なし,自動二輪（50cc超）
窃盗,オートバイ盗,川崎臨港,出来野,141313,神奈川県,川崎市川崎区,江川１丁目,2021/11/24,15,駐車（輪）場,駐車（輪）場,キーなし,なし,自動二輪（50cc超）
窃盗,オートバイ盗,川崎臨港,出来野,141313,神奈川県,川崎市川崎区,田町２丁目,2021/6/10,19,４階建て以上共同住宅,駐車（輪）場,キーなし,なし,自動二輪（50cc超）
窃盗,オートバイ盗,川崎臨港,出来野,141313,神奈川県,川崎市川崎区,田町２丁目,2021/11/22,20,その他,駐車（輪）場,キーなし,なし,自動二輪（50cc超）
窃盗,オートバイ盗,川崎臨港,出来野,141313,神奈川県,川崎市川崎区,四谷上町,2021/3/30,8,その他,駐車（輪）場,キーあり,なし,自動二輪（50cc超）
窃盗,オートバイ盗,川崎臨港,殿町,141313,神奈川県,川崎市川崎区,殿町２丁目,2021/12/6,0,一戸建住宅,駐車（輪）場,キーなし,あり,自動二輪（50cc超）
窃盗,オートバイ盗,川崎臨港,殿町,141313,神奈川県,川崎市川崎区,東扇島,2021/1/21,9,駐車（輪）場,駐車（輪）場,キーなし,なし,自動二輪（50cc超）
窃盗,オートバイ盗,川崎臨港,浜町,141313,神奈川県,川崎市川崎区,桜本２丁目,2021/9/25,1,その他の住宅（３階建て以下共同住宅等）,駐車（輪）場,キーなし,なし,自動二輪（50cc超）
窃盗,オートバイ盗,川崎臨港,浜町,141313,神奈川県,川崎市川崎区,浜町２丁目,2021/12/1,19,一戸建住宅,その他,キーなし,なし,自動二輪（50cc超）
窃盗,オートバイ盗,川崎臨港,鋼管通,141313,神奈川県,川崎市川崎区,小田７丁目,2021/4/25,17,４階建て以上共同住宅,駐車（輪）場,キーなし,なし,自動二輪（50cc超）
窃盗,オートバイ盗,川崎臨港,鋼管通,141313,神奈川県,川崎市川崎区,鋼管通４丁目,2021/9/17,18,道路上,その他,キーなし,なし,原動機付自転車（50cc以下）
窃盗,オートバイ盗,川崎臨港,鋼管通,141313,神奈川県,川崎市川崎区,田島町,2020/8/20,19,その他の住宅（３階建て以下共同住宅等）,その他,キーなし,なし,自動二輪（50cc超）
窃盗,オートバイ盗,川崎臨港,鋼管通,141313,神奈川県,川崎市川崎区,田島町,2021/3/31,10,その他,駐車（輪）場,キーあり,なし,自動二輪（50cc超）
窃盗,オートバイ盗,中原,中丸子,141330,神奈川県,川崎市中原区,中丸子,2021/11/11,21,４階建て以上共同住宅,駐車（輪）場,キーあり,なし,自動二輪（50cc超）
窃盗,オートバイ盗,中原,向河原,141330,神奈川県,川崎市中原区,市ノ坪,2021/10/20,16,その他の住宅（３階建て以下共同住宅等）,駐車（輪）場,キーなし,なし,原動機付自転車（50cc以下）
窃盗,オートバイ盗,中原,武蔵中原駅前,141330,神奈川県,川崎市中原区,今井仲町,2021/6/24,8,駐車（輪）場,駐車（輪）場,キーあり,なし,自動二輪（50cc超）
窃盗,オートバイ盗,中原,武蔵新城駅前,141330,神奈川県,川崎市中原区,上新城２丁目,2021/7/17,14,駐車（輪）場,駐車（輪）場,キーあり,なし,自動二輪（50cc超）
窃盗,オートバイ盗,中原,武蔵新城駅前,141330,神奈川県,川崎市中原区,上新城２丁目,2021/7/20,22,駐車（輪）場,駐車（輪）場,キーあり,なし,自動二輪（50cc超）
窃盗,オートバイ盗,中原,武蔵新城駅前,141330,神奈川県,川崎市中原区,新城３丁目,2021/8/7,16,その他,その他,キーなし,なし,原動機付自転車（50cc以下）
窃盗,オートバイ盗,高津,久末,141348,神奈川県,川崎市高津区,久末,2020/12/30,7,４階建て以上共同住宅,駐車（輪）場,キーなし,なし,原動機付自転車（50cc以下）
窃盗,オートバイ盗,高津,久末,141348,神奈川県,川崎市高津区,久末,2021/6/16,20,４階建て以上共同住宅,その他,キーなし,なし,自動二輪（50cc超）
窃盗,オートバイ盗,高津,久末,141348,神奈川県,川崎市高津区,東野川２丁目,2021/1/3,16,４階建て以上共同住宅,駐車（輪）場,キーなし,あり,自動二輪（50cc超）
窃盗,オートバイ盗,高津,久末,141348,神奈川県,川崎市高津区,東野川２丁目,2021/9/15,0,４階建て以上共同住宅,その他,キーなし,あり,自動二輪（50cc超）
窃盗,オートバイ盗,高津,二子新地駅前,141348,神奈川県,川崎市高津区,二子１丁目,2021/8/23,17,４階建て以上共同住宅,その他,キーなし,なし,原動機付自転車（50cc以下）
窃盗,オートバイ盗,高津,北見方,141348,神奈川県,川崎市高津区,北見方１丁目,2021/8/4,6,道路上,その他,キーなし,なし,原動機付自転車（50cc以下）
窃盗,オートバイ盗,高津,北見方,141348,神奈川県,川崎市高津区,下野毛２丁目,2021/8/15,11,その他の住宅（３階建て以下共同住宅等）,駐車（輪）場,キーあり,なし,自動二輪（50cc超）
窃盗,オートバイ盗,高津,北見方,141348,神奈川県,川崎市高津区,溝口３丁目,2021/10/19,20,４階建て以上共同住宅,駐車（輪）場,キーあり,なし,なし
窃盗,オートバイ盗,高津,千年,141348,神奈川県,川崎市高津区,北野川,2021/6/18,18,一戸建住宅,駐車（輪）場,キーあり,なし,原動機付自転車（50cc以下）
窃盗,オートバイ盗,高津,末長,141348,神奈川県,川崎市高津区,梶ケ谷２丁目,2021/11/23,19,道路上,その他,キーあり,なし,自動二輪（50cc超）
窃盗,オートバイ盗,高津,末長,141348,神奈川県,川崎市高津区,末長２丁目,2021/7/25,16,その他の住宅（３階建て以下共同住宅等）,駐車（輪）場,キーあり,なし,自動二輪（50cc超）
窃盗,オートバイ盗,高津,津田山駅前,141348,神奈川県,川崎市高津区,上作延,2020/12/31,18,４階建て以上共同住宅,駐車（輪）場,キーなし,なし,自動二輪（50cc超）
窃盗,オートバイ盗,高津,津田山駅前,141348,神奈川県,川崎市高津区,上作延,2021/10/2,21,４階建て以上共同住宅,その他,キーなし,なし,自動二輪（50cc超）
窃盗,オートバイ盗,多摩,向ヶ丘遊園駅前,141356,神奈川県,川崎市多摩区,長尾２丁目,2021/5/9,19,４階建て以上共同住宅,駐車（輪）場,キーなし,なし,自動二輪（50cc超）
窃盗,オートバイ盗,多摩,向ヶ丘遊園駅前,141356,神奈川県,川崎市多摩区,登戸,2021/3/19,7,その他の住宅（３階建て以下共同住宅等）,駐車（輪）場,キーあり,なし,原動機付自転車（50cc以下）
窃盗,オートバイ盗,多摩,向ヶ丘遊園駅前,141356,神奈川県,川崎市多摩区,登戸,2021/7/24,22,駐車（輪）場,駐車（輪）場,キーなし,なし,自動二輪（50cc超）
窃盗,オートバイ盗,多摩,宿河原,141356,神奈川県,川崎市多摩区,宿河原２丁目,2021/6/9,7,その他の住宅（３階建て以下共同住宅等）,駐車（輪）場,キーなし,なし,原動機付自転車（50cc以下）
窃盗,オートバイ盗,多摩,宿河原,141356,神奈川県,川崎市多摩区,宿河原４丁目,2021/11/21,14,４階建て以上共同住宅,その他,キーあり,なし,自動二輪（50cc超）
窃盗,オートバイ盗,多摩,生田,141356,神奈川県,川崎市多摩区,三田１丁目,2021/10/25,8,４階建て以上共同住宅,その他,キーなし,なし,原動機付自転車（50cc以下）
窃盗,オートバイ盗,多摩,登戸駅前,141356,神奈川県,川崎市多摩区,宿河原２丁目,2021/6/15,10,その他の住宅（３階建て以下共同住宅等）,駐車（輪）場,キーあり,なし,原動機付自転車（50cc以下）
窃盗,オートバイ盗,多摩,登戸駅前,141356,神奈川県,川崎市多摩区,登戸,2021/1/5,8,駐車（輪）場,駐車（輪）場,キーあり,なし,自動二輪（50cc超）
窃盗,オートバイ盗,多摩,菅,141356,神奈川県,川崎市多摩区,菅北浦５丁目,2021/12/1,8,その他の住宅（３階建て以下共同住宅等）,駐車（輪）場,キーなし,なし,自動二輪（50cc超）
窃盗,オートバイ盗,多摩,菅星ヶ丘,141356,神奈川県,川崎市多摩区,菅仙谷４丁目,2021/7/3,8,その他,駐車（輪）場,キーなし,なし,なし
窃盗,オートバイ盗,多摩,読売ランド駅前,141356,神奈川県,川崎市多摩区,三田４丁目,2021/10/27,19,駐車（輪）場,駐車（輪）場,キーあり,なし,原動機付自転車（50cc以下）
窃盗,オートバイ盗,幸,北加瀬,141321,神奈川県,川崎市幸区,北加瀬３丁目,2021/7/20,20,その他の住宅（３階建て以下共同住宅等）,駐車（輪）場,キーなし,なし,原動機付自転車（50cc以下）
窃盗,オートバイ盗,幸,南加瀬,141321,神奈川県,川崎市幸区,小倉４丁目,2021/1/25,22,その他の住宅（３階建て以下共同住宅等）,駐車（輪）場,キーなし,なし,原動機付自転車（50cc以下）
窃盗,オートバイ盗,幸,南加瀬,141321,神奈川県,川崎市幸区,小倉５丁目,2021/9/7,21,道路上,その他,キーなし,なし,自動二輪（50cc超）
窃盗,オートバイ盗,幸,川崎駅西口,141321,神奈川県,川崎市幸区,大宮町,2021/3/10,8,その他,その他,キーあり,なし,自動二輪（50cc超）
窃盗,オートバイ盗,幸,川崎駅西口,141321,神奈川県,川崎市幸区,柳町,2021/1/11,19,４階建て以上共同住宅,その他,キーあり,あり,自動二輪（50cc超）
窃盗,オートバイ盗,幸,日吉,141321,神奈川県,川崎市幸区,南加瀬３丁目,2021/11/15,14,その他の住宅（３階建て以下共同住宅等）,その他,キーなし,なし,原動機付自転車（50cc以下）
窃盗,オートバイ盗,幸,日吉,141321,神奈川県,川崎市幸区,南加瀬４丁目,2021/6/21,14,その他,駐車（輪）場,キーあり,なし,自動二輪（50cc超）
窃盗,オートバイ盗,幸,日吉,141321,神奈川県,川崎市幸区,南加瀬４丁目,不明,不明,４階建て以上共同住宅,駐車（輪）場,キーなし,なし,原動機付自転車（50cc以下）
窃盗,オートバイ盗,幸,河原町,141321,神奈川県,川崎市幸区,河原町,2021/1/12,19,４階建て以上共同住宅,その他,キーなし,あり,自動二輪（50cc超）
窃盗,オートバイ盗,幸,河原町,141321,神奈川県,川崎市幸区,河原町,2021/1/15,16,４階建て以上共同住宅,駐車（輪）場,キーなし,あり,自動二輪（50cc超）
窃盗,オートバイ盗,幸,河原町,141321,神奈川県,川崎市幸区,神明町１丁目,2020/10/10,3,その他,駐車（輪）場,キーなし,なし,原動機付自転車（50cc以下）
窃盗,オートバイ盗,宮前,宮前平駅前,141364,神奈川県,川崎市宮前区,宮前平１丁目,2021/4/11,12,その他の住宅（３階建て以下共同住宅等）,駐車（輪）場,キーなし,なし,原動機付自転車（50cc以下）
窃盗,オートバイ盗,宮前,宮前平駅前,141364,神奈川県,川崎市宮前区,南平台,2021/10/18,20,４階建て以上共同住宅,駐車（輪）場,キーあり,なし,原動機付自転車（50cc以下）
窃盗,オートバイ盗,宮前,有馬,141364,神奈川県,川崎市宮前区,東有馬２丁目,2021/11/12,12,道路上,その他,キーなし,なし,原動機付自転車（50cc以下）
窃盗,オートバイ盗,宮前,神木,141364,神奈川県,川崎市宮前区,神木本町４丁目,2021/12/19,14,道路上,その他,キーなし,なし,原動機付自転車（50cc以下）
窃盗,オートバイ盗,宮前,神木,141364,神奈川県,川崎市宮前区,平１丁目,2021/10/27,0,その他の住宅（３階建て以下共同住宅等）,駐車（輪）場,キーなし,なし,原動機付自転車（50cc以下）
窃盗,オートバイ盗,宮前,神木,141364,神奈川県,川崎市宮前区,平１丁目,2021/10/27,8,その他,その他,キーなし,なし,原動機付自転車（50cc以下）
窃盗,オートバイ盗,宮前,神木,141364,神奈川県,川崎市宮前区,平２丁目,2021/10/26,16,４階建て以上共同住宅,駐車（輪）場,キーなし,なし,原動機付自転車（50cc以下）
窃盗,オートバイ盗,宮前,神木,141364,神奈川県,川崎市宮前区,平２丁目,2021/10/27,16,４階建て以上共同住宅,駐車（輪）場,キーあり,なし,原動機付自転車（50cc以下）
窃盗,オートバイ盗,宮前,神木,141364,神奈川県,川崎市宮前区,平２丁目,2021/10/27,19,４階建て以上共同住宅,駐車（輪）場,キーなし,なし,原動機付自転車（50cc以下）
窃盗,オートバイ盗,宮前,蔵敷,141364,神奈川県,川崎市宮前区,菅生４丁目,2021/3/19,20,一戸建住宅,その他,キーなし,なし,原動機付自転車（50cc以下）
窃盗,オートバイ盗,宮前,野川,141364,神奈川県,川崎市宮前区,,2021/1/6,23,４階建て以上共同住宅,駐車（輪）場,キーなし,なし,自動二輪（50cc超）
窃盗,オートバイ盗,宮前,野川,141364,神奈川県,川崎市宮前区,,2021/6/6,21,４階建て以上共同住宅,その他,キーあり,なし,原動機付自転車（50cc以下）
窃盗,オートバイ盗,宮前,野川,141364,神奈川県,川崎市宮前区,野川本町２丁目,2021/1/10,20,その他の住宅（３階建て以下共同住宅等）,駐車（輪）場,キーなし,なし,自動二輪（50cc超）
窃盗,オートバイ盗,宮前,野川,141364,神奈川県,川崎市宮前区,西野川３丁目,2021/5/2,7,一戸建住宅,駐車（輪）場,キーあり,なし,自動二輪（50cc超）
窃盗,オートバイ盗,宮前,野川,141364,神奈川県,川崎市宮前区,西野川３丁目,2021/6/7,18,その他の住宅（３階建て以下共同住宅等）,駐車（輪）場,キーあり,なし,自動二輪（50cc超）
窃盗,オートバイ盗,宮前,馬絹,141364,神奈川県,川崎市宮前区,梶ケ谷,2021/1/15,19,一戸建住宅,駐車（輪）場,キーなし,あり,自動二輪（50cc超）
窃盗,オートバイ盗,宮前,馬絹,141364,神奈川県,川崎市宮前区,梶ケ谷,2021/11/23,7,その他,その他,キーあり,なし,原動機付自転車（50cc以下）
窃盗,オートバイ盗,宮前,馬絹,141364,神奈川県,川崎市宮前区,馬絹１丁目,2019/12/10,16,その他の住宅（３階建て以下共同住宅等）,駐車（輪）場,キーなし,なし,自動二輪（50cc超）
窃盗,オートバイ盗,宮前,馬絹,141364,神奈川県,川崎市宮前区,馬絹４丁目,2021/1/11,19,その他の住宅（３階建て以下共同住宅等）,駐車（輪）場,キーなし,なし,自動二輪（50cc超）
窃盗,オートバイ盗,宮前,馬絹,141364,神奈川県,川崎市宮前区,馬絹４丁目,2021/10/24,16,一戸建住宅,駐車（輪）場,キーなし,なし,原動機付自転車（50cc以下）
窃盗,オートバイ盗,宮前,馬絹,141364,神奈川県,川崎市宮前区,宮崎,2021/11/26,20,その他,その他,キーあり,なし,原動機付自転車（50cc以下）
窃盗,オートバイ盗,宮前,鷺沼駅前,141364,神奈川県,川崎市宮前区,有馬８丁目,2021/5/26,12,４階建て以上共同住宅,その他,キーあり,なし,原動機付自転車（50cc以下）
窃盗,オートバイ盗,宮前,鷺沼駅前,141364,神奈川県,川崎市宮前区,有馬９丁目,2020/12/18,17,４階建て以上共同住宅,駐車（輪）場,キーなし,あり,自動二輪（50cc超）
窃盗,オートバイ盗,横須賀,上町三丁目,142018,神奈川県,横須賀市,佐野町５丁目,2021/10/4,20,道路上,その他,キーなし,なし,原動機付自転車（50cc以下）
窃盗,オートバイ盗,横須賀,中央駅前,142018,神奈川県,横須賀市,新港町,2021/6/5,11,道路上,その他,キーなし,なし,自動二輪（50cc超）
窃盗,オートバイ盗,横須賀,中央駅前,142018,神奈川県,横須賀市,本町２丁目,2021/3/15,14,その他,駐車（輪）場,キーあり,なし,原動機付自転車（50cc以下）
窃盗,オートバイ盗,横須賀,公郷町,142018,神奈川県,横須賀市,公郷町４丁目,2021/9/3,17,道路上,その他,キーなし,あり,原動機付自転車（50cc以下）
窃盗,オートバイ盗,横須賀,坂本町,142018,神奈川県,横須賀市,平和台,2021/10/10,16,４階建て以上共同住宅,駐車（輪）場,キーなし,なし,自動二輪（50cc超）
窃盗,オートバイ盗,横須賀,安浦町,142018,神奈川県,横須賀市,三春町５丁目,2021/10/11,18,４階建て以上共同住宅,駐車（輪）場,キーなし,なし,原動機付自転車（50cc以下）
窃盗,オートバイ盗,横須賀,安浦町,142018,神奈川県,横須賀市,三春町６丁目,2021/6/2,21,その他の住宅（３階建て以下共同住宅等）,駐車（輪）場,キーなし,なし,原動機付自転車（50cc以下）
窃盗,オートバイ盗,横須賀,安浦町,142018,神奈川県,横須賀市,安浦町３丁目,2021/1/11,17,その他の住宅（３階建て以下共同住宅等）,その他,キーあり,なし,原動機付自転車（50cc以下）
窃盗,オートバイ盗,横須賀,本町,142018,神奈川県,横須賀市,本町２丁目,2021/2/23,16,その他,駐車（輪）場,キーあり,なし,原動機付自転車（50cc以下）
窃盗,オートバイ盗,横須賀,森崎町,142018,神奈川県,横須賀市,大矢部１丁目,2021/7/6,14,道路上,その他,キーあり,なし,自動二輪（50cc超）
窃盗,オートバイ盗,横須賀,森崎町,142018,神奈川県,横須賀市,大矢部２丁目,2021/7/13,18,道路上,その他,キーあり,なし,自動二輪（50cc超）
窃盗,オートバイ盗,横須賀,森崎町,142018,神奈川県,横須賀市,大矢部４丁目,2021/2/11,23,一戸建住宅,駐車（輪）場,キーなし,なし,自動二輪（50cc超）
窃盗,オートバイ盗,横須賀,池上,142018,神奈川県,横須賀市,池上４丁目,2021/3/28,21,駐車（輪）場,駐車（輪）場,キーなし,なし,自動二輪（50cc超）
窃盗,オートバイ盗,横須賀,衣笠駅前,142018,神奈川県,横須賀市,衣笠栄町２丁目,2021/1/4,7,駐車（輪）場,駐車（輪）場,キーなし,なし,原動機付自転車（50cc以下）
窃盗,オートバイ盗,横須賀,衣笠駅前,142018,神奈川県,横須賀市,汐見台１丁目,2021/5/27,21,４階建て以上共同住宅,駐車（輪）場,キーあり,なし,原動機付自転車（50cc以下）
窃盗,オートバイ盗,横須賀,衣笠駅前,142018,神奈川県,横須賀市,汐見台１丁目,2021/6/2,17,４階建て以上共同住宅,駐車（輪）場,キーなし,なし,原動機付自転車（50cc以下）
窃盗,オートバイ盗,横須賀,衣笠駅前,142018,神奈川県,横須賀市,汐見台１丁目,2021/10/8,17,４階建て以上共同住宅,駐車（輪）場,キーなし,なし,自動二輪（50cc超）
窃盗,オートバイ盗,横須賀,衣笠駅前,142018,神奈川県,横須賀市,汐見台３丁目,2021/10/6,15,一戸建住宅,その他,キーなし,なし,自動二輪（50cc超）
窃盗,オートバイ盗,横須賀,衣笠駅前,142018,神奈川県,横須賀市,平作７丁目,2021/9/9,8,駐車（輪）場,駐車（輪）場,キーあり,なし,原動機付自転車（50cc以下）
窃盗,オートバイ盗,横須賀,衣笠駅前,142018,神奈川県,横須賀市,望洋台,2021/7/2,21,一戸建住宅,その他,キーなし,なし,原動機付自転車（50cc以下）
窃盗,オートバイ盗,田浦,浦郷町,142018,神奈川県,横須賀市,浜見台１丁目,2021/6/14,20,道路上,その他,キーあり,なし,自動二輪（50cc超）
窃盗,オートバイ盗,田浦,追浜駅前,142018,神奈川県,横須賀市,追浜本町２丁目,2021/2/17,11,４階建て以上共同住宅,その他,キーなし,なし,自動二輪（50cc超）
窃盗,オートバイ盗,浦賀,かもめ団地,142018,神奈川県,横須賀市,東浦賀２丁目,2021/8/15,19,一戸建住宅,駐車（輪）場,キーなし,なし,自動二輪（50cc超）
窃盗,オートバイ盗,浦賀,久里浜,142018,神奈川県,横須賀市,久里浜４丁目,2021/5/21,15,一戸建住宅,その他,キーなし,なし,自動二輪（50cc超）
窃盗,オートバイ盗,浦賀,久里浜,142018,神奈川県,横須賀市,久里浜５丁目,2021/10/2,14,その他,駐車（輪）場,キーあり,なし,自動二輪（50cc超）
窃盗,オートバイ盗,浦賀,久里浜,142018,神奈川県,横須賀市,久里浜５丁目,2021/10/10,13,その他,駐車（輪）場,キーあり,なし,自動二輪（50cc超）
窃盗,オートバイ盗,浦賀,二葉,142018,神奈川県,横須賀市,二葉２丁目,2021/8/24,16,駐車（輪）場,駐車（輪）場,キーなし,なし,原動機付自転車（50cc以下）
窃盗,オートバイ盗,浦賀,佐原,142018,神奈川県,横須賀市,粟田２丁目,2021/1/16,13,道路上,その他,キーあり,なし,原動機付自転車（50cc以下）
窃盗,オートバイ盗,浦賀,佐原,142018,神奈川県,横須賀市,岩戸５丁目,2021/10/7,22,一戸建住宅,駐車（輪）場,キーなし,なし,自動二輪（50cc超）
窃盗,オートバイ盗,浦賀,佐原,142018,神奈川県,横須賀市,佐原２丁目,2021/4/15,14,その他,駐車（輪）場,キーなし,なし,自動二輪（50cc超）
窃盗,オートバイ盗,浦賀,浦賀地区,142018,神奈川県,横須賀市,浦賀３丁目,2021/8/22,2,その他の住宅（３階建て以下共同住宅等）,駐車（輪）場,キーなし,なし,原動機付自転車（50cc以下）
窃盗,オートバイ盗,藤沢北,六会日大駅前,142051,神奈川県,藤沢市,亀井野,2019/3/20,12,その他,駐車（輪）場,キーなし,なし,自動二輪（50cc超）
窃盗,オートバイ盗,藤沢北,六会日大駅前,142051,神奈川県,藤沢市,亀井野,2021/9/18,18,その他,駐車（輪）場,キーなし,なし,原動機付自転車（50cc以下）
窃盗,オートバイ盗,藤沢北,六会日大駅前,142051,神奈川県,藤沢市,亀井野１丁目,2021/9/28,9,道路上,その他,キーあり,なし,原動機付自転車（50cc以下）
窃盗,オートバイ盗,藤沢北,六会日大駅前,142051,神奈川県,藤沢市,亀井野４丁目,2021/7/31,22,その他の住宅（３階建て以下共同住宅等）,駐車（輪）場,キーなし,あり,自動二輪（50cc超）
窃盗,オートバイ盗,藤沢北,六会日大駅前,142051,神奈川県,藤沢市,天神町１丁目,2021/9/13,10,一戸建住宅,駐車（輪）場,キーなし,なし,自動二輪（50cc超）
窃盗,オートバイ盗,藤沢北,六会日大駅前,142051,神奈川県,藤沢市,天神町１丁目,2021/9/17,22,一戸建住宅,その他,キーなし,なし,原動機付自転車（50cc以下）
窃盗,オートバイ盗,藤沢北,善行,142051,神奈川県,藤沢市,善行３丁目,2021/2/1,19,その他の住宅（３階建て以下共同住宅等）,駐車（輪）場,キーなし,なし,自動二輪（50cc超）
窃盗,オートバイ盗,藤沢北,善行,142051,神奈川県,藤沢市,善行団地,2021/8/10,20,４階建て以上共同住宅,その他,キーなし,なし,原動機付自転車（50cc以下）
窃盗,オートバイ盗,藤沢北,善行,142051,神奈川県,藤沢市,善行団地,2021/8/29,16,４階建て以上共同住宅,駐車（輪）場,キーなし,なし,自動二輪（50cc超）
窃盗,オートバイ盗,藤沢北,善行,142051,神奈川県,藤沢市,善行団地,2021/10/26,18,４階建て以上共同住宅,駐車（輪）場,キーなし,なし,自動二輪（50cc超）
窃盗,オートバイ盗,藤沢北,善行,142051,神奈川県,藤沢市,善行団地,2021/12/7,18,その他,駐車（輪）場,キーあり,なし,原動機付自転車（50cc以下）
窃盗,オートバイ盗,藤沢北,善行,142051,神奈川県,藤沢市,本藤沢５丁目,2021/5/24,7,その他,駐車（輪）場,キーあり,なし,原動機付自転車（50cc以下）
窃盗,オートバイ盗,藤沢北,善行,142051,神奈川県,藤沢市,善行坂１丁目,2021/5/6,20,その他の住宅（３階建て以下共同住宅等）,駐車（輪）場,キーなし,なし,自動二輪（50cc超）
窃盗,オートバイ盗,藤沢北,御所見,142051,神奈川県,藤沢市,葛原,2021/6/1,18,一戸建住宅,駐車（輪）場,キーなし,なし,原動機付自転車（50cc以下）
窃盗,オートバイ盗,藤沢北,湘南ライフタウン,142051,神奈川県,藤沢市,石川４丁目,2020/10/23,18,その他の住宅（３階建て以下共同住宅等）,駐車（輪）場,キーなし,なし,原動機付自転車（50cc以下）
窃盗,オートバイ盗,藤沢北,湘南ライフタウン,142051,神奈川県,藤沢市,遠藤,2021/1/30,21,一戸建住宅,駐車（輪）場,キーなし,なし,自動二輪（50cc超）
窃盗,オートバイ盗,藤沢北,湘南ライフタウン,142051,神奈川県,藤沢市,遠藤,2021/5/2,17,４階建て以上共同住宅,駐車（輪）場,キーなし,なし,自動二輪（50cc超）
窃盗,オートバイ盗,藤沢北,湘南ライフタウン,142051,神奈川県,藤沢市,大庭,2020/12/31,15,その他の住宅（３階建て以下共同住宅等）,その他,キーなし,なし,自動二輪（50cc超）
窃盗,オートバイ盗,藤沢北,湘南ライフタウン,142051,神奈川県,藤沢市,大庭,2021/1/21,20,４階建て以上共同住宅,駐車（輪）場,キーなし,なし,自動二輪（50cc超）
窃盗,オートバイ盗,藤沢北,湘南ライフタウン,142051,神奈川県,藤沢市,大庭,2021/5/18,14,その他,駐車（輪）場,キーあり,なし,原動機付自転車（50cc以下）
窃盗,オートバイ盗,藤沢北,湘南台駅東口,142051,神奈川県,藤沢市,高倉,2021/10/17,12,その他の住宅（３階建て以下共同住宅等）,駐車（輪）場,キーなし,なし,自動二輪（50cc超）
窃盗,オートバイ盗,藤沢北,湘南台駅東口,142051,神奈川県,藤沢市,湘南台１丁目,2021/2/4,14,その他,駐車（輪）場,キーなし,なし,原動機付自転車（50cc以下）
窃盗,オートバイ盗,藤沢北,湘南台駅東口,142051,神奈川県,藤沢市,湘南台６丁目,2021/3/5,10,その他,駐車（輪）場,キーなし,なし,原動機付自転車（50cc以下）
窃盗,オートバイ盗,藤沢北,湘南台駅西口,142051,神奈川県,藤沢市,円行,2021/2/10,7,その他の住宅（３階建て以下共同住宅等）,駐車（輪）場,キーなし,なし,原動機付自転車（50cc以下）
窃盗,オートバイ盗,藤沢北,湘南台駅西口,142051,神奈川県,藤沢市,亀井野２丁目,2021/2/25,6,一戸建住宅,駐車（輪）場,キーなし,なし,自動二輪（50cc超）
窃盗,オートバイ盗,藤沢北,湘南台駅西口,142051,神奈川県,藤沢市,湘南台３丁目,2021/2/13,16,その他の住宅（３階建て以下共同住宅等）,駐車（輪）場,キーなし,なし,自動二輪（50cc超）
窃盗,オートバイ盗,藤沢北,湘南台駅西口,142051,神奈川県,藤沢市,湘南台４丁目,2021/8/31,11,一戸建住宅,駐車（輪）場,キーあり,なし,原動機付自転車（50cc以下）
窃盗,オートバイ盗,藤沢北,湘南台駅西口,142051,神奈川県,藤沢市,湘南台４丁目,2021/10/26,8,４階建て以上共同住宅,駐車（輪）場,キーあり,あり,自動二輪（50cc超）
窃盗,オートバイ盗,藤沢北,石川,142051,神奈川県,藤沢市,石川１丁目,2020/6/14,12,その他の住宅（３階建て以下共同住宅等）,駐車（輪）場,キーなし,なし,原動機付自転車（50cc以下）
窃盗,オートバイ盗,藤沢北,石川,142051,神奈川県,藤沢市,石川４丁目,2021/3/7,20,その他の住宅（３階建て以下共同住宅等）,駐車（輪）場,キーなし,なし,自動二輪（50cc超）
窃盗,オートバイ盗,藤沢北,石川,142051,神奈川県,藤沢市,石川４丁目,2021/4/30,20,その他の住宅（３階建て以下共同住宅等）,駐車（輪）場,キーなし,あり,原動機付自転車（50cc以下）
窃盗,オートバイ盗,藤沢北,長後駅前,142051,神奈川県,藤沢市,下土棚,2021/9/4,7,その他の住宅（３階建て以下共同住宅等）,駐車（輪）場,キーなし,なし,自動二輪（50cc超）
窃盗,オートバイ盗,藤沢北,長後駅前,142051,神奈川県,藤沢市,下土棚,2021/9/17,8,駐車（輪）場,駐車（輪）場,キーなし,なし,原動機付自転車（50cc以下）
窃盗,オートバイ盗,藤沢北,長後駅前,142051,神奈川県,藤沢市,長後,2021/9/16,18,道路上,その他,キーなし,なし,原動機付自転車（50cc以下）
窃盗,オートバイ盗,三崎,三浦海岸駅前,142107,神奈川県,三浦市,南下浦町上宮田,2021/2/11,20,その他の住宅（３階建て以下共同住宅等）,駐車（輪）場,キーなし,なし,自動二輪（50cc超）
窃盗,オートバイ盗,三崎,三浦海岸駅前,142107,神奈川県,三浦市,南下浦町上宮田,2021/5/26,18,一戸建住宅,駐車（輪）場,キーなし,なし,自動二輪（50cc超）
窃盗,オートバイ盗,三崎,三浦海岸駅前,142107,神奈川県,三浦市,南下浦町上宮田,2021/9/10,16,駐車（輪）場,駐車（輪）場,キーあり,なし,原動機付自転車（50cc以下）
窃盗,オートバイ盗,三崎,金田,142107,神奈川県,三浦市,南下浦町金田,2021/11/1,16,一戸建住宅,駐車（輪）場,キーなし,なし,自動二輪（50cc超）
窃盗,オートバイ盗,葉山,堀内,143014,神奈川県,葉山町,一色,2021/8/1,16,その他,その他,キーあり,なし,自動二輪（50cc超）
窃盗,オートバイ盗,逗子,池子,142085,神奈川県,逗子市,池子１丁目,2021/6/15,18,道路上,その他,キーあり,なし,自動二輪（50cc超）
窃盗,オートバイ盗,逗子,逗子ハイランド,142085,神奈川県,逗子市,久木８丁目,2021/1/19,12,一戸建住宅,駐車（輪）場,キーなし,なし,自動二輪（50cc超）
窃盗,オートバイ盗,鎌倉,滑川,142042,神奈川県,鎌倉市,材木座３丁目,2021/10/20,17,道路上,その他,キーなし,なし,原動機付自転車（50cc以下）
窃盗,オートバイ盗,鎌倉,滑川,142042,神奈川県,鎌倉市,材木座５丁目,2021/7/27,15,一戸建住宅,駐車（輪）場,キーなし,なし,自動二輪（50cc超）
窃盗,オートバイ盗,鎌倉,滑川,142042,神奈川県,鎌倉市,材木座５丁目,2021/9/8,13,道路上,その他,キーあり,なし,自動二輪（50cc超）
窃盗,オートバイ盗,大船,台,142042,神奈川県,鎌倉市,台２丁目,2021/5/31,0,その他の住宅（３階建て以下共同住宅等）,駐車（輪）場,キーあり,なし,自動二輪（50cc超）
窃盗,オートバイ盗,藤沢,川名,142051,神奈川県,藤沢市,川名,2021/5/18,16,道路上,その他,キーあり,なし,自動二輪（50cc超）
窃盗,オートバイ盗,藤沢,川名,142051,神奈川県,藤沢市,渡内４丁目,2021/6/17,21,道路上,その他,キーなし,なし,自動二輪（50cc超）
窃盗,オートバイ盗,藤沢,江の島,142051,神奈川県,藤沢市,江の島１丁目,2021/4/3,19,駐車（輪）場,駐車（輪）場,キーなし,なし,原動機付自転車（50cc以下）
窃盗,オートバイ盗,藤沢,浜見山,142051,神奈川県,藤沢市,辻堂太平台２丁目,2020/11/7,1,その他の住宅（３階建て以下共同住宅等）,駐車（輪）場,キーなし,なし,自動二輪（50cc超）
窃盗,オートバイ盗,藤沢,片瀬江の島,142051,神奈川県,藤沢市,片瀬４丁目,2021/9/3,23,その他の住宅（３階建て以下共同住宅等）,駐車（輪）場,キーあり,なし,自動二輪（50cc超）
窃盗,オートバイ盗,藤沢,片瀬江の島,142051,神奈川県,藤沢市,片瀬５丁目,2021/8/21,0,道路上,その他,キーあり,なし,原動機付自転車（50cc以下）
窃盗,オートバイ盗,藤沢,片瀬江の島,142051,神奈川県,藤沢市,片瀬海岸２丁目,2021/8/30,10,その他,その他,キーなし,なし,原動機付自転車（50cc以下）
窃盗,オートバイ盗,藤沢,片瀬江の島,142051,神奈川県,藤沢市,鵠沼海岸１丁目,2021/6/16,15,道路上,その他,キーなし,なし,自動二輪（50cc超）
窃盗,オートバイ盗,藤沢,羽鳥,142051,神奈川県,藤沢市,城南１丁目,2021/1/11,17,その他の住宅（３階建て以下共同住宅等）,その他,キーなし,あり,自動二輪（50cc超）
窃盗,オートバイ盗,藤沢,羽鳥,142051,神奈川県,藤沢市,辻堂神台１丁目,2021/1/15,8,駐車（輪）場,駐車（輪）場,キーあり,なし,原動機付自転車（50cc以下）
窃盗,オートバイ盗,藤沢,羽鳥,142051,神奈川県,藤沢市,辻堂神台１丁目,2021/5/15,20,その他,駐車（輪）場,キーあり,なし,原動機付自転車（50cc以下）
窃盗,オートバイ盗,藤沢,羽鳥,142051,神奈川県,藤沢市,辻堂神台１丁目,2021/5/20,7,駐車（輪）場,駐車（輪）場,キーあり,なし,原動機付自転車（50cc以下）
窃盗,オートバイ盗,藤沢,羽鳥,142051,神奈川県,藤沢市,辻堂神台１丁目,2021/7/13,18,駐車（輪）場,駐車（輪）場,キーあり,なし,原動機付自転車（50cc以下）
窃盗,オートバイ盗,藤沢,羽鳥,142051,神奈川県,藤沢市,辻堂神台１丁目,2021/7/27,0,駐車（輪）場,駐車（輪）場,キーあり,なし,原動機付自転車（50cc以下）
窃盗,オートバイ盗,藤沢,羽鳥,142051,神奈川県,藤沢市,辻堂神台１丁目,2021/8/12,9,駐車（輪）場,駐車（輪）場,キーあり,なし,原動機付自転車（50cc以下）
窃盗,オートバイ盗,藤沢,羽鳥,142051,神奈川県,藤沢市,辻堂神台１丁目,2021/10/5,18,駐車（輪）場,駐車（輪）場,キーなし,なし,原動機付自転車（50cc以下）
窃盗,オートバイ盗,藤沢,羽鳥,142051,神奈川県,藤沢市,辻堂神台１丁目,2021/10/13,16,その他,駐車（輪）場,キーあり,なし,自動二輪（50cc超）
窃盗,オートバイ盗,藤沢,羽鳥,142051,神奈川県,藤沢市,辻堂神台１丁目,2021/10/14,20,その他,駐車（輪）場,キーあり,なし,自動二輪（50cc超）
窃盗,オートバイ盗,藤沢,羽鳥,142051,神奈川県,藤沢市,辻堂神台１丁目,2021/12/26,13,駐車（輪）場,駐車（輪）場,キーあり,なし,原動機付自転車（50cc以下）
窃盗,オートバイ盗,藤沢,藤沢駅北口,142051,神奈川県,藤沢市,藤沢,2021/10/7,9,その他,駐車（輪）場,キーあり,なし,原動機付自転車（50cc以下）
窃盗,オートバイ盗,藤沢,藤沢駅南口,142051,神奈川県,藤沢市,鵠沼橘１丁目,2021/12/10,15,その他,駐車（輪）場,キーなし,なし,原動機付自転車（50cc以下）
窃盗,オートバイ盗,藤沢,藤沢駅南口,142051,神奈川県,藤沢市,南藤沢,2021/1/18,14,駐車（輪）場,駐車（輪）場,キーなし,なし,自動二輪（50cc超）
窃盗,オートバイ盗,藤沢,辻堂駅前,142051,神奈川県,藤沢市,辻堂１丁目,2021/3/22,10,駐車（輪）場,駐車（輪）場,キーあり,なし,自動二輪（50cc超）
窃盗,オートバイ盗,藤沢,辻堂駅前,142051,神奈川県,藤沢市,辻堂１丁目,2021/11/24,7,駐車（輪）場,駐車（輪）場,キーなし,なし,原動機付自転車（50cc以下）
窃盗,オートバイ盗,藤沢,辻堂駅前,142051,神奈川県,藤沢市,辻堂新町３丁目,2021/11/17,19,一戸建住宅,駐車（輪）場,キーなし,なし,自動二輪（50cc超）
窃盗,オートバイ盗,藤沢,辻堂駅前,142051,神奈川県,藤沢市,辻堂元町１丁目,2021/1/25,20,その他,その他,キーなし,なし,自動二輪（50cc超）
窃盗,オートバイ盗,藤沢,辻堂駅前,142051,神奈川県,藤沢市,辻堂元町１丁目,2021/6/21,20,その他の住宅（３階建て以下共同住宅等）,駐車（輪）場,キーなし,なし,自動二輪（50cc超）
窃盗,オートバイ盗,藤沢,遊行寺坂上,142051,神奈川県,藤沢市,柄沢２丁目,2021/3/19,20,一戸建住宅,駐車（輪）場,キーなし,なし,原動機付自転車（50cc以下）
窃盗,オートバイ盗,藤沢,鵠沼海岸駅前,142051,神奈川県,藤沢市,鵠沼海岸１丁目,2021/5/4,7,その他,駐車（輪）場,キーなし,なし,原動機付自転車（50cc以下）
窃盗,オートバイ盗,茅ケ崎,中海岸,142077,神奈川県,茅ヶ崎市,東海岸南１丁目,2021/9/12,22,駐車（輪）場,駐車（輪）場,キーあり,なし,原動機付自転車（50cc以下）
窃盗,オートバイ盗,茅ケ崎,今宿,142077,神奈川県,茅ヶ崎市,中島,2021/11/22,18,道路上,その他,キーなし,なし,自動二輪（50cc超）
窃盗,オートバイ盗,茅ケ崎,今宿,142077,神奈川県,茅ヶ崎市,萩園,2021/1/25,18,４階建て以上共同住宅,その他,キーなし,なし,自動二輪（50cc超）
窃盗,オートバイ盗,茅ケ崎,今宿,142077,神奈川県,茅ヶ崎市,萩園,2021/5/10,16,一戸建住宅,駐車（輪）場,キーなし,なし,原動機付自転車（50cc以下）
窃盗,オートバイ盗,茅ケ崎,宮山,143219,神奈川県,寒川町,宮山,2021/4/2,9,４階建て以上共同住宅,その他,キーあり,なし,原動機付自転車（50cc以下）
窃盗,オートバイ盗,茅ケ崎,寒川駅前,143219,神奈川県,寒川町,一之宮５丁目,2021/5/10,17,その他,駐車（輪）場,キーあり,なし,自動二輪（50cc超）
窃盗,オートバイ盗,茅ケ崎,寒川駅前,143219,神奈川県,寒川町,大曲２丁目,2021/5/26,15,その他,駐車（輪）場,キーあり,なし,自動二輪（50cc超）
窃盗,オートバイ盗,茅ケ崎,寒川駅前,143219,神奈川県,寒川町,岡田,2018/7/20,18,その他,その他,キーなし,なし,原動機付自転車（50cc以下）
窃盗,オートバイ盗,茅ケ崎,小出,142077,神奈川県,茅ヶ崎市,芹沢,2021/7/1,22,道路上,その他,キーあり,なし,自動二輪（50cc超）
窃盗,オートバイ盗,茅ケ崎,小出,142077,神奈川県,茅ヶ崎市,堤,2021/1/26,16,一戸建住宅,駐車（輪）場,キーなし,なし,自動二輪（50cc超）
窃盗,オートバイ盗,茅ケ崎,小和田,142077,神奈川県,茅ヶ崎市,小和田１丁目,2020/5/4,19,その他の住宅（３階建て以下共同住宅等）,駐車（輪）場,キーなし,なし,自動二輪（50cc超）
窃盗,オートバイ盗,茅ケ崎,小和田,142077,神奈川県,茅ヶ崎市,松林１丁目,2021/7/9,23,一戸建住宅,駐車（輪）場,キーなし,なし,自動二輪（50cc超）
窃盗,オートバイ盗,茅ケ崎,岡田,143219,神奈川県,寒川町,岡田３丁目,2021/10/22,22,その他の住宅（３階建て以下共同住宅等）,駐車（輪）場,キーなし,なし,自動二輪（50cc超）
窃盗,オートバイ盗,茅ケ崎,平和町,142077,神奈川県,茅ヶ崎市,浜須賀,2021/7/27,21,一戸建住宅,その他,キーあり,なし,原動機付自転車（50cc以下）
窃盗,オートバイ盗,茅ケ崎,平和町,142077,神奈川県,茅ヶ崎市,浜須賀,2021/7/27,23,一戸建住宅,その他,キーあり,なし,原動機付自転車（50cc以下）
窃盗,オートバイ盗,茅ケ崎,浜竹,142077,神奈川県,茅ヶ崎市,常盤町,2021/8/11,23,一戸建住宅,その他,キーあり,なし,原動機付自転車（50cc以下）
窃盗,オートバイ盗,茅ケ崎,浜竹,142077,神奈川県,茅ヶ崎市,富士見町,2021/7/25,17,一戸建住宅,駐車（輪）場,キーあり,なし,自動二輪（50cc超）
窃盗,オートバイ盗,茅ケ崎,浜見平,142077,神奈川県,茅ヶ崎市,浜見平,2021/3/17,14,４階建て以上共同住宅,その他,キーなし,なし,原動機付自転車（50cc以下）
窃盗,オートバイ盗,茅ケ崎,浜見平,142077,神奈川県,茅ヶ崎市,柳島１丁目,2021/8/16,19,一戸建住宅,駐車（輪）場,キーなし,なし,原動機付自転車（50cc以下）
窃盗,オートバイ盗,茅ケ崎,浜見平,142077,神奈川県,茅ヶ崎市,柳島海岸,2016/4/30,21,一戸建住宅,その他,キーなし,なし,自動二輪（50cc超）
窃盗,オートバイ盗,茅ケ崎,茅ケ崎駅前,142077,神奈川県,茅ヶ崎市,新栄町,2021/1/25,10,駐車（輪）場,駐車（輪）場,キーなし,なし,原動機付自転車（50cc以下）
窃盗,オートバイ盗,茅ケ崎,茅ケ崎駅前,142077,神奈川県,茅ヶ崎市,新栄町,2021/7/30,12,その他,駐車（輪）場,キーあり,なし,自動二輪（50cc超）
窃盗,オートバイ盗,茅ケ崎,茅ケ崎駅前,142077,神奈川県,茅ヶ崎市,新栄町,2021/12/28,17,４階建て以上共同住宅,その他,キーなし,なし,原動機付自転車（50cc以下）
窃盗,オートバイ盗,茅ケ崎,茅ケ崎駅前,142077,神奈川県,茅ヶ崎市,茅ヶ崎,2021/1/16,8,駐車（輪）場,駐車（輪）場,キーあり,なし,自動二輪（50cc超）
窃盗,オートバイ盗,茅ケ崎,茅ケ崎駅前,142077,神奈川県,茅ヶ崎市,茅ヶ崎,2021/7/5,20,駐車（輪）場,駐車（輪）場,キーなし,あり,自動二輪（50cc超）
窃盗,オートバイ盗,茅ケ崎,茅ケ崎駅前,142077,神奈川県,茅ヶ崎市,茅ヶ崎,2021/8/1,12,駐車（輪）場,駐車（輪）場,キーなし,なし,原動機付自転車（50cc以下）
窃盗,オートバイ盗,茅ケ崎,茅ケ崎駅前,142077,神奈川県,茅ヶ崎市,茅ヶ崎３丁目,2021/2/25,9,その他,駐車（輪）場,キーあり,なし,原動機付自転車（50cc以下）
窃盗,オートバイ盗,茅ケ崎,茅ケ崎駅前,142077,神奈川県,茅ヶ崎市,茅ヶ崎３丁目,2021/7/23,7,その他,駐車（輪）場,キーなし,なし,自動二輪（50cc超）
窃盗,オートバイ盗,茅ケ崎,茅ケ崎駅前,142077,神奈川県,茅ヶ崎市,茅ヶ崎３丁目,2021/11/21,17,その他,駐車（輪）場,キーあり,なし,原動機付自転車（50cc以下）
窃盗,オートバイ盗,茅ケ崎,茅ケ崎駅前,142077,神奈川県,茅ヶ崎市,本村１丁目,2021/1/16,12,一戸建住宅,駐車（輪）場,キーなし,なし,原動機付自転車（50cc以下）
窃盗,オートバイ盗,茅ケ崎,茅ケ崎駅前,142077,神奈川県,茅ヶ崎市,本村３丁目,2021/7/3,12,その他,駐車（輪）場,キーあり,なし,原動機付自転車（50cc以下）
窃盗,オートバイ盗,茅ケ崎,茅ケ崎駅前,142077,神奈川県,茅ヶ崎市,元町,2021/5/8,22,駐車（輪）場,駐車（輪）場,キーなし,なし,原動機付自転車（50cc以下）
窃盗,オートバイ盗,茅ケ崎,茅ケ崎駅前,142077,神奈川県,茅ヶ崎市,元町,2021/6/9,23,その他,その他,キーなし,なし,自動二輪（50cc超）
窃盗,オートバイ盗,茅ケ崎,茅ケ崎駅前,142077,神奈川県,茅ヶ崎市,元町,2021/10/31,16,駐車（輪）場,駐車（輪）場,キーあり,なし,自動二輪（50cc超）
窃盗,オートバイ盗,茅ケ崎,茅ケ崎駅前,142077,神奈川県,茅ヶ崎市,元町,2021/11/14,12,その他,その他,キーあり,なし,原動機付自転車（50cc以下）
窃盗,オートバイ盗,茅ケ崎,茅ケ崎駅前,142077,神奈川県,茅ヶ崎市,元町,2021/12/2,11,駐車（輪）場,駐車（輪）場,キーあり,なし,自動二輪（50cc超）
窃盗,オートバイ盗,茅ケ崎,茅ケ崎駅南口,142077,神奈川県,茅ヶ崎市,幸町,2021/5/11,19,道路上,その他,キーあり,なし,原動機付自転車（50cc以下）
窃盗,オートバイ盗,茅ケ崎,茅ケ崎駅南口,142077,神奈川県,茅ヶ崎市,共恵１丁目,2021/7/18,23,その他の住宅（３階建て以下共同住宅等）,その他,キーなし,なし,自動二輪（50cc超）
窃盗,オートバイ盗,茅ケ崎,西久保,142077,神奈川県,茅ヶ崎市,西久保,2021/8/16,13,その他の住宅（３階建て以下共同住宅等）,駐車（輪）場,キーあり,なし,原動機付自転車（50cc以下）
窃盗,オートバイ盗,茅ケ崎,西久保,142077,神奈川県,茅ヶ崎市,西久保,2021/10/1,17,一戸建住宅,その他,キーなし,なし,自動二輪（50cc超）
窃盗,オートバイ盗,茅ケ崎,西久保,142077,神奈川県,茅ヶ崎市,浜之郷,2021/5/8,12,その他の住宅（３階建て以下共同住宅等）,駐車（輪）場,キーなし,なし,原動機付自転車（50cc以下）
窃盗,オートバイ盗,茅ケ崎,鶴が台,142077,神奈川県,茅ヶ崎市,赤羽根,2021/2/28,23,一戸建住宅,その他,キーなし,なし,自動二輪（50cc超）
窃盗,オートバイ盗,茅ケ崎,鶴が台,142077,神奈川県,茅ヶ崎市,赤羽根,2021/4/30,20,その他の住宅（３階建て以下共同住宅等）,駐車（輪）場,キーなし,なし,原動機付自転車（50cc以下）
窃盗,オートバイ盗,茅ケ崎,鶴が台,142077,神奈川県,茅ヶ崎市,円蔵２丁目,2019/6/25,17,その他の住宅（３階建て以下共同住宅等）,駐車（輪）場,キーなし,なし,原動機付自転車（50cc以下）
窃盗,オートバイ盗,茅ケ崎,鶴が台,142077,神奈川県,茅ヶ崎市,円蔵２丁目,2021/5/15,17,その他の住宅（３階建て以下共同住宅等）,駐車（輪）場,キーなし,なし,原動機付自転車（50cc以下）
窃盗,オートバイ盗,茅ケ崎,鶴が台,142077,神奈川県,茅ヶ崎市,鶴が台,2021/1/6,10,４階建て以上共同住宅,駐車（輪）場,キーなし,なし,原動機付自転車（50cc以下）
窃盗,オートバイ盗,茅ケ崎,鶴が台,142077,神奈川県,茅ヶ崎市,鶴が台,2021/7/21,20,その他の住宅（３階建て以下共同住宅等）,駐車（輪）場,キーなし,あり,原動機付自転車（50cc以下）
窃盗,オートバイ盗,茅ケ崎,鶴が台,142077,神奈川県,茅ヶ崎市,鶴が台,2021/10/23,12,一戸建住宅,駐車（輪）場,キーなし,あり,自動二輪（50cc超）
窃盗,オートバイ盗,茅ケ崎,,142051,神奈川県,藤沢市,羽鳥３丁目,2021/1/17,15,４階建て以上共同住宅,駐車（輪）場,キーなし,なし,自動二輪（50cc超）
窃盗,オートバイ盗,平塚,中原,142034,神奈川県,平塚市,御殿１丁目,2021/7/10,17,その他,駐車（輪）場,キーあり,なし,原動機付自転車（50cc以下）
窃盗,オートバイ盗,平塚,中原,142034,神奈川県,平塚市,中原３丁目,2016/6/26,18,その他の住宅（３階建て以下共同住宅等）,駐車（輪）場,キーなし,あり,原動機付自転車（50cc以下）
窃盗,オートバイ盗,平塚,中原,142034,神奈川県,平塚市,東中原１丁目,2020/12/21,23,その他の住宅（３階建て以下共同住宅等）,駐車（輪）場,キーなし,なし,自動二輪（50cc超）
窃盗,オートバイ盗,平塚,八幡,142034,神奈川県,平塚市,四之宮１丁目,2021/7/12,5,一戸建住宅,その他,キーなし,なし,原動機付自転車（50cc以下）
窃盗,オートバイ盗,平塚,八幡,142034,神奈川県,平塚市,東八幡２丁目,2021/3/30,19,一戸建住宅,その他,キーなし,なし,原動機付自転車（50cc以下）
窃盗,オートバイ盗,平塚,八幡,142034,神奈川県,平塚市,東八幡４丁目,2021/8/12,17,４階建て以上共同住宅,駐車（輪）場,キーなし,なし,自動二輪（50cc超）
窃盗,オートバイ盗,平塚,四之宮,142034,神奈川県,平塚市,田村１丁目,2021/5/7,15,その他,駐車（輪）場,キーあり,なし,原動機付自転車（50cc以下）
窃盗,オートバイ盗,平塚,四之宮,142034,神奈川県,平塚市,田村２丁目,2021/4/9,19,４階建て以上共同住宅,その他,キーなし,なし,自動二輪（50cc超）
窃盗,オートバイ盗,平塚,四之宮,142034,神奈川県,平塚市,田村２丁目,2021/6/14,17,４階建て以上共同住宅,その他,キーなし,なし,自動二輪（50cc超）
窃盗,オートバイ盗,平塚,城島,142034,神奈川県,平塚市,大島,2021/4/8,20,その他,駐車（輪）場,キーなし,なし,自動二輪（50cc超）
窃盗,オートバイ盗,平塚,岡崎,142034,神奈川県,平塚市,岡崎,2021/1/10,16,一戸建住宅,駐車（輪）場,キーあり,なし,原動機付自転車（50cc以下）
窃盗,オートバイ盗,平塚,平塚駅前,142034,神奈川県,平塚市,天沼,2021/1/1,17,その他,駐車（輪）場,キーなし,なし,自動二輪（50cc超）
窃盗,オートバイ盗,平塚,平塚駅前,142034,神奈川県,平塚市,中堂,2021/6/10,18,その他の住宅（３階建て以下共同住宅等）,駐車（輪）場,キーなし,なし,自動二輪（50cc超）
窃盗,オートバイ盗,平塚,平塚駅前,142034,神奈川県,平塚市,紅谷町,2020/12/5,20,駐車（輪）場,駐車（輪）場,キーなし,なし,原動機付自転車（50cc以下）
窃盗,オートバイ盗,平塚,平塚駅前,142034,神奈川県,平塚市,紅谷町,2021/1/8,17,駐車（輪）場,駐車（輪）場,キーなし,なし,自動二輪（50cc超）
窃盗,オートバイ盗,平塚,平塚駅前,142034,神奈川県,平塚市,紅谷町,2021/1/22,10,駐車（輪）場,駐車（輪）場,キーなし,なし,自動二輪（50cc超）
窃盗,オートバイ盗,平塚,平塚駅前,142034,神奈川県,平塚市,紅谷町,2021/6/22,18,その他,その他,キーあり,なし,原動機付自転車（50cc以下）
窃盗,オートバイ盗,平塚,平塚駅前,142034,神奈川県,平塚市,宮松町,2021/3/5,18,一戸建住宅,その他,キーなし,なし,原動機付自転車（50cc以下）
窃盗,オートバイ盗,平塚,根坂間,142034,神奈川県,平塚市,公所,2021/7/23,22,道路上,その他,キーなし,あり,自動二輪（50cc超）
窃盗,オートバイ盗,平塚,根坂間,142034,神奈川県,平塚市,徳延,2021/9/12,4,一戸建住宅,その他,キーなし,なし,自動二輪（50cc超）
窃盗,オートバイ盗,平塚,根坂間,142034,神奈川県,平塚市,徳延,2021/10/14,12,その他の住宅（３階建て以下共同住宅等）,駐車（輪）場,キーなし,なし,原動機付自転車（50cc以下）
窃盗,オートバイ盗,平塚,根坂間,142034,神奈川県,平塚市,めぐみが丘１丁目,2021/5/22,23,一戸建住宅,駐車（輪）場,キーなし,なし,原動機付自転車（50cc以下）
窃盗,オートバイ盗,平塚,横内,142034,神奈川県,平塚市,横内,2019/4/21,9,その他の住宅（３階建て以下共同住宅等）,駐車（輪）場,キーなし,なし,自動二輪（50cc超）
窃盗,オートバイ盗,平塚,横内,142034,神奈川県,平塚市,横内,2021/2/24,17,一戸建住宅,駐車（輪）場,キーなし,なし,自動二輪（50cc超）
窃盗,オートバイ盗,平塚,横内,142034,神奈川県,平塚市,横内,2021/3/19,21,４階建て以上共同住宅,駐車（輪）場,キーなし,なし,原動機付自転車（50cc以下）
窃盗,オートバイ盗,平塚,真土,142034,神奈川県,平塚市,西真土３丁目,2021/4/8,19,道路上,その他,キーなし,なし,原動機付自転車（50cc以下）
窃盗,オートバイ盗,平塚,真土,142034,神奈川県,平塚市,西真土３丁目,2021/4/23,21,道路上,その他,キーなし,なし,原動機付自転車（50cc以下）
窃盗,オートバイ盗,平塚,真土,142034,神奈川県,平塚市,東真土１丁目,2021/6/14,16,その他の住宅（３階建て以下共同住宅等）,駐車（輪）場,キーあり,なし,自動二輪（50cc超）
窃盗,オートバイ盗,平塚,真土,142034,神奈川県,平塚市,東真土１丁目,2021/6/15,18,４階建て以上共同住宅,駐車（輪）場,キーなし,なし,原動機付自転車（50cc以下）
窃盗,オートバイ盗,平塚,花水台,142034,神奈川県,平塚市,菫平,2021/1/15,18,４階建て以上共同住宅,駐車（輪）場,キーなし,あり,原動機付自転車（50cc以下）
窃盗,オートバイ盗,平塚,花水台,142034,神奈川県,平塚市,袖ケ浜,2021/6/10,13,その他,駐車（輪）場,キーあり,なし,原動機付自転車（50cc以下）
窃盗,オートバイ盗,平塚,花水台,142034,神奈川県,平塚市,花水台,2021/2/5,20,道路上,その他,キーなし,なし,自動二輪（50cc超）
窃盗,オートバイ盗,平塚,西仲町,142034,神奈川県,平塚市,平塚１丁目,2021/9/4,10,一戸建住宅,駐車（輪）場,キーあり,なし,原動機付自転車（50cc以下）
窃盗,オートバイ盗,平塚,豊田,142034,神奈川県,平塚市,豊田本郷,2021/2/24,5,駐車（輪）場,駐車（輪）場,キーなし,なし,自動二輪（50cc超）
窃盗,オートバイ盗,平塚,豊田,142034,神奈川県,平塚市,南豊田,2021/8/25,17,一戸建住宅,駐車（輪）場,キーなし,あり,自動二輪（50cc超）
窃盗,オートバイ盗,平塚,金田,142034,神奈川県,平塚市,長持,2021/11/17,19,その他の住宅（３階建て以下共同住宅等）,駐車（輪）場,キーなし,なし,自動二輪（50cc超）
窃盗,オートバイ盗,平塚,金目,142034,神奈川県,平塚市,北金目１丁目,2020/12/26,23,その他の住宅（３階建て以下共同住宅等）,その他,キーなし,なし,原動機付自転車（50cc以下）
窃盗,オートバイ盗,平塚,金目,142034,神奈川県,平塚市,真田１丁目,2021/5/1,19,４階建て以上共同住宅,駐車（輪）場,キーなし,なし,原動機付自転車（50cc以下）
窃盗,オートバイ盗,平塚,金目,142034,神奈川県,平塚市,真田１丁目,2021/11/5,15,その他の住宅（３階建て以下共同住宅等）,駐車（輪）場,キーあり,なし,原動機付自転車（50cc以下）
窃盗,オートバイ盗,平塚,金目,142034,神奈川県,平塚市,広川,2021/3/10,20,一戸建住宅,その他,キーなし,なし,自動二輪（50cc超）
窃盗,オートバイ盗,大磯,化粧坂,143413,神奈川県,大磯町,高麗３丁目,2020/12/28,17,その他の住宅（３階建て以下共同住宅等）,駐車（輪）場,キーなし,なし,自動二輪（50cc超）
窃盗,オートバイ盗,大磯,大磯駅前,143413,神奈川県,大磯町,国府本郷,2021/5/23,16,一戸建住宅,駐車（輪）場,キーなし,なし,自動二輪（50cc超）
窃盗,オートバイ盗,大磯,山西,143421,神奈川県,二宮町,山西,2021/3/5,12,一戸建住宅,駐車（輪）場,キーなし,なし,原動機付自転車（50cc以下）
窃盗,オートバイ盗,大磯,生沢,143413,神奈川県,大磯町,寺坂,2021/7/2,7,一戸建住宅,駐車（輪）場,キーなし,なし,原動機付自転車（50cc以下）
窃盗,オートバイ盗,小田原,上府中,142069,神奈川県,小田原市,高田,2021/11/4,10,その他,駐車（輪）場,キーあり,なし,原動機付自転車（50cc以下）
窃盗,オートバイ盗,小田原,下曽我,142069,神奈川県,小田原市,曽我光海,2021/7/17,17,一戸建住宅,駐車（輪）場,キーなし,なし,原動機付自転車（50cc以下）
窃盗,オートバイ盗,小田原,国府津,142069,神奈川県,小田原市,国府津,2021/6/22,17,その他,その他,キーなし,なし,原動機付自転車（50cc以下）
窃盗,オートバイ盗,小田原,国府津,142069,神奈川県,小田原市,国府津１丁目,2020/12/27,22,その他,駐車（輪）場,キーなし,なし,原動機付自転車（50cc以下）
窃盗,オートバイ盗,小田原,国府津,142069,神奈川県,小田原市,国府津４丁目,2021/2/6,8,その他,駐車（輪）場,キーあり,なし,原動機付自転車（50cc以下）
窃盗,オートバイ盗,小田原,国府津,142069,神奈川県,小田原市,国府津４丁目,2021/2/20,9,その他,駐車（輪）場,キーなし,なし,原動機付自転車（50cc以下）
窃盗,オートバイ盗,小田原,小田原駅東口,142069,神奈川県,小田原市,栄町１丁目,2021/1/9,10,駐車（輪）場,駐車（輪）場,キーあり,なし,原動機付自転車（50cc以下）
窃盗,オートバイ盗,小田原,曽我,142069,神奈川県,小田原市,下大井,2021/1/28,5,その他,その他,キーなし,なし,自動二輪（50cc超）
窃盗,オートバイ盗,小田原,板橋,142069,神奈川県,小田原市,板橋,2021/4/25,17,その他,駐車（輪）場,キーあり,なし,原動機付自転車（50cc以下）
窃盗,オートバイ盗,小田原,栢山駅前,142069,神奈川県,小田原市,栢山,2021/8/2,14,その他,駐車（輪）場,キーなし,なし,原動機付自転車（50cc以下）
窃盗,オートバイ盗,小田原,湯河原,143847,神奈川県,湯河原町,鍛冶屋,2021/12/16,9,その他の住宅（３階建て以下共同住宅等）,駐車（輪）場,キーあり,なし,自動二輪（50cc超）
窃盗,オートバイ盗,小田原,湯河原,143847,神奈川県,湯河原町,土肥１丁目,2021/7/25,20,その他の住宅（３階建て以下共同住宅等）,駐車（輪）場,キーなし,なし,自動二輪（50cc超）
窃盗,オートバイ盗,小田原,湯河原,143847,神奈川県,湯河原町,土肥１丁目,2021/10/29,4,その他,駐車（輪）場,キーなし,なし,原動機付自転車（50cc以下）
窃盗,オートバイ盗,小田原,湯河原,143847,神奈川県,湯河原町,宮上,2021/10/15,21,その他,駐車（輪）場,キーあり,なし,原動機付自転車（50cc以下）
窃盗,オートバイ盗,小田原,湯河原,143847,神奈川県,湯河原町,宮下,2021/7/17,18,一戸建住宅,駐車（輪）場,キーなし,なし,自動二輪（50cc超）
窃盗,オートバイ盗,小田原,湯河原,143847,神奈川県,湯河原町,吉浜,2021/8/9,6,道路上,その他,キーなし,なし,原動機付自転車（50cc以下）
窃盗,オートバイ盗,小田原,湯河原,143847,神奈川県,湯河原町,吉浜,2021/10/29,16,一戸建住宅,駐車（輪）場,キーなし,なし,原動機付自転車（50cc以下）
窃盗,オートバイ盗,小田原,真鶴駅前,143839,神奈川県,真鶴町,岩,2021/11/11,6,一戸建住宅,駐車（輪）場,キーなし,なし,自動二輪（50cc超）
窃盗,オートバイ盗,小田原,真鶴駅前,143839,神奈川県,真鶴町,真鶴,2021/5/19,16,一戸建住宅,駐車（輪）場,キーなし,なし,自動二輪（50cc超）
窃盗,オートバイ盗,小田原,足柄,142069,神奈川県,小田原市,多古,2021/12/16,6,駐車（輪）場,駐車（輪）場,キーなし,なし,自動二輪（50cc超）
窃盗,オートバイ盗,小田原,酒匂,142069,神奈川県,小田原市,南鴨宮３丁目,2021/8/14,21,４階建て以上共同住宅,駐車（輪）場,キーなし,なし,原動機付自転車（50cc以下）
窃盗,オートバイ盗,小田原,鴨宮川東,142069,神奈川県,小田原市,中里,2021/1/31,16,その他,駐車（輪）場,キーなし,なし,原動機付自転車（50cc以下）
窃盗,オートバイ盗,小田原,鴨宮川東,142069,神奈川県,小田原市,前川,2021/2/16,16,その他,駐車（輪）場,キーあり,なし,原動機付自転車（50cc以下）
窃盗,オートバイ盗,松田,大雄山駅前,142174,神奈川県,南足柄市,竹松,2021/10/29,20,その他の住宅（３階建て以下共同住宅等）,駐車（輪）場,キーなし,なし,原動機付自転車（50cc以下）
窃盗,オートバイ盗,松田,新松田駅前,143634,神奈川県,松田町,松田惣領,2021/7/16,17,一戸建住宅,駐車（輪）場,キーなし,なし,自動二輪（50cc超）
窃盗,オートバイ盗,松田,金田,143626,神奈川県,大井町,上大井,2020/11/25,5,一戸建住宅,駐車（輪）場,キーなし,なし,自動二輪（50cc超）
窃盗,オートバイ盗,秦野,南が丘,142115,神奈川県,秦野市,尾尻,2021/6/14,11,駐車（輪）場,駐車（輪）場,キーあり,なし,原動機付自転車（50cc以下）
窃盗,オートバイ盗,秦野,南が丘,142115,神奈川県,秦野市,尾尻,2021/12/29,6,その他の住宅（３階建て以下共同住宅等）,駐車（輪）場,キーなし,なし,原動機付自転車（50cc以下）
窃盗,オートバイ盗,秦野,南矢名,142115,神奈川県,秦野市,下大槻,2021/2/22,17,その他の住宅（３階建て以下共同住宅等）,駐車（輪）場,キーなし,なし,原動機付自転車（50cc以下）
窃盗,オートバイ盗,秦野,南矢名,142115,神奈川県,秦野市,下大槻,不明,不明,その他の住宅（３階建て以下共同住宅等）,駐車（輪）場,キーなし,なし,自動二輪（50cc超）
窃盗,オートバイ盗,秦野,南矢名,142115,神奈川県,秦野市,南矢名,2021/9/24,19,一戸建住宅,駐車（輪）場,キーなし,なし,なし
窃盗,オートバイ盗,秦野,南矢名,142115,神奈川県,秦野市,南矢名,2021/9/25,22,その他の住宅（３階建て以下共同住宅等）,駐車（輪）場,キーなし,あり,自動二輪（50cc超）
窃盗,オートバイ盗,秦野,南矢名,142115,神奈川県,秦野市,南矢名,2021/10/9,20,その他の住宅（３階建て以下共同住宅等）,駐車（輪）場,キーあり,なし,自動二輪（50cc超）
窃盗,オートバイ盗,秦野,戸川,142115,神奈川県,秦野市,戸川,2021/2/28,14,４階建て以上共同住宅,駐車（輪）場,キーなし,なし,原動機付自転車（50cc以下）
窃盗,オートバイ盗,秦野,東海大学駅前,142115,神奈川県,秦野市,北矢名,2021/8/7,13,駐車（輪）場,駐車（輪）場,キーあり,なし,自動二輪（50cc超）
窃盗,オートバイ盗,秦野,東海大学駅前,142115,神奈川県,秦野市,北矢名,2021/12/18,9,駐車（輪）場,駐車（輪）場,キーあり,なし,原動機付自転車（50cc以下）
窃盗,オートバイ盗,秦野,東海大学駅前,142115,神奈川県,秦野市,南矢名５丁目,2021/1/1,9,４階建て以上共同住宅,駐車（輪）場,キーなし,なし,原動機付自転車（50cc以下）
窃盗,オートバイ盗,秦野,桜町,142115,神奈川県,秦野市,平沢,2021/2/21,12,４階建て以上共同住宅,駐車（輪）場,キーなし,なし,原動機付自転車（50cc以下）
窃盗,オートバイ盗,秦野,桜町,142115,神奈川県,秦野市,平沢,2021/3/6,8,４階建て以上共同住宅,駐車（輪）場,キーなし,あり,原動機付自転車（50cc以下）
窃盗,オートバイ盗,秦野,桜町,142115,神奈川県,秦野市,平沢,2021/3/6,14,その他の住宅（３階建て以下共同住宅等）,その他,キーなし,なし,原動機付自転車（50cc以下）
窃盗,オートバイ盗,秦野,桜町,142115,神奈川県,秦野市,平沢,2021/3/9,14,一戸建住宅,駐車（輪）場,キーなし,なし,自動二輪（50cc超）
窃盗,オートバイ盗,秦野,渋沢,142115,神奈川県,秦野市,千村１丁目,2021/5/3,23,その他の住宅（３階建て以下共同住宅等）,駐車（輪）場,キーなし,なし,原動機付自転車（50cc以下）
窃盗,オートバイ盗,秦野,渋沢,142115,神奈川県,秦野市,曲松２丁目,2021/4/8,12,駐車（輪）場,駐車（輪）場,キーなし,なし,原動機付自転車（50cc以下）
窃盗,オートバイ盗,秦野,秦野駅前,142115,神奈川県,秦野市,今川町,2021/2/24,7,駐車（輪）場,駐車（輪）場,キーあり,なし,原動機付自転車（50cc以下）
窃盗,オートバイ盗,秦野,鶴巻,142115,神奈川県,秦野市,鶴巻,2021/10/4,16,その他の住宅（３階建て以下共同住宅等）,その他,キーあり,なし,自動二輪（50cc超）
窃盗,オートバイ盗,伊勢原,伊勢原駅前,142140,神奈川県,伊勢原市,伊勢原４丁目,2021/5/21,16,一戸建住宅,その他,キーなし,なし,原動機付自転車（50cc以下）
窃盗,オートバイ盗,伊勢原,伊勢原駅前,142140,神奈川県,伊勢原市,伊勢原４丁目,2021/7/6,22,４階建て以上共同住宅,駐車（輪）場,キーなし,なし,自動二輪（50cc超）
窃盗,オートバイ盗,伊勢原,伊勢原駅前,142140,神奈川県,伊勢原市,板戸,2021/11/30,7,その他の住宅（３階建て以下共同住宅等）,駐車（輪）場,キーなし,なし,原動機付自転車（50cc以下）
窃盗,オートバイ盗,伊勢原,伊勢原駅前,142140,神奈川県,伊勢原市,沼目１丁目,2021/10/27,14,その他,その他,キーなし,なし,原動機付自転車（50cc以下）
窃盗,オートバイ盗,伊勢原,八幡台,142140,神奈川県,伊勢原市,沼目２丁目,2021/10/16,12,４階建て以上共同住宅,駐車（輪）場,キーなし,なし,原動機付自転車（50cc以下）
窃盗,オートバイ盗,伊勢原,八幡台,142140,神奈川県,伊勢原市,沼目６丁目,2021/3/13,18,その他の住宅（３階建て以下共同住宅等）,駐車（輪）場,キーなし,なし,自動二輪（50cc超）
窃盗,オートバイ盗,伊勢原,八幡台,142140,神奈川県,伊勢原市,東大竹,2021/3/10,8,一戸建住宅,駐車（輪）場,キーなし,なし,原動機付自転車（50cc以下）
窃盗,オートバイ盗,伊勢原,大田,142140,神奈川県,伊勢原市,下谷,2021/5/4,15,一戸建住宅,その他,キーなし,なし,自動二輪（50cc超）
窃盗,オートバイ盗,伊勢原,成瀬,142140,神奈川県,伊勢原市,高森５丁目,2021/10/20,7,４階建て以上共同住宅,駐車（輪）場,キーなし,なし,自動二輪（50cc超）
窃盗,オートバイ盗,伊勢原,成瀬,142140,神奈川県,伊勢原市,高森７丁目,2021/3/10,20,その他の住宅（３階建て以下共同住宅等）,駐車（輪）場,キーなし,なし,自動二輪（50cc超）
窃盗,オートバイ盗,伊勢原,成瀬,142140,神奈川県,伊勢原市,東成瀬,2021/7/24,9,４階建て以上共同住宅,駐車（輪）場,キーなし,なし,自動二輪（50cc超）
窃盗,オートバイ盗,伊勢原,比々多,142140,神奈川県,伊勢原市,神戸,2021/6/16,6,４階建て以上共同住宅,駐車（輪）場,キーなし,なし,原動機付自転車（50cc以下）
窃盗,オートバイ盗,伊勢原,高部屋,142140,神奈川県,伊勢原市,上粕屋,2020/6/1,10,その他,その他,キーなし,なし,自動二輪（50cc超）
窃盗,オートバイ盗,厚木,三田,142123,神奈川県,厚木市,三田,2021/2/17,18,道路上,その他,キーなし,なし,原動機付自転車（50cc以下）
窃盗,オートバイ盗,厚木,三田,142123,神奈川県,厚木市,下川入,2021/1/26,15,駐車（輪）場,駐車（輪）場,キーなし,なし,自動二輪（50cc超）
窃盗,オートバイ盗,厚木,三田,142123,神奈川県,厚木市,三田南１丁目,2021/2/26,15,４階建て以上共同住宅,駐車（輪）場,キーなし,あり,原動機付自転車（50cc以下）
窃盗,オートバイ盗,厚木,上荻野,142123,神奈川県,厚木市,上荻野,2021/2/4,20,その他,その他,キーあり,なし,自動二輪（50cc超）
窃盗,オートバイ盗,厚木,下荻野,142123,神奈川県,厚木市,三田南１丁目,2021/1/24,20,その他の住宅（３階建て以下共同住宅等）,駐車（輪）場,キーなし,なし,原動機付自転車（50cc以下）
窃盗,オートバイ盗,厚木,下荻野,142123,神奈川県,厚木市,三田南２丁目,2021/1/27,1,その他の住宅（３階建て以下共同住宅等）,駐車（輪）場,キーなし,なし,自動二輪（50cc超）
窃盗,オートバイ盗,厚木,中津,144011,神奈川県,愛川町,中津,2021/1/12,20,一戸建住宅,駐車（輪）場,キーあり,なし,原動機付自転車（50cc以下）
窃盗,オートバイ盗,厚木,中津,144011,神奈川県,愛川町,中津,2021/3/4,17,その他の住宅（３階建て以下共同住宅等）,駐車（輪）場,キーなし,なし,原動機付自転車（50cc以下）
窃盗,オートバイ盗,厚木,中津,144011,神奈川県,愛川町,中津,2021/4/28,17,その他の住宅（３階建て以下共同住宅等）,駐車（輪）場,キーなし,なし,自動二輪（50cc超）
窃盗,オートバイ盗,厚木,中津,144011,神奈川県,愛川町,中津,2021/6/17,15,一戸建住宅,駐車（輪）場,キーなし,なし,原動機付自転車（50cc以下）
窃盗,オートバイ盗,厚木,中津,144011,神奈川県,愛川町,中津,2021/6/21,17,その他の住宅（３階建て以下共同住宅等）,駐車（輪）場,キーなし,なし,原動機付自転車（50cc以下）
窃盗,オートバイ盗,厚木,半原,144011,神奈川県,愛川町,半原,2021/1/21,23,一戸建住宅,駐車（輪）場,キーなし,なし,原動機付自転車（50cc以下）
窃盗,オートバイ盗,厚木,南毛利,142123,神奈川県,厚木市,長谷,2021/1/9,17,一戸建住宅,駐車（輪）場,キーなし,なし,自動二輪（50cc超）
窃盗,オートバイ盗,厚木,南毛利,142123,神奈川県,厚木市,長谷,2021/5/2,17,その他の住宅（３階建て以下共同住宅等）,駐車（輪）場,キーなし,なし,原動機付自転車（50cc以下）
窃盗,オートバイ盗,厚木,南毛利,142123,神奈川県,厚木市,温水西２丁目,2021/7/19,18,その他の住宅（３階建て以下共同住宅等）,駐車（輪）場,キーなし,なし,自動二輪（50cc超）
窃盗,オートバイ盗,厚木,妻田,142123,神奈川県,厚木市,吾妻町,2021/4/14,16,４階建て以上共同住宅,駐車（輪）場,キーなし,なし,原動機付自転車（50cc以下）
窃盗,オートバイ盗,厚木,妻田,142123,神奈川県,厚木市,吾妻町,2021/4/14,20,４階建て以上共同住宅,駐車（輪）場,キーなし,なし,原動機付自転車（50cc以下）
窃盗,オートバイ盗,厚木,妻田,142123,神奈川県,厚木市,妻田東１丁目,2021/10/1,18,その他の住宅（３階建て以下共同住宅等）,駐車（輪）場,キーなし,なし,原動機付自転車（50cc以下）
窃盗,オートバイ盗,厚木,妻田,142123,神奈川県,厚木市,妻田東３丁目,2021/5/3,15,道路上,その他,キーあり,なし,原動機付自転車（50cc以下）
窃盗,オートバイ盗,厚木,妻田,142123,神奈川県,厚木市,妻田南１丁目,2021/3/15,17,その他の住宅（３階建て以下共同住宅等）,駐車（輪）場,キーなし,なし,原動機付自転車（50cc以下）
窃盗,オートバイ盗,厚木,妻田,142123,神奈川県,厚木市,妻田南１丁目,2021/11/13,22,その他の住宅（３階建て以下共同住宅等）,駐車（輪）場,キーなし,なし,原動機付自転車（50cc以下）
窃盗,オートバイ盗,厚木,妻田,142123,神奈川県,厚木市,妻田西２丁目,2020/10/1,17,その他の住宅（３階建て以下共同住宅等）,駐車（輪）場,キーなし,なし,原動機付自転車（50cc以下）
窃盗,オートバイ盗,厚木,妻田,142123,神奈川県,厚木市,妻田西２丁目,2021/2/5,16,一戸建住宅,駐車（輪）場,キーあり,なし,原動機付自転車（50cc以下）
窃盗,オートバイ盗,厚木,妻田,142123,神奈川県,厚木市,妻田西２丁目,2021/2/6,16,４階建て以上共同住宅,駐車（輪）場,キーなし,なし,原動機付自転車（50cc以下）
窃盗,オートバイ盗,厚木,妻田,142123,神奈川県,厚木市,妻田西２丁目,2021/3/27,2,その他の住宅（３階建て以下共同住宅等）,駐車（輪）場,キーなし,なし,原動機付自転車（50cc以下）
窃盗,オートバイ盗,厚木,妻田,142123,神奈川県,厚木市,妻田西３丁目,2021/2/23,15,４階建て以上共同住宅,駐車（輪）場,キーあり,なし,原動機付自転車（50cc以下）
窃盗,オートバイ盗,厚木,妻田,142123,神奈川県,厚木市,妻田西３丁目,2021/6/3,2,その他,駐車（輪）場,キーあり,なし,原動機付自転車（50cc以下）
窃盗,オートバイ盗,厚木,小鮎,142123,神奈川県,厚木市,飯山,2020/12/2,20,その他の住宅（３階建て以下共同住宅等）,駐車（輪）場,キーなし,なし,原動機付自転車（50cc以下）
窃盗,オートバイ盗,厚木,小鮎,142123,神奈川県,厚木市,飯山,2021/1/14,21,その他の住宅（３階建て以下共同住宅等）,駐車（輪）場,キーなし,なし,原動機付自転車（50cc以下）
窃盗,オートバイ盗,厚木,小鮎,142123,神奈川県,厚木市,飯山,2021/1/16,20,その他の住宅（３階建て以下共同住宅等）,駐車（輪）場,キーなし,なし,原動機付自転車（50cc以下）
窃盗,オートバイ盗,厚木,小鮎,142123,神奈川県,厚木市,飯山,2021/1/24,20,４階建て以上共同住宅,駐車（輪）場,キーなし,なし,原動機付自転車（50cc以下）
窃盗,オートバイ盗,厚木,小鮎,142123,神奈川県,厚木市,飯山,2021/1/25,18,駐車（輪）場,駐車（輪）場,キーなし,なし,自動二輪（50cc超）
窃盗,オートバイ盗,厚木,小鮎,142123,神奈川県,厚木市,飯山,2021/6/12,16,一戸建住宅,駐車（輪）場,キーあり,なし,自動二輪（50cc超）
窃盗,オートバイ盗,厚木,小鮎,142123,神奈川県,厚木市,飯山,2021/8/25,18,その他の住宅（３階建て以下共同住宅等）,駐車（輪）場,キーなし,なし,自動二輪（50cc超）
窃盗,オートバイ盗,厚木,工業団地,142123,神奈川県,厚木市,上依知,2020/12/31,2,その他,その他,キーなし,なし,自動二輪（50cc超）
窃盗,オートバイ盗,厚木,工業団地,142123,神奈川県,厚木市,上依知,2021/3/30,22,その他,駐車（輪）場,キーあり,なし,原動機付自転車（50cc以下）
窃盗,オートバイ盗,厚木,工業団地,142123,神奈川県,厚木市,下川入,2021/2/10,7,一戸建住宅,駐車（輪）場,キーあり,あり,自動二輪（50cc超）
窃盗,オートバイ盗,厚木,工業団地,142123,神奈川県,厚木市,下川入,2021/2/17,18,その他の住宅（３階建て以下共同住宅等）,駐車（輪）場,キーなし,なし,原動機付自転車（50cc以下）
窃盗,オートバイ盗,厚木,工業団地,142123,神奈川県,厚木市,山際,2021/2/10,19,その他の住宅（３階建て以下共同住宅等）,駐車（輪）場,キーあり,なし,自動二輪（50cc超）
窃盗,オートバイ盗,厚木,工業団地,142123,神奈川県,厚木市,山際,2021/4/3,17,その他の住宅（３階建て以下共同住宅等）,駐車（輪）場,キーなし,なし,自動二輪（50cc超）
窃盗,オートバイ盗,厚木,愛甲石田駅前,142123,神奈川県,厚木市,愛甲東１丁目,2021/7/27,17,駐車（輪）場,駐車（輪）場,キーなし,なし,自動二輪（50cc超）
窃盗,オートバイ盗,厚木,本厚木駅前,142123,神奈川県,厚木市,寿町２丁目,2021/3/6,6,駐車（輪）場,駐車（輪）場,キーあり,なし,自動二輪（50cc超）
窃盗,オートバイ盗,厚木,本厚木駅前,142123,神奈川県,厚木市,寿町３丁目,2021/11/27,7,その他,その他,キーなし,なし,原動機付自転車（50cc以下）
窃盗,オートバイ盗,厚木,本厚木駅前,142123,神奈川県,厚木市,寿町３丁目,2021/12/11,16,その他,駐車（輪）場,キーなし,なし,自動二輪（50cc超）
窃盗,オートバイ盗,厚木,本厚木駅前,142123,神奈川県,厚木市,水引１丁目,2021/6/8,15,一戸建住宅,駐車（輪）場,キーなし,なし,原動機付自転車（50cc以下）
窃盗,オートバイ盗,厚木,毛利台,142123,神奈川県,厚木市,愛名,2020/12/30,11,その他の住宅（３階建て以下共同住宅等）,駐車（輪）場,キーなし,なし,自動二輪（50cc超）
窃盗,オートバイ盗,厚木,毛利台,142123,神奈川県,厚木市,愛名,2021/1/16,19,一戸建住宅,駐車（輪）場,キーなし,なし,原動機付自転車（50cc以下）
窃盗,オートバイ盗,厚木,毛利台,142123,神奈川県,厚木市,愛名,2021/11/5,22,その他の住宅（３階建て以下共同住宅等）,駐車（輪）場,キーなし,なし,自動二輪（50cc超）
窃盗,オートバイ盗,厚木,毛利台,142123,神奈川県,厚木市,毛利台１丁目,2021/2/15,22,４階建て以上共同住宅,駐車（輪）場,キーなし,なし,自動二輪（50cc超）
窃盗,オートバイ盗,厚木,毛利台,142123,神奈川県,厚木市,毛利台１丁目,2021/6/12,16,一戸建住宅,駐車（輪）場,キーなし,なし,自動二輪（50cc超）
窃盗,オートバイ盗,厚木,毛利台,142123,神奈川県,厚木市,毛利台３丁目,2021/3/2,18,一戸建住宅,駐車（輪）場,キーあり,なし,原動機付自転車（50cc以下）
窃盗,オートバイ盗,厚木,玉川,142123,神奈川県,厚木市,森の里３丁目,2021/6/9,20,駐車（輪）場,駐車（輪）場,キーなし,なし,原動機付自転車（50cc以下）
窃盗,オートバイ盗,厚木,緑ケ丘,142123,神奈川県,厚木市,飯山,2021/5/28,18,駐車（輪）場,駐車（輪）場,キーなし,なし,自動二輪（50cc超）
窃盗,オートバイ盗,厚木,緑ケ丘,142123,神奈川県,厚木市,林１丁目,2020/12/31,1,その他の住宅（３階建て以下共同住宅等）,駐車（輪）場,キーなし,あり,自動二輪（50cc超）
窃盗,オートバイ盗,厚木,緑ケ丘,142123,神奈川県,厚木市,林１丁目,2021/5/4,3,その他の住宅（３階建て以下共同住宅等）,駐車（輪）場,キーなし,あり,自動二輪（50cc超）
窃盗,オートバイ盗,厚木,緑ケ丘,142123,神奈川県,厚木市,林２丁目,2021/2/9,18,一戸建住宅,駐車（輪）場,キーなし,あり,自動二輪（50cc超）
窃盗,オートバイ盗,厚木,緑ケ丘,142123,神奈川県,厚木市,林２丁目,2021/12/8,7,その他の住宅（３階建て以下共同住宅等）,駐車（輪）場,キーなし,なし,自動二輪（50cc超）
窃盗,オートバイ盗,厚木,緑ケ丘,142123,神奈川県,厚木市,林５丁目,2021/8/2,5,その他の住宅（３階建て以下共同住宅等）,駐車（輪）場,キーなし,なし,自動二輪（50cc超）
窃盗,オートバイ盗,厚木,緑ケ丘,142123,神奈川県,厚木市,緑ケ丘３丁目,2021/8/19,7,４階建て以上共同住宅,駐車（輪）場,キーなし,なし,自動二輪（50cc超）
窃盗,オートバイ盗,厚木,緑ケ丘,142123,神奈川県,厚木市,緑ケ丘４丁目,2021/2/22,21,道路上,その他,キーなし,なし,自動二輪（50cc超）
窃盗,オートバイ盗,厚木,酒井,142123,神奈川県,厚木市,上落合,2021/3/18,0,その他の住宅（３階建て以下共同住宅等）,駐車（輪）場,キーあり,なし,原動機付自転車（50cc以下）
窃盗,オートバイ盗,厚木,鳶尾,142123,神奈川県,厚木市,鳶尾３丁目,2021/1/4,19,道路上,その他,キーなし,なし,原動機付自転車（50cc以下）
窃盗,オートバイ盗,相模原,上溝,141526,神奈川県,相模原市中央区,上溝４丁目,2021/10/22,19,一戸建住宅,駐車（輪）場,キーなし,なし,自動二輪（50cc超）
窃盗,オートバイ盗,相模原,南橋本駅前,141526,神奈川県,相模原市中央区,清新５丁目,2021/3/11,22,４階建て以上共同住宅,駐車（輪）場,キーなし,あり,自動二輪（50cc超）
窃盗,オートバイ盗,相模原,南橋本駅前,141526,神奈川県,相模原市中央区,清新８丁目,2017/9/30,22,４階建て以上共同住宅,駐車（輪）場,キーなし,なし,原動機付自転車（50cc以下）
窃盗,オートバイ盗,相模原,南橋本駅前,141526,神奈川県,相模原市中央区,南橋本２丁目,2021/6/2,18,その他,駐車（輪）場,キーなし,なし,自動二輪（50cc超）
窃盗,オートバイ盗,相模原,南橋本駅前,141526,神奈川県,相模原市中央区,南橋本２丁目,2021/6/6,22,その他,駐車（輪）場,キーあり,なし,自動二輪（50cc超）
窃盗,オートバイ盗,相模原,南橋本駅前,141526,神奈川県,相模原市中央区,南橋本３丁目,2021/5/1,12,一戸建住宅,駐車（輪）場,キーあり,なし,自動二輪（50cc超）
窃盗,オートバイ盗,相模原,南橋本駅前,141526,神奈川県,相模原市中央区,南橋本３丁目,2021/6/2,14,４階建て以上共同住宅,駐車（輪）場,キーあり,なし,自動二輪（50cc超）
窃盗,オートバイ盗,相模原,星が丘,141526,神奈川県,相模原市中央区,千代田２丁目,2016/6/14,17,４階建て以上共同住宅,駐車（輪）場,キーなし,なし,原動機付自転車（50cc以下）
窃盗,オートバイ盗,相模原,星が丘,141526,神奈川県,相模原市中央区,千代田３丁目,2021/6/14,20,その他の住宅（３階建て以下共同住宅等）,その他,キーなし,なし,自動二輪（50cc超）
窃盗,オートバイ盗,相模原,星が丘,141526,神奈川県,相模原市中央区,千代田５丁目,2021/6/1,12,その他の住宅（３階建て以下共同住宅等）,駐車（輪）場,キーなし,なし,自動二輪（50cc超）
窃盗,オートバイ盗,相模原,星が丘,141526,神奈川県,相模原市中央区,千代田７丁目,2021/1/13,5,その他の住宅（３階建て以下共同住宅等）,その他,キーなし,なし,原動機付自転車（50cc以下）
窃盗,オートバイ盗,相模原,星が丘,141526,神奈川県,相模原市中央区,千代田７丁目,2021/3/22,19,駐車（輪）場,駐車（輪）場,キーなし,なし,自動二輪（50cc超）
窃盗,オートバイ盗,相模原,星が丘,141526,神奈川県,相模原市中央区,星が丘３丁目,2021/2/11,21,道路上,その他,キーなし,なし,原動機付自転車（50cc以下）
窃盗,オートバイ盗,相模原,星が丘,141526,神奈川県,相模原市中央区,陽光台６丁目,2021/4/28,9,４階建て以上共同住宅,駐車（輪）場,キーなし,なし,自動二輪（50cc超）
窃盗,オートバイ盗,相模原,淵野辺駅北口,141526,神奈川県,相模原市中央区,淵野辺本町４丁目,2021/1/5,20,その他の住宅（３階建て以下共同住宅等）,駐車（輪）場,キーなし,なし,自動二輪（50cc超）
窃盗,オートバイ盗,相模原,淵野辺駅北口,141526,神奈川県,相模原市中央区,淵野辺本町４丁目,2021/6/23,22,４階建て以上共同住宅,その他,キーなし,なし,自動二輪（50cc超）
窃盗,オートバイ盗,相模原,淵野辺駅南口,141526,神奈川県,相模原市中央区,,2021/3/20,7,４階建て以上共同住宅,駐車（輪）場,キーなし,なし,原動機付自転車（50cc以下）
窃盗,オートバイ盗,相模原,淵野辺駅南口,141526,神奈川県,相模原市中央区,共和１丁目,2021/4/17,23,その他の住宅（３階建て以下共同住宅等）,駐車（輪）場,キーなし,なし,自動二輪（50cc超）
窃盗,オートバイ盗,相模原,田名,141526,神奈川県,相模原市中央区,田名,2021/8/18,15,道路上,その他,キーなし,なし,原動機付自転車（50cc以下）
窃盗,オートバイ盗,相模原,田名,141526,神奈川県,相模原市中央区,田名,2021/12/29,22,その他の住宅（３階建て以下共同住宅等）,駐車（輪）場,キーなし,なし,原動機付自転車（50cc以下）
窃盗,オートバイ盗,相模原,番田,141526,神奈川県,相模原市中央区,上溝,2021/3/25,10,その他の住宅（３階建て以下共同住宅等）,その他,キーなし,なし,原動機付自転車（50cc以下）
窃盗,オートバイ盗,相模原,番田,141526,神奈川県,相模原市中央区,上溝,2021/4/7,18,その他の住宅（３階建て以下共同住宅等）,その他,キーなし,なし,自動二輪（50cc超）
窃盗,オートバイ盗,相模原,番田,141526,神奈川県,相模原市中央区,田名塩田３丁目,2020/10/29,7,４階建て以上共同住宅,駐車（輪）場,キーなし,あり,自動二輪（50cc超）
窃盗,オートバイ盗,相模原,番田,141526,神奈川県,相模原市中央区,田名塩田３丁目,2021/1/6,9,４階建て以上共同住宅,駐車（輪）場,キーなし,なし,原動機付自転車（50cc以下）
窃盗,オートバイ盗,相模原,番田,141526,神奈川県,相模原市中央区,田名塩田３丁目,2021/1/6,17,その他の住宅（３階建て以下共同住宅等）,駐車（輪）場,キーなし,なし,原動機付自転車（50cc以下）
窃盗,オートバイ盗,相模原,番田,141526,神奈川県,相模原市中央区,淵野辺２丁目,2021/6/17,8,その他の住宅（３階建て以下共同住宅等）,駐車（輪）場,キーあり,なし,原動機付自転車（50cc以下）
窃盗,オートバイ盗,相模原,相模原駅前,141526,神奈川県,相模原市中央区,相模原２丁目,2021/1/8,17,４階建て以上共同住宅,駐車（輪）場,キーなし,なし,原動機付自転車（50cc以下）
窃盗,オートバイ盗,相模原,相模原駅前,141526,神奈川県,相模原市中央区,宮下本町２丁目,2020/10/1,18,その他の住宅（３階建て以下共同住宅等）,駐車（輪）場,キーなし,なし,原動機付自転車（50cc以下）
窃盗,オートバイ盗,相模原,相生,141526,神奈川県,相模原市中央区,青葉２丁目,2021/11/18,17,その他,駐車（輪）場,キーなし,なし,原動機付自転車（50cc以下）
窃盗,オートバイ盗,相模原,相生,141526,神奈川県,相模原市中央区,並木１丁目,2021/6/16,16,一戸建住宅,その他,キーなし,なし,自動二輪（50cc超）
窃盗,オートバイ盗,相模原,相生,141526,神奈川県,相模原市中央区,富士見５丁目,2019/2/17,14,４階建て以上共同住宅,駐車（輪）場,キーなし,なし,原動機付自転車（50cc以下）
窃盗,オートバイ盗,津久井,城山,141518,神奈川県,相模原市緑区,川尻,2021/4/25,14,その他の住宅（３階建て以下共同住宅等）,駐車（輪）場,キーなし,なし,原動機付自転車（50cc以下）
窃盗,オートバイ盗,津久井,城山,141518,神奈川県,相模原市緑区,谷ヶ原２丁目,2021/7/16,18,その他の住宅（３階建て以下共同住宅等）,駐車（輪）場,キーなし,なし,自動二輪（50cc超）
窃盗,オートバイ盗,津久井,城山,141518,神奈川県,相模原市緑区,原宿南２丁目,2021/9/19,19,その他の住宅（３階建て以下共同住宅等）,駐車（輪）場,キーなし,なし,原動機付自転車（50cc以下）
窃盗,オートバイ盗,津久井,城山,141518,神奈川県,相模原市緑区,町屋１丁目,2020/12/25,23,その他の住宅（３階建て以下共同住宅等）,駐車（輪）場,キーなし,なし,原動機付自転車（50cc以下）
窃盗,オートバイ盗,津久井,日連,141518,神奈川県,相模原市緑区,日連,2021/12/6,2,その他の住宅（３階建て以下共同住宅等）,駐車（輪）場,キーなし,なし,自動二輪（50cc超）
窃盗,オートバイ盗,相模原南,中和田,141534,神奈川県,相模原市南区,上鶴間１丁目,2021/6/9,17,その他の住宅（３階建て以下共同住宅等）,駐車（輪）場,キーあり,なし,原動機付自転車（50cc以下）
窃盗,オートバイ盗,相模原南,中和田,141534,神奈川県,相模原市南区,上鶴間本町３丁目,2021/3/25,15,その他の住宅（３階建て以下共同住宅等）,その他,キーあり,なし,原動機付自転車（50cc以下）
窃盗,オートバイ盗,相模原南,中和田,141534,神奈川県,相模原市南区,上鶴間本町４丁目,2020/12/25,16,４階建て以上共同住宅,駐車（輪）場,キーなし,あり,自動二輪（50cc超）
窃盗,オートバイ盗,相模原南,中和田,141534,神奈川県,相模原市南区,上鶴間本町９丁目,2021/8/15,20,４階建て以上共同住宅,駐車（輪）場,キーなし,なし,原動機付自転車（50cc以下）
窃盗,オートバイ盗,相模原南,中和田,141534,神奈川県,相模原市南区,相模大野７丁目,2021/6/13,23,その他の住宅（３階建て以下共同住宅等）,駐車（輪）場,キーなし,なし,原動機付自転車（50cc以下）
窃盗,オートバイ盗,相模原南,南大野,141534,神奈川県,相模原市南区,旭町,2021/4/9,21,４階建て以上共同住宅,駐車（輪）場,キーあり,なし,原動機付自転車（50cc以下）
窃盗,オートバイ盗,相模原南,南大野,141534,神奈川県,相模原市南区,相模台１丁目,2021/6/27,20,その他の住宅（３階建て以下共同住宅等）,その他,キーなし,なし,原動機付自転車（50cc以下）
窃盗,オートバイ盗,相模原南,南大野,141534,神奈川県,相模原市南区,相模台２丁目,2021/6/27,5,駐車（輪）場,駐車（輪）場,キーなし,なし,自動二輪（50cc超）
窃盗,オートバイ盗,相模原南,南大野,141534,神奈川県,相模原市南区,相武台２丁目,2021/11/30,8,駐車（輪）場,駐車（輪）場,キーなし,なし,原動機付自転車（50cc以下）
窃盗,オートバイ盗,相模原南,南大野,141534,神奈川県,相模原市南区,南台１丁目,2021/10/3,23,一戸建住宅,その他,キーなし,なし,原動機付自転車（50cc以下）
窃盗,オートバイ盗,相模原南,南大野,141534,神奈川県,相模原市南区,南台３丁目,2021/2/15,10,駐車（輪）場,駐車（輪）場,キーなし,なし,原動機付自転車（50cc以下）
窃盗,オートバイ盗,相模原南,南大野,141534,神奈川県,相模原市南区,南台３丁目,2021/5/24,10,４階建て以上共同住宅,駐車（輪）場,キーなし,なし,原動機付自転車（50cc以下）
窃盗,オートバイ盗,相模原南,南大野,141534,神奈川県,相模原市南区,南台４丁目,2021/5/1,0,４階建て以上共同住宅,駐車（輪）場,キーなし,なし,原動機付自転車（50cc以下）
窃盗,オートバイ盗,相模原南,南大野,141534,神奈川県,相模原市南区,南台４丁目,2021/8/29,23,駐車（輪）場,駐車（輪）場,キーなし,なし,自動二輪（50cc超）
窃盗,オートバイ盗,相模原南,南大野,141534,神奈川県,相模原市南区,南台５丁目,2021/2/22,23,４階建て以上共同住宅,駐車（輪）場,キーなし,なし,自動二輪（50cc超）
窃盗,オートバイ盗,相模原南,南大野,141534,神奈川県,相模原市南区,南台５丁目,2021/8/12,23,４階建て以上共同住宅,その他,キーなし,なし,原動機付自転車（50cc以下）
窃盗,オートバイ盗,相模原南,南大野,141534,神奈川県,相模原市南区,南台５丁目,2021/8/27,16,その他の住宅（３階建て以下共同住宅等）,その他,キーなし,なし,原動機付自転車（50cc以下）
窃盗,オートバイ盗,相模原南,大沼,141534,神奈川県,相模原市南区,御園１丁目,2021/11/10,7,その他の住宅（３階建て以下共同住宅等）,その他,キーなし,なし,自動二輪（50cc超）
窃盗,オートバイ盗,相模原南,大沼,141534,神奈川県,相模原市南区,若松６丁目,2021/10/25,19,４階建て以上共同住宅,駐車（輪）場,キーあり,あり,自動二輪（50cc超）
窃盗,オートバイ盗,相模原南,大沼,141534,神奈川県,相模原市南区,若松６丁目,2021/11/12,20,その他の住宅（３階建て以下共同住宅等）,その他,キーなし,なし,原動機付自転車（50cc以下）
窃盗,オートバイ盗,相模原南,大野,141534,神奈川県,相模原市南区,鵜野森１丁目,2021/3/3,23,４階建て以上共同住宅,駐車（輪）場,キーなし,なし,原動機付自転車（50cc以下）
窃盗,オートバイ盗,相模原南,小田急相模原駅前,141534,神奈川県,相模原市南区,相南１丁目,2021/3/28,23,その他の住宅（３階建て以下共同住宅等）,駐車（輪）場,キーなし,なし,原動機付自転車（50cc以下）
窃盗,オートバイ盗,相模原南,新磯,141534,神奈川県,相模原市南区,磯部,2021/1/23,17,一戸建住宅,駐車（輪）場,キーなし,なし,自動二輪（50cc超）
窃盗,オートバイ盗,相模原南,新磯,141534,神奈川県,相模原市南区,磯部,2021/9/4,11,道路上,その他,キーあり,なし,原動機付自転車（50cc以下）
窃盗,オートバイ盗,相模原南,新磯,141534,神奈川県,相模原市南区,新戸,2020/12/28,10,駐車（輪）場,駐車（輪）場,キーなし,なし,原動機付自転車（50cc以下）
窃盗,オートバイ盗,相模原南,新磯野,141534,神奈川県,相模原市南区,相模台団地,2021/1/27,17,４階建て以上共同住宅,駐車（輪）場,キーなし,なし,原動機付自転車（50cc以下）
窃盗,オートバイ盗,相模原南,新磯野,141534,神奈川県,相模原市南区,相模台団地,2021/5/13,16,４階建て以上共同住宅,その他,キーなし,なし,自動二輪（50cc超）
窃盗,オートバイ盗,相模原南,新磯野,141534,神奈川県,相模原市南区,相武台団地２丁目,2021/9/8,13,４階建て以上共同住宅,駐車（輪）場,キーなし,なし,自動二輪（50cc超）
窃盗,オートバイ盗,相模原南,東林間,141534,神奈川県,相模原市南区,上鶴間４丁目,2021/4/2,18,一戸建住宅,その他,キーなし,なし,原動機付自転車（50cc以下）
窃盗,オートバイ盗,相模原南,東林間,141534,神奈川県,相模原市南区,上鶴間６丁目,2021/1/31,21,その他の住宅（３階建て以下共同住宅等）,その他,キーなし,なし,原動機付自転車（50cc以下）
窃盗,オートバイ盗,相模原南,東林間,141534,神奈川県,相模原市南区,東林間１丁目,2021/9/1,18,４階建て以上共同住宅,駐車（輪）場,キーなし,なし,自動二輪（50cc超）
窃盗,オートバイ盗,相模原南,東林間,141534,神奈川県,相模原市南区,東林間４丁目,2021/6/9,23,４階建て以上共同住宅,駐車（輪）場,キーなし,なし,原動機付自転車（50cc以下）
窃盗,オートバイ盗,相模原南,東林間,141534,神奈川県,相模原市南区,東林間４丁目,2021/10/31,20,一戸建住宅,その他,キーあり,なし,自動二輪（50cc超）
窃盗,オートバイ盗,相模原南,東林間,141534,神奈川県,相模原市南区,東林間４丁目,2021/11/16,16,その他の住宅（３階建て以下共同住宅等）,その他,キーなし,あり,自動二輪（50cc超）
窃盗,オートバイ盗,相模原南,相南,141534,神奈川県,相模原市南区,東林間３丁目,2021/2/1,10,その他の住宅（３階建て以下共同住宅等）,その他,キーなし,なし,自動二輪（50cc超）
窃盗,オートバイ盗,相模原南,相南,141534,神奈川県,相模原市南区,松が枝町,2021/1/15,20,４階建て以上共同住宅,駐車（輪）場,キーなし,なし,原動機付自転車（50cc以下）
窃盗,オートバイ盗,相模原南,相模大野駅前,141534,神奈川県,相模原市南区,上鶴間本町４丁目,2021/12/16,17,４階建て以上共同住宅,駐車（輪）場,キーなし,なし,自動二輪（50cc超）
窃盗,オートバイ盗,相模原南,相模大野駅前,141534,神奈川県,相模原市南区,相模大野４丁目,2021/10/9,8,４階建て以上共同住宅,駐車（輪）場,キーあり,なし,自動二輪（50cc超）
窃盗,オートバイ盗,相模原南,相模大野駅前,141534,神奈川県,相模原市南区,相模大野７丁目,2021/6/18,18,駐車（輪）場,駐車（輪）場,キーなし,なし,原動機付自転車（50cc以下）
窃盗,オートバイ盗,相模原南,相武台,141534,神奈川県,相模原市南区,新磯野２丁目,2021/11/12,21,駐車（輪）場,駐車（輪）場,キーなし,なし,原動機付自転車（50cc以下）
窃盗,オートバイ盗,相模原南,相武台,141534,神奈川県,相模原市南区,新磯野４丁目,2021/2/28,14,４階建て以上共同住宅,駐車（輪）場,キーあり,なし,自動二輪（50cc超）
窃盗,オートバイ盗,相模原南,相武台,141534,神奈川県,相模原市南区,新磯野４丁目,2021/9/9,15,４階建て以上共同住宅,駐車（輪）場,キーなし,なし,自動二輪（50cc超）
窃盗,オートバイ盗,相模原南,相武台,141534,神奈川県,相模原市南区,新磯野４丁目,2021/10/15,18,４階建て以上共同住宅,駐車（輪）場,キーあり,なし,原動機付自転車（50cc以下）
窃盗,オートバイ盗,相模原南,麻溝,141534,神奈川県,相模原市南区,下溝,2021/1/23,7,一戸建住宅,駐車（輪）場,キーなし,なし,自動二輪（50cc超）
窃盗,オートバイ盗,相模原南,麻溝,141534,神奈川県,相模原市南区,下溝,2021/1/23,12,その他の住宅（３階建て以下共同住宅等）,駐車（輪）場,キーなし,なし,自動二輪（50cc超）
窃盗,オートバイ盗,相模原南,麻溝,141534,神奈川県,相模原市南区,下溝,2021/1/30,23,一戸建住宅,その他,キーなし,なし,自動二輪（50cc超）
窃盗,オートバイ盗,相模原南,麻溝,141534,神奈川県,相模原市南区,下溝,2021/10/8,16,駐車（輪）場,駐車（輪）場,キーなし,なし,原動機付自転車（50cc以下）
窃盗,オートバイ盗,相模原南,麻溝公園前,141534,神奈川県,相模原市南区,麻溝台７丁目,2021/12/23,22,４階建て以上共同住宅,駐車（輪）場,キーなし,なし,自動二輪（50cc超）
窃盗,オートバイ盗,相模原南,麻溝公園前,141534,神奈川県,相模原市南区,麻溝台８丁目,2021/12/9,18,一戸建住宅,その他,キーなし,なし,原動機付自転車（50cc以下）
窃盗,オートバイ盗,相模原南,麻溝公園前,141534,神奈川県,相模原市南区,相模台６丁目,2021/4/13,8,一戸建住宅,駐車（輪）場,キーあり,なし,自動二輪（50cc超）
窃盗,オートバイ盗,座間,ひばりが丘,142166,神奈川県,座間市,ひばりが丘１丁目,2021/5/22,16,その他,その他,キーなし,なし,原動機付自転車（50cc以下）
窃盗,オートバイ盗,座間,ひばりが丘,142166,神奈川県,座間市,ひばりが丘１丁目,2021/6/21,22,４階建て以上共同住宅,駐車（輪）場,キーなし,あり,自動二輪（50cc超）
窃盗,オートバイ盗,座間,座間駅前,142166,神奈川県,座間市,,2021/7/25,10,駐車（輪）場,駐車（輪）場,キーなし,なし,原動機付自転車（50cc以下）
窃盗,オートバイ盗,座間,座間駅前,142166,神奈川県,座間市,座間入谷,2021/1/8,17,４階建て以上共同住宅,駐車（輪）場,キーなし,なし,自動二輪（50cc超）
窃盗,オートバイ盗,座間,座間駅前,142166,神奈川県,座間市,新田宿,2021/1/24,18,一戸建住宅,その他,キーなし,なし,原動機付自転車（50cc以下）
窃盗,オートバイ盗,座間,座間駅前,142166,神奈川県,座間市,新田宿,2021/1/24,19,その他の住宅（３階建て以下共同住宅等）,その他,キーなし,なし,自動二輪（50cc超）
窃盗,オートバイ盗,座間,座間駅前,142166,神奈川県,座間市,四ツ谷,2021/1/12,18,その他の住宅（３階建て以下共同住宅等）,その他,キーなし,あり,自動二輪（50cc超）
窃盗,オートバイ盗,座間,座間駅前,142166,神奈川県,座間市,四ツ谷,2021/1/23,17,一戸建住宅,その他,キーなし,なし,原動機付自転車（50cc以下）
窃盗,オートバイ盗,座間,座間駅前,142166,神奈川県,座間市,四ツ谷,2021/1/24,17,一戸建住宅,その他,キーなし,なし,原動機付自転車（50cc以下）
窃盗,オートバイ盗,座間,座間駅前,142166,神奈川県,座間市,入谷西４丁目,2021/1/8,16,その他の住宅（３階建て以下共同住宅等）,駐車（輪）場,キーなし,なし,自動二輪（50cc超）
窃盗,オートバイ盗,座間,座間駅前,142166,神奈川県,座間市,入谷西５丁目,2021/1/2,9,その他,駐車（輪）場,キーなし,なし,原動機付自転車（50cc以下）
窃盗,オートバイ盗,座間,座間駅前,142166,神奈川県,座間市,入谷西５丁目,2021/1/3,6,その他,駐車（輪）場,キーなし,なし,原動機付自転車（50cc以下）
窃盗,オートバイ盗,座間,栗原,142166,神奈川県,座間市,立野台１丁目,2021/3/30,13,その他の住宅（３階建て以下共同住宅等）,駐車（輪）場,キーなし,なし,自動二輪（50cc超）
窃盗,オートバイ盗,座間,栗原,142166,神奈川県,座間市,立野台１丁目,2021/3/31,20,その他の住宅（３階建て以下共同住宅等）,駐車（輪）場,キーなし,なし,原動機付自転車（50cc以下）
窃盗,オートバイ盗,座間,栗原,142166,神奈川県,座間市,さがみ野１丁目,2021/4/9,23,一戸建住宅,駐車（輪）場,キーなし,なし,自動二輪（50cc超）
窃盗,オートバイ盗,座間,栗原,142166,神奈川県,座間市,南栗原６丁目,2021/2/17,20,駐車（輪）場,駐車（輪）場,キーなし,あり,自動二輪（50cc超）
窃盗,オートバイ盗,座間,栗原,142166,神奈川県,座間市,栗原中央５丁目,2020/11/13,6,その他の住宅（３階建て以下共同住宅等）,駐車（輪）場,キーなし,なし,原動機付自転車（50cc以下）
窃盗,オートバイ盗,座間,栗原,142166,神奈川県,座間市,西栗原１丁目,2021/10/8,23,４階建て以上共同住宅,駐車（輪）場,キーなし,なし,原動機付自転車（50cc以下）
窃盗,オートバイ盗,座間,相模が丘,142166,神奈川県,座間市,相模が丘４丁目,2021/1/8,16,道路上,その他,キーなし,なし,原動機付自転車（50cc以下）
窃盗,オートバイ盗,座間,相模が丘,142166,神奈川県,座間市,広野台１丁目,2021/1/9,0,その他,その他,キーなし,なし,自動二輪（50cc超）
窃盗,オートバイ盗,座間,相模が丘,142166,神奈川県,座間市,広野台２丁目,2021/3/25,13,その他,駐車（輪）場,キーあり,なし,原動機付自転車（50cc以下）
窃盗,オートバイ盗,座間,相武台前,142166,神奈川県,座間市,座間１丁目,2021/12/22,17,一戸建住宅,その他,キーなし,なし,自動二輪（50cc超）
窃盗,オートバイ盗,座間,相武台前,142166,神奈川県,座間市,相武台１丁目,2021/3/27,14,４階建て以上共同住宅,駐車（輪）場,キーなし,なし,自動二輪（50cc超）
窃盗,オートバイ盗,座間,相武台前,142166,神奈川県,座間市,相武台３丁目,2021/9/8,16,４階建て以上共同住宅,駐車（輪）場,キーなし,なし,原動機付自転車（50cc以下）
窃盗,オートバイ盗,座間,相武台前,142166,神奈川県,座間市,緑ケ丘２丁目,2021/1/3,16,一戸建住宅,駐車（輪）場,キーあり,なし,原動機付自転車（50cc以下）
窃盗,オートバイ盗,座間,相武台前,142166,神奈川県,座間市,緑ケ丘６丁目,2021/11/3,8,その他の住宅（３階建て以下共同住宅等）,その他,キーなし,なし,原動機付自転車（50cc以下）
窃盗,オートバイ盗,海老名,さがみ野駅前,142158,神奈川県,海老名市,東柏ケ谷２丁目,2021/6/21,19,その他の住宅（３階建て以下共同住宅等）,駐車（輪）場,キーなし,なし,自動二輪（50cc超）
窃盗,オートバイ盗,海老名,さがみ野駅前,142158,神奈川県,海老名市,東柏ケ谷３丁目,2021/4/19,0,その他,駐車（輪）場,キーあり,なし,原動機付自転車（50cc以下）
窃盗,オートバイ盗,海老名,国分寺台,142158,神奈川県,海老名市,上今泉２丁目,2021/4/2,11,一戸建住宅,駐車（輪）場,キーなし,なし,自動二輪（50cc超）
窃盗,オートバイ盗,海老名,国分寺台,142158,神奈川県,海老名市,大谷南４丁目,2021/3/26,8,その他の住宅（３階建て以下共同住宅等）,駐車（輪）場,キーなし,あり,原動機付自転車（50cc以下）
窃盗,オートバイ盗,海老名,国分寺台,142158,神奈川県,海老名市,大谷南５丁目,2021/3/29,7,駐車（輪）場,駐車（輪）場,キーなし,なし,原動機付自転車（50cc以下）
窃盗,オートバイ盗,海老名,国分寺台,142158,神奈川県,海老名市,杉久保南１丁目,2021/12/24,19,一戸建住宅,その他,キーなし,なし,自動二輪（50cc超）
窃盗,オートバイ盗,海老名,有馬,142158,神奈川県,海老名市,今里３丁目,2021/7/30,22,４階建て以上共同住宅,その他,キーなし,なし,原動機付自転車（50cc以下）
窃盗,オートバイ盗,海老名,有馬,142158,神奈川県,海老名市,門沢橋２丁目,2021/1/1,0,駐車（輪）場,駐車（輪）場,キーなし,なし,自動二輪（50cc超）
窃盗,オートバイ盗,海老名,有馬,142158,神奈川県,海老名市,門沢橋２丁目,2021/1/14,8,駐車（輪）場,駐車（輪）場,キーあり,なし,原動機付自転車（50cc以下）
窃盗,オートバイ盗,海老名,有馬,142158,神奈川県,海老名市,門沢橋２丁目,2021/9/3,12,一戸建住宅,駐車（輪）場,キーなし,なし,自動二輪（50cc超）
窃盗,オートバイ盗,海老名,海老名駅前,142158,神奈川県,海老名市,上今泉２丁目,2021/10/17,19,道路上,その他,キーなし,あり,自動二輪（50cc超）
窃盗,オートバイ盗,海老名,海老名駅前,142158,神奈川県,海老名市,中央２丁目,2021/1/10,18,その他,駐車（輪）場,キーあり,なし,自動二輪（50cc超）
窃盗,オートバイ盗,海老名,海老名駅前,142158,神奈川県,海老名市,中央２丁目,2021/1/14,17,その他,駐車（輪）場,キーあり,なし,自動二輪（50cc超）
窃盗,オートバイ盗,海老名,海老名駅前,142158,神奈川県,海老名市,中央２丁目,2021/1/16,19,その他,駐車（輪）場,キーあり,なし,自動二輪（50cc超）
窃盗,オートバイ盗,海老名,海老名駅前,142158,神奈川県,海老名市,中央２丁目,2021/9/12,11,駐車（輪）場,駐車（輪）場,キーなし,なし,原動機付自転車（50cc以下）
窃盗,オートバイ盗,海老名,海老名駅前,142158,神奈川県,海老名市,中央３丁目,2021/8/5,17,駐車（輪）場,駐車（輪）場,キーあり,なし,原動機付自転車（50cc以下）
窃盗,オートバイ盗,海老名,海老名駅前,142158,神奈川県,海老名市,国分北１丁目,2021/6/3,7,駐車（輪）場,駐車（輪）場,キーなし,なし,原動機付自転車（50cc以下）
窃盗,オートバイ盗,海老名,海老名駅前,142158,神奈川県,海老名市,めぐみ町,2021/1/26,20,その他,駐車（輪）場,キーなし,なし,自動二輪（50cc超）
窃盗,オートバイ盗,海老名,海老名駅前,142158,神奈川県,海老名市,めぐみ町,2021/6/29,7,駐車（輪）場,駐車（輪）場,キーあり,なし,自動二輪（50cc超）
窃盗,オートバイ盗,相模原北,下九沢,141518,神奈川県,相模原市緑区,下九沢,2021/4/12,18,その他の住宅（３階建て以下共同住宅等）,その他,キーなし,あり,自動二輪（50cc超）
窃盗,オートバイ盗,相模原北,下九沢,141518,神奈川県,相模原市緑区,下九沢,2021/10/19,6,その他の住宅（３階建て以下共同住宅等）,駐車（輪）場,キーなし,なし,原動機付自転車（50cc以下）
窃盗,オートバイ盗,相模原北,大島,141518,神奈川県,相模原市緑区,大島,2021/4/5,21,その他の住宅（３階建て以下共同住宅等）,その他,キーなし,あり,自動二輪（50cc超）
窃盗,オートバイ盗,相模原北,橋本五差路,141518,神奈川県,相模原市緑区,大山町,2020/12/30,10,その他の住宅（３階建て以下共同住宅等）,駐車（輪）場,キーなし,なし,原動機付自転車（50cc以下）
窃盗,オートバイ盗,相模原北,橋本駅前,141518,神奈川県,相模原市緑区,西橋本５丁目,2021/4/1,15,その他,駐車（輪）場,キーあり,なし,原動機付自転車（50cc以下）
窃盗,オートバイ盗,相模原北,橋本駅前,141518,神奈川県,相模原市緑区,橋本３丁目,2021/10/22,17,駐車（輪）場,駐車（輪）場,キーなし,なし,自動二輪（50cc超）
窃盗,オートバイ盗,相模原北,橋本駅前,141518,神奈川県,相模原市緑区,橋本７丁目,2021/9/12,16,４階建て以上共同住宅,駐車（輪）場,キーあり,なし,原動機付自転車（50cc以下）
窃盗,オートバイ盗,相模原北,橋本駅前,141518,神奈川県,相模原市緑区,橋本８丁目,2021/2/11,12,駐車（輪）場,駐車（輪）場,キーあり,なし,自動二輪（50cc超）
窃盗,オートバイ盗,相模原北,相原,141518,神奈川県,相模原市緑区,相原６丁目,2021/5/21,19,その他の住宅（３階建て以下共同住宅等）,駐車（輪）場,キーなし,あり,自動二輪（50cc超）
窃盗,オートバイ盗,相模原北,相原,141518,神奈川県,相模原市緑区,上九沢,2020/10/7,12,４階建て以上共同住宅,駐車（輪）場,キーなし,なし,原動機付自転車（50cc以下）
窃盗,オートバイ盗,相模原北,相原,141518,神奈川県,相模原市緑区,二本松１丁目,2021/4/24,9,駐車（輪）場,駐車（輪）場,キーなし,なし,自動二輪（50cc超）
