罪名,手口,管轄警察署（発生地）,管轄交番・駐在所（発生地）,市区町村コード（発生地）,都道府県（発生地）,市区町村（発生地）,町丁目（発生地）,発生年月日（始期）,発生時（始期）,発生場所の属性,施錠関係,現金被害の有無
窃盗,車上ねらい,南,東蒔田町,141054,神奈川県,横浜市南区,堀ノ内町２丁目,2019-01-08,22,その他の住宅（３階建て以下共同住宅等）,施錠せず,なし
窃盗,車上ねらい,南,東蒔田町,141054,神奈川県,横浜市南区,堀ノ内町２丁目,2019-01-08,22,,施錠せず,なし
窃盗,車上ねらい,南,東蒔田町,141054,神奈川県,横浜市南区,堀ノ内町２丁目,2019-02-07,22,その他の住宅（３階建て以下共同住宅等）,施錠せず,なし
窃盗,車上ねらい,南,東蒔田町,141054,神奈川県,横浜市南区,堀ノ内町２丁目,2019-02-27,18,,施錠せず,なし
窃盗,車上ねらい,南,東蒔田町,141054,神奈川県,横浜市南区,堀ノ内町２丁目,2019-03-16,18,,施錠せず,なし
窃盗,車上ねらい,南,東蒔田町,141054,神奈川県,横浜市南区,堀ノ内町２丁目,2019-03-29,19,,施錠せず,なし
窃盗,車上ねらい,南,東蒔田町,141054,神奈川県,横浜市南区,堀ノ内町２丁目,2019-10-19,17,その他の住宅（３階建て以下共同住宅等）,施錠せず,あり
窃盗,車上ねらい,南,東蒔田町,141054,神奈川県,横浜市南区,蒔田町,2019-01-07,15,,施錠せず,なし
窃盗,車上ねらい,南,中村橋,141054,神奈川県,横浜市南区,睦町１丁目,2019-11-16,18,,施錠せず,なし
窃盗,車上ねらい,南,吉野町,141054,神奈川県,横浜市南区,新川町３丁目,2019-01-24,21,,施錠せず,なし
窃盗,車上ねらい,南,吉野町,141054,神奈川県,横浜市南区,西中町２丁目,2019-01-16,12,,施錠せず,なし
窃盗,車上ねらい,南,吉野町,141054,神奈川県,横浜市南区,日枝町２丁目,2019-06-29,19,４階建て以上共同住宅,施錠せず,なし
窃盗,車上ねらい,南,吉野町,141054,神奈川県,横浜市南区,二葉町１丁目,2019-09-17,21,,施錠せず,あり
窃盗,車上ねらい,南,吉野町,141054,神奈川県,横浜市南区,前里町３丁目,2019-08-14,22,,施錠せず,なし
窃盗,車上ねらい,南,久保山,141054,神奈川県,横浜市南区,三春台,2019-11-26,20,,施錠せず,なし
窃盗,車上ねらい,南,南太田,141054,神奈川県,横浜市南区,清水ケ丘,2019-12-12,00,,施錠せず,なし
窃盗,車上ねらい,南,南太田,141054,神奈川県,横浜市南区,南太田４丁目,2019-03-15,17,,施錠せず,なし
窃盗,車上ねらい,南,大岡町,141054,神奈川県,横浜市南区,大岡３丁目,2019-03-31,02,,施錠せず,なし
窃盗,車上ねらい,南,大岡町,141054,神奈川県,横浜市南区,大岡４丁目,2018-12-28,16,,施錠せず,なし
窃盗,車上ねらい,南,大岡町,141054,神奈川県,横浜市南区,大岡４丁目,2019-03-30,19,,施錠せず,なし
窃盗,車上ねらい,南,大岡町,141054,神奈川県,横浜市南区,大岡５丁目,2019-10-26,19,,施錠せず,なし
窃盗,車上ねらい,南,大岡町,141054,神奈川県,横浜市南区,大岡５丁目,2019-10-29,20,一戸建住宅,施錠せず,あり
窃盗,車上ねらい,南,井土ケ谷,141054,神奈川県,横浜市南区,井土ケ谷中町,2019-07-04,09,,施錠せず,なし
窃盗,車上ねらい,南,井土ケ谷,141054,神奈川県,横浜市南区,永田東１丁目,2019-07-25,22,,施錠せず,あり
窃盗,車上ねらい,南,井土ケ谷,141054,神奈川県,横浜市南区,永田南１丁目,2019-01-21,19,一戸建住宅,施錠せず,なし
窃盗,車上ねらい,南,永田,141054,神奈川県,横浜市南区,永田北２丁目,2019-10-23,20,,施錠せず,あり
窃盗,車上ねらい,南,永田,141054,神奈川県,横浜市南区,永田北２丁目,2019-12-28,17,,施錠せず,なし
窃盗,車上ねらい,南,永田,141054,神奈川県,横浜市南区,永田北３丁目,2019-10-16,17,一戸建住宅,施錠せず,あり
窃盗,車上ねらい,南,永田,141054,神奈川県,横浜市南区,永田台,2019-07-01,23,,施錠せず,なし
窃盗,車上ねらい,南,永田,141054,神奈川県,横浜市南区,永田台,2019-12-07,18,一戸建住宅,施錠せず,なし
窃盗,車上ねらい,南,永田,141054,神奈川県,横浜市南区,永田東２丁目,2019-08-05,17,,施錠せず,なし
窃盗,車上ねらい,南,六ツ川,141054,神奈川県,横浜市南区,永田山王台,2019-01-04,12,,施錠せず,なし
窃盗,車上ねらい,南,六ツ川,141054,神奈川県,横浜市南区,六ツ川１丁目,2018-12-30,07,,施錠せず,なし
窃盗,車上ねらい,南,六ツ川,141054,神奈川県,横浜市南区,六ツ川２丁目,2019-10-16,19,一戸建住宅,施錠せず,あり
窃盗,車上ねらい,南,別所町,141054,神奈川県,横浜市南区,別所３丁目,2019-01-18,18,,施錠せず,なし
窃盗,車上ねらい,南,別所町,141054,神奈川県,横浜市南区,別所４丁目,2019-04-08,19,一戸建住宅,施錠せず,なし
窃盗,車上ねらい,南,別所町,141054,神奈川県,横浜市南区,別所５丁目,2019-08-20,09,,施錠せず,なし
窃盗,車上ねらい,南,別所町,141054,神奈川県,横浜市南区,別所５丁目,2019-12-06,17,その他の住宅（３階建て以下共同住宅等）,施錠せず,なし
窃盗,車上ねらい,南,別所町,141054,神奈川県,横浜市南区,別所７丁目,2019-02-11,14,,施錠せず,なし
窃盗,車上ねらい,南,別所町,141054,神奈川県,横浜市南区,別所７丁目,2019-09-11,17,,施錠せず,なし
窃盗,車上ねらい,南,別所町,141054,神奈川県,横浜市南区,別所中里台,2018-12-30,22,その他の住宅（３階建て以下共同住宅等）,施錠せず,なし
窃盗,車上ねらい,南,別所町,141054,神奈川県,横浜市南区,別所中里台,2019-12-21,13,その他の住宅（３階建て以下共同住宅等）,施錠せず,なし
窃盗,車上ねらい,南,大池,141054,神奈川県,横浜市南区,永田みなみ台,2019-11-01,18,,施錠せず,なし
窃盗,車上ねらい,南,大池,141054,神奈川県,横浜市南区,六ツ川２丁目,2019-01-02,17,,施錠せず,なし
窃盗,車上ねらい,南,大池,141054,神奈川県,横浜市南区,六ツ川２丁目,2019-01-04,17,,施錠せず,なし
窃盗,車上ねらい,南,大池,141054,神奈川県,横浜市南区,六ツ川３丁目,2019-07-02,20,一戸建住宅,施錠せず,あり
窃盗,車上ねらい,南,大池,141054,神奈川県,横浜市南区,六ツ川３丁目,2019-08-21,17,,施錠せず,なし
窃盗,車上ねらい,南,大池,141054,神奈川県,横浜市南区,六ツ川３丁目,2019-10-15,14,,施錠せず,なし
窃盗,車上ねらい,南,通町,141054,神奈川県,横浜市南区,大橋町２丁目,2019-01-30,23,,施錠せず,なし
窃盗,車上ねらい,南,通町,141054,神奈川県,横浜市南区,中島町４丁目,2019-01-30,18,,施錠せず,なし
窃盗,車上ねらい,南,浦舟町,141054,神奈川県,横浜市南区,白妙町２丁目,2019-02-04,06,,施錠せず,なし
窃盗,車上ねらい,南,浦舟町,141054,神奈川県,横浜市南区,真金町１丁目,2018-12-29,18,,施錠せず,なし
窃盗,車上ねらい,大和,大和駅前,142131,神奈川県,大和市,中央５丁目,2019-01-27,09,,施錠せず,なし
窃盗,車上ねらい,大和,大和駅前,142131,神奈川県,大和市,深見,2019-04-10,16,駐車（輪）場,施錠せず,あり
窃盗,車上ねらい,大和,大和駅前,142131,神奈川県,大和市,大和南２丁目,2019-08-20,18,,施錠せず,なし
窃盗,車上ねらい,大和,大和駅前,142131,神奈川県,大和市,大和南２丁目,2019-09-04,17,その他,施錠せず,なし
窃盗,車上ねらい,大和,相模大塚駅前,142131,神奈川県,大和市,上草柳,2019-01-09,15,,施錠せず,あり
窃盗,車上ねらい,大和,相模大塚駅前,142131,神奈川県,大和市,上草柳,2019-03-11,21,,施錠せず,あり
窃盗,車上ねらい,大和,相模大塚駅前,142131,神奈川県,大和市,上草柳６丁目,2019-05-07,19,,施錠せず,なし
窃盗,車上ねらい,大和,相模大塚駅前,142131,神奈川県,大和市,上草柳６丁目,2019-09-22,02,駐車（輪）場,施錠せず,なし
窃盗,車上ねらい,大和,相模大塚駅前,142131,神奈川県,大和市,上草柳９丁目,2019-06-13,19,一戸建住宅,施錠せず,あり
窃盗,車上ねらい,大和,相模大塚駅前,142131,神奈川県,大和市,桜森１丁目,2019-01-29,21,,施錠せず,なし
窃盗,車上ねらい,大和,相模大塚駅前,142131,神奈川県,大和市,桜森２丁目,2019-01-29,18,,施錠せず,なし
窃盗,車上ねらい,大和,相模大塚駅前,142131,神奈川県,大和市,桜森３丁目,2019-06-10,20,４階建て以上共同住宅,施錠せず,あり
窃盗,車上ねらい,大和,鶴間駅前,142131,神奈川県,大和市,西鶴間２丁目,2019-02-19,18,４階建て以上共同住宅,施錠せず,なし
窃盗,車上ねらい,大和,鶴間駅前,142131,神奈川県,大和市,西鶴間４丁目,2019-02-19,20,,施錠せず,なし
窃盗,車上ねらい,大和,鶴間駅前,142131,神奈川県,大和市,西鶴間７丁目,2019-02-19,21,,施錠せず,なし
窃盗,車上ねらい,大和,鶴間駅前,142131,神奈川県,大和市,深見東３丁目,2019-09-11,15,,施錠せず,なし
窃盗,車上ねらい,大和,つきみ野駅前,142131,神奈川県,大和市,下鶴間,2019-03-10,03,その他,施錠せず,なし
窃盗,車上ねらい,大和,つきみ野駅前,142131,神奈川県,大和市,下鶴間,2019-05-30,18,その他の住宅（３階建て以下共同住宅等）,施錠せず,なし
窃盗,車上ねらい,大和,つきみ野駅前,142131,神奈川県,大和市,つきみ野２丁目,2019-08-16,23,,施錠せず,なし
窃盗,車上ねらい,大和,中央林間,142131,神奈川県,大和市,,2019-04-22,23,,施錠せず,なし
窃盗,車上ねらい,大和,中央林間,142131,神奈川県,大和市,中央林間西１丁目,2019-04-02,19,一戸建住宅,施錠せず,なし
窃盗,車上ねらい,大和,桜ヶ丘,142131,神奈川県,大和市,上和田,2018-12-28,18,,施錠せず,なし
窃盗,車上ねらい,大和,桜ヶ丘,142131,神奈川県,大和市,上和田,2019-01-29,21,,施錠せず,なし
窃盗,車上ねらい,大和,桜ヶ丘,142131,神奈川県,大和市,上和田,2019-02-01,12,,施錠せず,なし
窃盗,車上ねらい,大和,桜ヶ丘,142131,神奈川県,大和市,上和田,2019-02-01,20,一戸建住宅,施錠せず,なし
窃盗,車上ねらい,大和,桜ヶ丘,142131,神奈川県,大和市,上和田,2019-02-16,19,その他の住宅（３階建て以下共同住宅等）,施錠せず,なし
窃盗,車上ねらい,大和,桜ヶ丘,142131,神奈川県,大和市,福田,2019-01-31,16,その他の住宅（３階建て以下共同住宅等）,施錠せず,なし
窃盗,車上ねらい,大和,桜ヶ丘,142131,神奈川県,大和市,福田,2019-07-03,15,駐車（輪）場,施錠せず,あり
窃盗,車上ねらい,大和,桜ヶ丘,142131,神奈川県,大和市,福田３丁目,2019-02-01,11,,施錠せず,なし
窃盗,車上ねらい,大和,桜ヶ丘,142131,神奈川県,大和市,福田４丁目,2019-02-02,19,一戸建住宅,施錠せず,なし
窃盗,車上ねらい,大和,桜ヶ丘,142131,神奈川県,大和市,柳橋５丁目,2019-02-01,15,,施錠せず,なし
窃盗,車上ねらい,大和,福田,142131,神奈川県,大和市,上和田,2019-01-31,15,その他の住宅（３階建て以下共同住宅等）,施錠せず,なし
窃盗,車上ねらい,大和,福田,142131,神奈川県,大和市,上和田,2019-01-31,19,,施錠せず,なし
窃盗,車上ねらい,大和,福田,142131,神奈川県,大和市,下和田,2019-02-01,18,,施錠せず,なし
窃盗,車上ねらい,大和,福田,142131,神奈川県,大和市,下和田,2019-02-02,19,,施錠せず,なし
窃盗,車上ねらい,大和,福田,142131,神奈川県,大和市,福田,2019-01-25,21,,施錠せず,あり
窃盗,車上ねらい,大和,福田,142131,神奈川県,大和市,福田,2019-09-23,21,一戸建住宅,施錠せず,あり
窃盗,車上ねらい,大和,福田,142131,神奈川県,大和市,,2019-02-02,19,,施錠せず,なし
窃盗,車上ねらい,大和,福田,142131,神奈川県,大和市,渋谷２丁目,2019-02-02,19,,施錠せず,なし
窃盗,車上ねらい,大和,上土棚,142182,神奈川県,綾瀬市,上土棚北３丁目,2019-01-26,18,,施錠せず,なし
窃盗,車上ねらい,大和,上土棚,142182,神奈川県,綾瀬市,上土棚南４丁目,2019-06-09,23,,施錠せず,なし
窃盗,車上ねらい,大和,上土棚,142182,神奈川県,綾瀬市,上土棚中３丁目,2019-01-22,18,,施錠せず,なし
窃盗,車上ねらい,大和,上土棚,142182,神奈川県,綾瀬市,上土棚中４丁目,2019-01-22,19,一戸建住宅,施錠せず,なし
窃盗,車上ねらい,大和,寺尾,142182,神奈川県,綾瀬市,小園,2019-01-12,22,,施錠せず,あり
窃盗,車上ねらい,大和,寺尾,142182,神奈川県,綾瀬市,寺尾釜田１丁目,2019-05-02,20,その他,施錠せず,なし
窃盗,車上ねらい,大和,寺尾,142182,神奈川県,綾瀬市,寺尾中１丁目,2019-12-25,18,,施錠せず,あり
窃盗,車上ねらい,大和,寺尾,142182,神奈川県,綾瀬市,寺尾台１丁目,2019-01-12,16,その他の住宅（３階建て以下共同住宅等）,施錠せず,あり
窃盗,車上ねらい,大和,深谷,142182,神奈川県,綾瀬市,落合北５丁目,2019-04-21,01,,施錠せず,あり
窃盗,車上ねらい,大和,深谷,142182,神奈川県,綾瀬市,深谷中４丁目,2019-01-26,12,一戸建住宅,施錠せず,なし
窃盗,車上ねらい,大和,深谷,142182,神奈川県,綾瀬市,深谷中８丁目,2019-01-24,00,その他,施錠せず,なし
窃盗,車上ねらい,大和,深谷,142182,神奈川県,綾瀬市,深谷上６丁目,2019-04-20,20,４階建て以上共同住宅,施錠せず,あり
窃盗,車上ねらい,大和,深谷,142182,神奈川県,綾瀬市,深谷上６丁目,2019-04-21,00,その他の住宅（３階建て以下共同住宅等）,施錠せず,なし
窃盗,車上ねらい,大和,下鶴間,142131,神奈川県,大和市,下鶴間,2019-01-28,19,,施錠せず,なし
窃盗,車上ねらい,大和,下鶴間,142131,神奈川県,大和市,下鶴間,2019-07-25,19,,施錠せず,なし
窃盗,車上ねらい,大和,綾瀬地区,142182,神奈川県,綾瀬市,早川,2019-01-21,07,,施錠せず,なし
窃盗,車上ねらい,泉,中田,141160,神奈川県,横浜市泉区,白百合１丁目,2019-05-07,20,その他の住宅（３階建て以下共同住宅等）,施錠せず,あり
窃盗,車上ねらい,泉,中田,141160,神奈川県,横浜市泉区,白百合２丁目,2019-05-19,21,一戸建住宅,施錠せず,あり
窃盗,車上ねらい,泉,中田,141160,神奈川県,横浜市泉区,中田町,2019-06-18,15,一戸建住宅,施錠せず,なし
窃盗,車上ねらい,泉,中田,141160,神奈川県,横浜市泉区,中田東１丁目,2019-05-04,22,その他の住宅（３階建て以下共同住宅等）,施錠せず,あり
窃盗,車上ねらい,泉,中田,141160,神奈川県,横浜市泉区,中田東１丁目,2019-05-17,07,一戸建住宅,施錠せず,あり
窃盗,車上ねらい,泉,中田,141160,神奈川県,横浜市泉区,中田東１丁目,2019-06-08,01,一戸建住宅,施錠せず,あり
窃盗,車上ねらい,泉,中田,141160,神奈川県,横浜市泉区,中田東３丁目,2019-07-07,14,,施錠せず,あり
窃盗,車上ねらい,泉,中田,141160,神奈川県,横浜市泉区,中田北３丁目,2019-03-13,18,,施錠せず,なし
窃盗,車上ねらい,泉,中田,141160,神奈川県,横浜市泉区,中田北３丁目,2019-08-19,19,その他の住宅（３階建て以下共同住宅等）,施錠せず,あり
窃盗,車上ねらい,泉,中田,141160,神奈川県,横浜市泉区,中田南４丁目,2019-03-30,09,,施錠せず,なし
窃盗,車上ねらい,泉,和泉,141160,神奈川県,横浜市泉区,和泉町,2019-01-26,23,,施錠せず,なし
窃盗,車上ねらい,泉,和泉,141160,神奈川県,横浜市泉区,和泉中央南３丁目,2019-01-17,19,,施錠せず,なし
窃盗,車上ねらい,泉,和泉,141160,神奈川県,横浜市泉区,和泉中央北２丁目,2019-01-17,18,,施錠せず,なし
窃盗,車上ねらい,泉,和泉,141160,神奈川県,横浜市泉区,和泉中央北４丁目,2019-03-11,20,４階建て以上共同住宅,施錠せず,なし
窃盗,車上ねらい,泉,和泉,141160,神奈川県,横浜市泉区,和泉中央北６丁目,2019-09-13,17,,施錠せず,なし
窃盗,車上ねらい,泉,下和泉,141160,神奈川県,横浜市泉区,和泉町,2019-01-27,10,その他,施錠せず,あり
窃盗,車上ねらい,泉,下和泉,141160,神奈川県,横浜市泉区,下飯田町,2019-06-12,09,,施錠せず,なし
窃盗,車上ねらい,泉,下和泉,141160,神奈川県,横浜市泉区,下和泉１丁目,2019-03-31,23,その他の住宅（３階建て以下共同住宅等）,施錠せず,あり
窃盗,車上ねらい,泉,下和泉,141160,神奈川県,横浜市泉区,下和泉１丁目,2019-08-07,20,,施錠せず,なし
窃盗,車上ねらい,泉,下和泉,141160,神奈川県,横浜市泉区,下和泉１丁目,2019-08-07,21,その他の住宅（３階建て以下共同住宅等）,施錠せず,あり
窃盗,車上ねらい,泉,下和泉,141160,神奈川県,横浜市泉区,下和泉２丁目,2019-03-16,19,,施錠せず,なし
窃盗,車上ねらい,泉,下和泉,141160,神奈川県,横浜市泉区,下和泉２丁目,2019-03-17,01,駐車（輪）場,施錠せず,なし
窃盗,車上ねらい,泉,下和泉,141160,神奈川県,横浜市泉区,下和泉３丁目,2019-05-27,21,,施錠せず,なし
窃盗,車上ねらい,泉,緑園都市駅前,141160,神奈川県,横浜市泉区,池の谷,2019-03-21,20,,施錠せず,なし
窃盗,車上ねらい,泉,緑園都市駅前,141160,神奈川県,横浜市泉区,緑園３丁目,2019-06-18,00,駐車（輪）場,施錠せず,なし
窃盗,車上ねらい,泉,上飯田,141160,神奈川県,横浜市泉区,上飯田町,2019-05-28,23,その他の住宅（３階建て以下共同住宅等）,施錠せず,あり
窃盗,車上ねらい,泉,上飯田,141160,神奈川県,横浜市泉区,上飯田町,2019-06-07,20,その他,施錠せず,なし
窃盗,車上ねらい,泉,上飯田,141160,神奈川県,横浜市泉区,上飯田町,2019-06-22,20,その他の住宅（３階建て以下共同住宅等）,施錠せず,あり
窃盗,車上ねらい,泉,上飯田,141160,神奈川県,横浜市泉区,上飯田町,2019-07-06,09,,施錠せず,なし
窃盗,車上ねらい,泉,いずみ野駅前,141160,神奈川県,横浜市泉区,上飯田町,2019-01-07,19,一戸建住宅,施錠せず,あり
窃盗,車上ねらい,泉,いちょう団地,141160,神奈川県,横浜市泉区,上飯田町,2019-02-08,23,,施錠せず,あり
窃盗,車上ねらい,泉,弥生台駅前,141160,神奈川県,横浜市泉区,岡津町,2019-03-17,21,駐車（輪）場,施錠せず,なし
窃盗,車上ねらい,泉,弥生台駅前,141160,神奈川県,横浜市泉区,岡津町,2019-03-19,16,,施錠せず,なし
窃盗,車上ねらい,泉,弥生台駅前,141160,神奈川県,横浜市泉区,岡津町,2019-03-23,18,,施錠せず,なし
窃盗,車上ねらい,泉,弥生台駅前,141160,神奈川県,横浜市泉区,岡津町,2019-08-30,18,その他の住宅（３階建て以下共同住宅等）,施錠せず,なし
窃盗,車上ねらい,泉,弥生台駅前,141160,神奈川県,横浜市泉区,岡津町,2019-12-26,19,,施錠せず,あり
窃盗,車上ねらい,泉,弥生台駅前,141160,神奈川県,横浜市泉区,新橋町,2019-08-06,18,その他の住宅（３階建て以下共同住宅等）,施錠せず,なし
窃盗,車上ねらい,泉,弥生台駅前,141160,神奈川県,横浜市泉区,新橋町,2019-11-15,19,,施錠せず,なし
窃盗,車上ねらい,泉,弥生台駅前,141160,神奈川県,横浜市泉区,弥生台,2019-06-18,19,４階建て以上共同住宅,施錠せず,なし
窃盗,車上ねらい,泉,弥生台駅前,141160,神奈川県,横浜市泉区,領家１丁目,2019-03-22,20,一戸建住宅,施錠せず,なし
窃盗,車上ねらい,泉,弥生台駅前,141160,神奈川県,横浜市泉区,領家３丁目,2019-06-01,22,４階建て以上共同住宅,施錠せず,あり
窃盗,車上ねらい,泉,弥生台駅前,141160,神奈川県,横浜市泉区,領家３丁目,2019-12-26,16,,施錠せず,あり
窃盗,車上ねらい,戸塚,戸塚駅西口,141101,神奈川県,横浜市戸塚区,戸塚町,2019-07-31,23,,施錠せず,なし
窃盗,車上ねらい,戸塚,戸塚駅西口,141101,神奈川県,横浜市戸塚区,戸塚町,2019-08-14,17,,施錠せず,なし
窃盗,車上ねらい,戸塚,戸塚駅西口,141101,神奈川県,横浜市戸塚区,戸塚町,2019-11-08,21,,施錠せず,なし
窃盗,車上ねらい,戸塚,踊場,141101,神奈川県,横浜市戸塚区,鳥が丘,2019-06-06,20,４階建て以上共同住宅,施錠せず,なし
窃盗,車上ねらい,戸塚,踊場,141101,神奈川県,横浜市戸塚区,矢部町,2019-08-10,18,４階建て以上共同住宅,施錠せず,なし
窃盗,車上ねらい,戸塚,踊場,141101,神奈川県,横浜市戸塚区,汲沢３丁目,2019-06-12,18,その他の住宅（３階建て以下共同住宅等）,施錠せず,あり
窃盗,車上ねらい,戸塚,踊場,141101,神奈川県,横浜市戸塚区,汲沢７丁目,2019-06-03,19,,施錠せず,なし
窃盗,車上ねらい,戸塚,不動坂,141101,神奈川県,横浜市戸塚区,上矢部町,2019-12-14,19,,施錠せず,なし
窃盗,車上ねらい,戸塚,不動坂,141101,神奈川県,横浜市戸塚区,舞岡町,2019-02-09,17,,施錠せず,なし
窃盗,車上ねらい,戸塚,不動坂,141101,神奈川県,横浜市戸塚区,舞岡町,2019-04-18,20,,施錠せず,なし
窃盗,車上ねらい,戸塚,不動坂,141101,神奈川県,横浜市戸塚区,吉田町,2019-02-09,00,,施錠せず,なし
窃盗,車上ねらい,戸塚,原宿,141101,神奈川県,横浜市戸塚区,影取町,2019-07-10,00,,施錠せず,なし
窃盗,車上ねらい,戸塚,原宿,141101,神奈川県,横浜市戸塚区,小雀町,2019-06-18,00,,施錠せず,なし
窃盗,車上ねらい,戸塚,原宿,141101,神奈川県,横浜市戸塚区,戸塚町,2019-11-08,19,,施錠せず,なし
窃盗,車上ねらい,戸塚,原宿,141101,神奈川県,横浜市戸塚区,深谷町,2019-01-15,19,,施錠せず,なし
窃盗,車上ねらい,戸塚,原宿,141101,神奈川県,横浜市戸塚区,深谷町,2019-02-20,23,その他の住宅（３階建て以下共同住宅等）,施錠せず,あり
窃盗,車上ねらい,戸塚,原宿,141101,神奈川県,横浜市戸塚区,深谷町,2019-04-18,22,,施錠せず,なし
窃盗,車上ねらい,戸塚,原宿,141101,神奈川県,横浜市戸塚区,俣野町,2019-03-31,15,一戸建住宅,施錠せず,なし
窃盗,車上ねらい,戸塚,原宿,141101,神奈川県,横浜市戸塚区,原宿１丁目,2019-11-22,19,,施錠せず,なし
窃盗,車上ねらい,戸塚,原宿,141101,神奈川県,横浜市戸塚区,原宿２丁目,2019-01-12,12,,施錠せず,あり
窃盗,車上ねらい,戸塚,原宿,141101,神奈川県,横浜市戸塚区,原宿３丁目,2019-01-15,19,,施錠せず,なし
窃盗,車上ねらい,戸塚,柏尾,141101,神奈川県,横浜市戸塚区,秋葉町,2019-08-14,19,駐車（輪）場,施錠せず,なし
窃盗,車上ねらい,戸塚,柏尾,141101,神奈川県,横浜市戸塚区,秋葉町,2019-10-23,19,,施錠せず,なし
窃盗,車上ねらい,戸塚,柏尾,141101,神奈川県,横浜市戸塚区,上柏尾町,2019-02-22,21,,施錠せず,なし
窃盗,車上ねらい,戸塚,柏尾,141101,神奈川県,横浜市戸塚区,上柏尾町,2019-02-22,21,,施錠せず,あり
窃盗,車上ねらい,戸塚,柏尾,141101,神奈川県,横浜市戸塚区,上柏尾町,2019-07-30,21,,施錠せず,なし
窃盗,車上ねらい,戸塚,柏尾,141101,神奈川県,横浜市戸塚区,名瀬町,2019-02-22,14,,施錠せず,なし
窃盗,車上ねらい,戸塚,柏尾,141101,神奈川県,横浜市戸塚区,名瀬町,2019-07-05,02,,施錠せず,あり
窃盗,車上ねらい,戸塚,柏尾,141101,神奈川県,横浜市戸塚区,名瀬町,2019-08-03,04,,施錠せず,あり
窃盗,車上ねらい,戸塚,柏尾,141101,神奈川県,横浜市戸塚区,前田町,2019-03-21,19,,施錠せず,なし
窃盗,車上ねらい,戸塚,柏尾,141101,神奈川県,横浜市戸塚区,前田町,2019-03-29,22,,施錠せず,なし
窃盗,車上ねらい,戸塚,平戸,141101,神奈川県,横浜市戸塚区,平戸町,2019-02-08,19,駐車（輪）場,施錠せず,なし
窃盗,車上ねらい,戸塚,平戸,141101,神奈川県,横浜市戸塚区,平戸町,2019-07-31,21,,施錠せず,あり
窃盗,車上ねらい,戸塚,平戸,141101,神奈川県,横浜市戸塚区,平戸町,2019-08-11,07,,施錠せず,なし
窃盗,車上ねらい,戸塚,平戸,141101,神奈川県,横浜市戸塚区,平戸町,2019-11-03,21,,施錠せず,なし
窃盗,車上ねらい,戸塚,平戸,141101,神奈川県,横浜市戸塚区,平戸町,2019-11-29,18,,施錠せず,なし
窃盗,車上ねらい,戸塚,平戸,141101,神奈川県,横浜市戸塚区,平戸４丁目,2019-11-19,18,,施錠せず,なし
窃盗,車上ねらい,戸塚,上矢部,141101,神奈川県,横浜市戸塚区,上矢部町,2019-06-07,00,,施錠せず,あり
窃盗,車上ねらい,戸塚,上矢部,141101,神奈川県,横浜市戸塚区,上矢部町,2019-08-16,22,,施錠せず,なし
窃盗,車上ねらい,戸塚,上矢部,141101,神奈川県,横浜市戸塚区,上矢部町,2019-12-17,16,,施錠せず,なし
窃盗,車上ねらい,戸塚,上矢部,141101,神奈川県,横浜市戸塚区,名瀬町,2019-03-17,17,,施錠せず,なし
窃盗,車上ねらい,戸塚,上矢部,141101,神奈川県,横浜市戸塚区,名瀬町,2019-03-21,12,その他の住宅（３階建て以下共同住宅等）,施錠せず,なし
窃盗,車上ねらい,戸塚,上矢部,141101,神奈川県,横浜市戸塚区,名瀬町,2019-03-21,14,その他の住宅（３階建て以下共同住宅等）,施錠せず,なし
窃盗,車上ねらい,戸塚,上矢部,141101,神奈川県,横浜市戸塚区,名瀬町,2019-04-19,18,,施錠せず,なし
窃盗,車上ねらい,戸塚,上矢部,141101,神奈川県,横浜市戸塚区,名瀬町,2019-10-05,18,その他の住宅（３階建て以下共同住宅等）,施錠せず,なし
窃盗,車上ねらい,戸塚,上矢部,141101,神奈川県,横浜市戸塚区,名瀬町,2019-10-17,20,,施錠せず,なし
窃盗,車上ねらい,戸塚,深谷,141101,神奈川県,横浜市戸塚区,深谷町,2019-03-11,20,,施錠せず,なし
窃盗,車上ねらい,戸塚,深谷,141101,神奈川県,横浜市戸塚区,深谷町,2019-03-15,20,一戸建住宅,施錠せず,なし
窃盗,車上ねらい,戸塚,深谷,141101,神奈川県,横浜市戸塚区,深谷町,2019-03-31,12,一戸建住宅,施錠せず,なし
窃盗,車上ねらい,戸塚,深谷,141101,神奈川県,横浜市戸塚区,深谷町,2019-04-02,01,,施錠せず,なし
窃盗,車上ねらい,戸塚,深谷,141101,神奈川県,横浜市戸塚区,深谷町,2019-04-07,12,４階建て以上共同住宅,施錠せず,なし
窃盗,車上ねらい,戸塚,深谷,141101,神奈川県,横浜市戸塚区,深谷町,2019-08-22,18,,施錠せず,なし
窃盗,車上ねらい,戸塚,深谷,141101,神奈川県,横浜市戸塚区,汲沢４丁目,2019-04-01,18,その他,施錠せず,なし
窃盗,車上ねらい,戸塚,東戸塚駅前,141101,神奈川県,横浜市戸塚区,川上町,2019-11-16,19,その他,施錠せず,なし
窃盗,車上ねらい,戸塚,東戸塚駅前,141101,神奈川県,横浜市戸塚区,品濃町,2019-11-12,11,,施錠せず,なし
窃盗,車上ねらい,戸塚,舞岡,141101,神奈川県,横浜市戸塚区,舞岡町,2019-02-09,06,,施錠せず,なし
窃盗,車上ねらい,戸塚,舞岡,141101,神奈川県,横浜市戸塚区,舞岡町,2019-02-09,17,,施錠せず,なし
窃盗,車上ねらい,戸塚,舞岡,141101,神奈川県,横浜市戸塚区,舞岡町,2019-07-05,19,その他の住宅（３階建て以下共同住宅等）,施錠せず,なし
窃盗,車上ねらい,戸塚,舞岡,141101,神奈川県,横浜市戸塚区,舞岡町,2019-07-30,23,,施錠せず,なし
窃盗,車上ねらい,戸塚,舞岡,141101,神奈川県,横浜市戸塚区,舞岡町,2019-08-09,19,,施錠せず,なし
窃盗,車上ねらい,戸塚,舞岡,141101,神奈川県,横浜市戸塚区,舞岡町,2019-09-12,18,,施錠せず,なし
窃盗,車上ねらい,戸塚,舞岡,141101,神奈川県,横浜市戸塚区,舞岡町,2019-11-02,18,,施錠せず,なし
窃盗,車上ねらい,戸塚,舞岡,141101,神奈川県,横浜市戸塚区,舞岡町,2019-11-02,18,,施錠せず,なし
窃盗,車上ねらい,戸塚,下倉田,141101,神奈川県,横浜市戸塚区,下倉田町,2019-06-25,19,その他の住宅（３階建て以下共同住宅等）,施錠せず,あり
窃盗,車上ねらい,戸塚,戸塚駅東口,141101,神奈川県,横浜市戸塚区,吉田町,2019-01-21,17,その他,施錠せず,なし
窃盗,車上ねらい,旭,鶴ケ峰,141127,神奈川県,横浜市旭区,川島町,2019-03-29,18,,施錠せず,なし
窃盗,車上ねらい,旭,鶴ケ峰,141127,神奈川県,横浜市旭区,川島町,2019-06-12,21,,施錠せず,なし
窃盗,車上ねらい,旭,鶴ケ峰,141127,神奈川県,横浜市旭区,川島町,2019-11-10,19,,施錠せず,なし
窃盗,車上ねらい,旭,鶴ケ峰,141127,神奈川県,横浜市旭区,川島町,2019-12-21,12,,施錠せず,なし
窃盗,車上ねらい,旭,鶴ケ峰,141127,神奈川県,横浜市旭区,四季美台,2019-01-15,17,,施錠せず,なし
窃盗,車上ねらい,旭,鶴ケ峰,141127,神奈川県,横浜市旭区,鶴ケ峰１丁目,2019-01-15,18,,施錠せず,なし
窃盗,車上ねらい,旭,鶴ケ峰,141127,神奈川県,横浜市旭区,鶴ケ峰１丁目,2019-01-15,20,その他,施錠せず,なし
窃盗,車上ねらい,旭,鶴ケ峰,141127,神奈川県,横浜市旭区,鶴ケ峰１丁目,2019-05-28,04,その他,施錠せず,なし
窃盗,車上ねらい,旭,鶴ケ峰,141127,神奈川県,横浜市旭区,鶴ケ峰１丁目,2019-08-15,17,,施錠せず,なし
窃盗,車上ねらい,旭,希望が丘,141127,神奈川県,横浜市旭区,東希望が丘,2019-02-01,17,,施錠せず,なし
窃盗,車上ねらい,旭,希望が丘,141127,神奈川県,横浜市旭区,東希望が丘,2019-05-02,15,,施錠せず,なし
窃盗,車上ねらい,旭,希望が丘,141127,神奈川県,横浜市旭区,東希望が丘,2019-05-02,20,,施錠せず,なし
窃盗,車上ねらい,旭,希望が丘,141127,神奈川県,横浜市旭区,東希望が丘,2019-05-21,16,,施錠せず,なし
窃盗,車上ねらい,旭,希望が丘,141127,神奈川県,横浜市旭区,南希望が丘,2019-06-04,18,,施錠せず,なし
窃盗,車上ねらい,旭,南希望が丘,141127,神奈川県,横浜市旭区,善部町,2019-11-05,21,その他の住宅（３階建て以下共同住宅等）,施錠せず,なし
窃盗,車上ねらい,旭,南希望が丘,141127,神奈川県,横浜市旭区,南希望が丘,2019-02-21,19,,施錠せず,あり
窃盗,車上ねらい,旭,南希望が丘,141127,神奈川県,横浜市旭区,南希望が丘,2019-10-18,21,,施錠せず,なし
窃盗,車上ねらい,旭,二俣川,141127,神奈川県,横浜市旭区,さちが丘,2019-03-15,20,,施錠せず,なし
窃盗,車上ねらい,旭,二俣川,141127,神奈川県,横浜市旭区,さちが丘,2019-04-29,21,,施錠せず,あり
窃盗,車上ねらい,旭,二俣川,141127,神奈川県,横浜市旭区,二俣川１丁目,2019-02-22,13,,施錠せず,なし
窃盗,車上ねらい,旭,二俣川,141127,神奈川県,横浜市旭区,本宿町,2019-02-26,21,,施錠せず,なし
窃盗,車上ねらい,旭,二俣川,141127,神奈川県,横浜市旭区,中尾１丁目,2019-02-14,18,,施錠せず,なし
窃盗,車上ねらい,旭,二俣川,141127,神奈川県,横浜市旭区,中沢１丁目,2019-12-18,19,,施錠せず,あり
窃盗,車上ねらい,旭,市沢,141127,神奈川県,横浜市旭区,市沢町,2019-01-02,12,,施錠せず,なし
窃盗,車上ねらい,旭,市沢,141127,神奈川県,横浜市旭区,市沢町,2019-01-02,16,,施錠せず,なし
窃盗,車上ねらい,旭,市沢,141127,神奈川県,横浜市旭区,市沢町,2019-01-02,17,,施錠せず,なし
窃盗,車上ねらい,旭,市沢,141127,神奈川県,横浜市旭区,市沢町,2019-03-19,20,,施錠せず,なし
窃盗,車上ねらい,旭,市沢,141127,神奈川県,横浜市旭区,市沢町,2019-04-22,16,,施錠せず,なし
窃盗,車上ねらい,旭,市沢,141127,神奈川県,横浜市旭区,市沢町,2019-08-23,17,一戸建住宅,施錠せず,なし
窃盗,車上ねらい,旭,市沢,141127,神奈川県,横浜市旭区,市沢町,2019-08-27,20,その他,施錠せず,なし
窃盗,車上ねらい,旭,市沢,141127,神奈川県,横浜市旭区,市沢町,2019-10-22,12,その他の住宅（３階建て以下共同住宅等）,施錠せず,なし
窃盗,車上ねらい,旭,市沢,141127,神奈川県,横浜市旭区,三反田町,2019-05-17,20,その他,施錠せず,あり
窃盗,車上ねらい,旭,白根,141127,神奈川県,横浜市旭区,白根１丁目,2019-01-22,17,,施錠せず,なし
窃盗,車上ねらい,旭,白根,141127,神奈川県,横浜市旭区,白根２丁目,2019-12-10,19,,施錠せず,なし
窃盗,車上ねらい,旭,上川井,141127,神奈川県,横浜市旭区,上川井町,2019-06-07,18,その他,施錠せず,なし
窃盗,車上ねらい,旭,左近山,141127,神奈川県,横浜市旭区,桐が作,2019-10-02,20,,施錠せず,なし
窃盗,車上ねらい,旭,左近山,141127,神奈川県,横浜市旭区,左近山,2019-10-30,12,,施錠せず,なし
窃盗,車上ねらい,旭,ひかりが丘,141127,神奈川県,横浜市旭区,上白根町,2019-04-04,18,,施錠せず,あり
窃盗,車上ねらい,旭,ひかりが丘,141127,神奈川県,横浜市旭区,上白根町,2019-04-18,20,,施錠せず,あり
窃盗,車上ねらい,旭,ひかりが丘,141127,神奈川県,横浜市旭区,上白根町,2019-09-16,12,,施錠せず,あり
窃盗,車上ねらい,旭,ひかりが丘,141127,神奈川県,横浜市旭区,上白根町,2019-09-17,16,４階建て以上共同住宅,施錠せず,なし
窃盗,車上ねらい,旭,ひかりが丘,141127,神奈川県,横浜市旭区,上白根町,2019-09-18,02,４階建て以上共同住宅,施錠せず,なし
窃盗,車上ねらい,旭,ひかりが丘,141127,神奈川県,横浜市旭区,中白根４丁目,2019-04-18,22,,施錠せず,なし
窃盗,車上ねらい,旭,今宿,141127,神奈川県,横浜市旭区,今宿東町,2019-04-18,16,,施錠せず,なし
窃盗,車上ねらい,旭,今宿,141127,神奈川県,横浜市旭区,今宿南町,2019-07-27,20,一戸建住宅,施錠せず,なし
窃盗,車上ねらい,旭,万騎が原,141127,神奈川県,横浜市旭区,万騎が原,2019-02-22,19,,施錠せず,あり
窃盗,車上ねらい,旭,万騎が原,141127,神奈川県,横浜市旭区,南本宿町,2019-02-27,20,一戸建住宅,施錠せず,なし
窃盗,車上ねらい,旭,万騎が原,141127,神奈川県,横浜市旭区,南本宿町,2019-10-21,19,,施錠せず,なし
窃盗,車上ねらい,旭,若葉台,141127,神奈川県,横浜市旭区,若葉台４丁目,2019-06-06,20,,施錠せず,あり
窃盗,車上ねらい,旭,笹野台,141127,神奈川県,横浜市旭区,今宿１丁目,2019-06-07,10,駐車（輪）場,施錠せず,なし
窃盗,車上ねらい,旭,二俣川ニュータウン,141127,神奈川県,横浜市旭区,中沢２丁目,2019-08-15,11,,施錠せず,なし
窃盗,車上ねらい,旭,二俣川ニュータウン,141127,神奈川県,横浜市旭区,中沢３丁目,2019-08-15,20,駐車（輪）場,施錠せず,なし
窃盗,車上ねらい,旭,二俣川ニュータウン,141127,神奈川県,横浜市旭区,今宿１丁目,2019-11-15,19,,施錠せず,なし
窃盗,車上ねらい,旭,二俣川ニュータウン,141127,神奈川県,横浜市旭区,今宿２丁目,2019-04-04,22,,施錠せず,なし
窃盗,車上ねらい,加賀町,本町,141046,神奈川県,横浜市中区,太田町１丁目,2019-11-26,15,,施錠せず,なし
窃盗,車上ねらい,山手,本牧三之谷,141046,神奈川県,横浜市中区,本牧原,2019-11-01,12,,施錠せず,あり
窃盗,車上ねらい,山手,根岸,141046,神奈川県,横浜市中区,本牧間門,2019-08-04,03,一戸建住宅,施錠せず,なし
窃盗,車上ねらい,山手,麦田町,141046,神奈川県,横浜市中区,麦田町３丁目,2019-08-14,20,,施錠せず,あり
窃盗,車上ねらい,山手,本牧ふ頭,141046,神奈川県,横浜市中区,本牧宮原,2019-07-26,12,４階建て以上共同住宅,施錠せず,なし
窃盗,車上ねらい,磯子,根岸駅前,141071,神奈川県,横浜市磯子区,下町,2019-10-19,19,,施錠せず,なし
窃盗,車上ねらい,磯子,根岸駅前,141071,神奈川県,横浜市磯子区,西町,2019-07-31,17,,施錠せず,なし
窃盗,車上ねらい,磯子,根岸駅前,141071,神奈川県,横浜市磯子区,馬場町,2019-11-14,18,その他,施錠せず,あり
窃盗,車上ねらい,磯子,丸山,141071,神奈川県,横浜市磯子区,中浜町,2019-07-29,11,,施錠せず,なし
窃盗,車上ねらい,磯子,丸山,141071,神奈川県,横浜市磯子区,久木町,2019-01-04,10,その他,施錠せず,なし
窃盗,車上ねらい,磯子,丸山,141071,神奈川県,横浜市磯子区,久木町,2019-08-12,07,,施錠せず,あり
窃盗,車上ねらい,磯子,丸山,141071,神奈川県,横浜市磯子区,丸山１丁目,2019-02-06,15,一戸建住宅,施錠せず,なし
窃盗,車上ねらい,磯子,丸山,141071,神奈川県,横浜市磯子区,丸山２丁目,2019-01-03,18,,施錠せず,なし
窃盗,車上ねらい,磯子,岡村,141071,神奈川県,横浜市磯子区,岡村１丁目,2019-01-03,18,一戸建住宅,施錠せず,なし
窃盗,車上ねらい,磯子,岡村,141071,神奈川県,横浜市磯子区,岡村１丁目,2019-02-28,19,,施錠せず,なし
窃盗,車上ねらい,磯子,岡村,141071,神奈川県,横浜市磯子区,岡村３丁目,2019-11-19,22,一戸建住宅,施錠せず,あり
窃盗,車上ねらい,磯子,岡村,141071,神奈川県,横浜市磯子区,岡村８丁目,2019-01-09,19,,施錠せず,なし
窃盗,車上ねらい,磯子,森,141071,神奈川県,横浜市磯子区,中原３丁目,2019-07-31,17,,施錠せず,なし
窃盗,車上ねらい,磯子,森,141071,神奈川県,横浜市磯子区,森４丁目,2018-12-30,19,,施錠せず,なし
窃盗,車上ねらい,磯子,杉田,141071,神奈川県,横浜市磯子区,杉田３丁目,2019-09-27,14,駐車（輪）場,施錠せず,あり
窃盗,車上ねらい,磯子,杉田,141071,神奈川県,横浜市磯子区,杉田５丁目,2019-07-29,01,,施錠せず,あり
窃盗,車上ねらい,磯子,洋光台,141071,神奈川県,横浜市磯子区,洋光台１丁目,2019-03-21,18,,施錠せず,なし
窃盗,車上ねらい,磯子,洋光台,141071,神奈川県,横浜市磯子区,洋光台２丁目,2019-11-14,20,一戸建住宅,施錠せず,なし
窃盗,車上ねらい,磯子,洋光台,141071,神奈川県,横浜市磯子区,洋光台５丁目,2019-06-14,18,,施錠せず,なし
窃盗,車上ねらい,磯子,洋光台,141071,神奈川県,横浜市磯子区,洋光台６丁目,2019-03-01,18,,施錠せず,なし
窃盗,車上ねらい,磯子,洋光台,141071,神奈川県,横浜市磯子区,洋光台６丁目,2019-11-27,20,,施錠せず,なし
窃盗,車上ねらい,磯子,洋光台,141071,神奈川県,横浜市磯子区,洋光台６丁目,2019-11-29,23,,施錠せず,なし
窃盗,車上ねらい,磯子,上中里,141071,神奈川県,横浜市磯子区,上中里町,2019-05-04,13,,施錠せず,なし
窃盗,車上ねらい,磯子,上中里,141071,神奈川県,横浜市磯子区,氷取沢町,2019-08-21,19,その他,施錠せず,なし
窃盗,車上ねらい,磯子,上中里,141071,神奈川県,横浜市磯子区,栗木１丁目,2019-06-28,20,,施錠せず,なし
窃盗,車上ねらい,磯子,上中里,141071,神奈川県,横浜市磯子区,田中２丁目,2019-08-01,20,,施錠せず,あり
窃盗,車上ねらい,磯子,磯子駅前,141071,神奈川県,横浜市磯子区,森１丁目,2019-10-29,19,４階建て以上共同住宅,施錠せず,なし
窃盗,車上ねらい,金沢,洲崎,141089,神奈川県,横浜市金沢区,町屋町,2019-08-15,15,一戸建住宅,施錠せず,あり
窃盗,車上ねらい,金沢,大道,141089,神奈川県,横浜市金沢区,高舟台１丁目,2019-07-21,21,,施錠せず,なし
窃盗,車上ねらい,金沢,大道,141089,神奈川県,横浜市金沢区,東朝比奈１丁目,2019-07-20,22,,施錠せず,なし
窃盗,車上ねらい,伊勢佐木,伊勢佐木町,141046,神奈川県,横浜市中区,末吉町１丁目,2019-01-12,13,,施錠せず,なし
窃盗,車上ねらい,伊勢佐木,吉田橋,141046,神奈川県,横浜市中区,羽衣町２丁目,2019-12-17,20,,施錠せず,なし
窃盗,車上ねらい,伊勢佐木,吉田橋,141046,神奈川県,横浜市中区,福富町西通,2019-08-08,17,,施錠せず,あり
窃盗,車上ねらい,伊勢佐木,吉田橋,141046,神奈川県,横浜市中区,蓬莱町２丁目,2019-01-17,16,,施錠せず,なし
窃盗,車上ねらい,戸部,横浜駅相鉄口,141038,神奈川県,横浜市西区,北幸１丁目,2019-07-30,22,駐車（輪）場,施錠せず,なし
窃盗,車上ねらい,戸部,横浜駅相鉄口,141038,神奈川県,横浜市西区,北幸２丁目,2019-02-27,14,,施錠せず,なし
窃盗,車上ねらい,戸部,高島,141038,神奈川県,横浜市西区,戸部本町,2019-01-07,20,,施錠せず,なし
窃盗,車上ねらい,戸部,高島,141038,神奈川県,横浜市西区,戸部本町,2019-01-25,21,,施錠せず,なし
窃盗,車上ねらい,戸部,高島,141038,神奈川県,横浜市西区,平沼１丁目,2019-11-04,23,,施錠せず,なし
窃盗,車上ねらい,戸部,浅間町,141038,神奈川県,横浜市西区,浅間台,2019-12-17,19,,施錠せず,なし
窃盗,車上ねらい,戸部,岡野,141038,神奈川県,横浜市西区,岡野２丁目,2019-06-01,11,４階建て以上共同住宅,施錠せず,なし
窃盗,車上ねらい,戸部,岡野,141038,神奈川県,横浜市西区,岡野２丁目,2019-06-15,17,４階建て以上共同住宅,施錠せず,なし
窃盗,車上ねらい,戸部,南浅間町,141038,神奈川県,横浜市西区,浅間町３丁目,2019-06-15,17,,施錠せず,なし
窃盗,車上ねらい,戸部,南浅間町,141038,神奈川県,横浜市西区,南浅間町,2019-04-25,17,,施錠せず,なし
窃盗,車上ねらい,戸部,野毛山公園,141038,神奈川県,横浜市西区,境之谷,2019-03-02,21,,施錠せず,なし
窃盗,車上ねらい,戸部,野毛山公園,141038,神奈川県,横浜市西区,西戸部町１丁目,2019-08-07,23,,施錠せず,なし
窃盗,車上ねらい,戸部,みなとみらい,141038,神奈川県,横浜市西区,みなとみらい３丁目,2019-08-29,07,,施錠せず,あり
窃盗,車上ねらい,戸部,みなとみらい,141038,神奈川県,横浜市西区,みなとみらい６丁目,2019-05-24,07,,施錠せず,あり
窃盗,車上ねらい,神奈川,神奈川通,141020,神奈川県,横浜市神奈川区,千若町３丁目,2019-01-06,19,,施錠せず,なし
窃盗,車上ねらい,神奈川,入江,141020,神奈川県,横浜市神奈川区,入江２丁目,2019-07-08,11,駐車（輪）場,施錠せず,あり
窃盗,車上ねらい,神奈川,神之木,141020,神奈川県,横浜市神奈川区,神之木町,2019-08-16,22,,施錠せず,なし
窃盗,車上ねらい,神奈川,神之木,141020,神奈川県,横浜市神奈川区,西寺尾２丁目,2019-04-24,16,その他の住宅（３階建て以下共同住宅等）,施錠せず,なし
窃盗,車上ねらい,神奈川,神之木,141020,神奈川県,横浜市神奈川区,西寺尾４丁目,2019-04-24,19,,施錠せず,なし
窃盗,車上ねらい,神奈川,大口駅前,141020,神奈川県,横浜市神奈川区,松見町２丁目,2019-09-11,19,一戸建住宅,施錠せず,なし
窃盗,車上ねらい,神奈川,大口駅前,141020,神奈川県,横浜市神奈川区,松見町３丁目,2019-09-15,20,,施錠せず,なし
窃盗,車上ねらい,神奈川,西神奈川,141020,神奈川県,横浜市神奈川区,富家町,2019-07-17,18,,施錠せず,なし
窃盗,車上ねらい,神奈川,西神奈川,141020,神奈川県,横浜市神奈川区,西神奈川１丁目,2019-09-29,21,,施錠せず,あり
窃盗,車上ねらい,神奈川,西神奈川,141020,神奈川県,横浜市神奈川区,西神奈川２丁目,2019-08-03,20,駐車（輪）場,施錠せず,あり
窃盗,車上ねらい,神奈川,六角橋,141020,神奈川県,横浜市神奈川区,六角橋１丁目,2019-04-16,19,,施錠せず,なし
窃盗,車上ねらい,神奈川,六角橋,141020,神奈川県,横浜市神奈川区,六角橋１丁目,2019-04-24,19,,施錠せず,なし
窃盗,車上ねらい,神奈川,六角橋,141020,神奈川県,横浜市神奈川区,六角橋６丁目,2019-07-16,16,その他,施錠せず,なし
窃盗,車上ねらい,神奈川,神大寺,141020,神奈川県,横浜市神奈川区,片倉２丁目,2019-05-11,19,,施錠せず,なし
窃盗,車上ねらい,神奈川,神大寺,141020,神奈川県,横浜市神奈川区,神大寺２丁目,2019-02-01,12,,施錠せず,なし
窃盗,車上ねらい,神奈川,神大寺,141020,神奈川県,横浜市神奈川区,神大寺２丁目,2019-02-01,18,,施錠せず,なし
窃盗,車上ねらい,神奈川,神大寺,141020,神奈川県,横浜市神奈川区,神大寺２丁目,2019-05-11,17,,施錠せず,なし
窃盗,車上ねらい,神奈川,神大寺,141020,神奈川県,横浜市神奈川区,神大寺２丁目,2019-07-29,17,,施錠せず,なし
窃盗,車上ねらい,神奈川,神大寺,141020,神奈川県,横浜市神奈川区,神大寺３丁目,2019-02-01,22,,施錠せず,なし
窃盗,車上ねらい,神奈川,三ツ沢,141020,神奈川県,横浜市神奈川区,三ツ沢上町,2019-05-28,13,駐車（輪）場,施錠せず,あり
窃盗,車上ねらい,神奈川,三ツ沢,141020,神奈川県,横浜市神奈川区,三ツ沢上町,2019-12-19,20,,施錠せず,なし
窃盗,車上ねらい,神奈川,三ツ沢,141020,神奈川県,横浜市神奈川区,三ツ沢中町,2019-03-11,16,,施錠せず,なし
窃盗,車上ねらい,神奈川,三ツ沢,141020,神奈川県,横浜市神奈川区,三ツ沢中町,2019-06-12,16,,施錠せず,なし
窃盗,車上ねらい,神奈川,沢渡,141020,神奈川県,横浜市神奈川区,沢渡,2019-09-07,19,,施錠せず,なし
窃盗,車上ねらい,神奈川,沢渡,141020,神奈川県,横浜市神奈川区,台町,2019-09-29,20,,施錠せず,あり
窃盗,車上ねらい,神奈川,反町,141020,神奈川県,横浜市神奈川区,旭ケ丘,2019-03-15,18,,施錠せず,なし
窃盗,車上ねらい,神奈川,反町,141020,神奈川県,横浜市神奈川区,旭ケ丘,2019-07-26,13,駐車（輪）場,施錠せず,なし
窃盗,車上ねらい,神奈川,反町,141020,神奈川県,横浜市神奈川区,栗田谷,2019-03-06,20,,施錠せず,なし
窃盗,車上ねらい,神奈川,反町,141020,神奈川県,横浜市神奈川区,栗田谷,2019-03-18,19,,施錠せず,なし
窃盗,車上ねらい,神奈川,反町,141020,神奈川県,横浜市神奈川区,松本町１丁目,2019-05-27,21,,施錠せず,なし
窃盗,車上ねらい,神奈川,ポートサイド,141020,神奈川県,横浜市神奈川区,星野町,2019-10-21,18,,施錠せず,なし
窃盗,車上ねらい,神奈川,菅田,141020,神奈川県,横浜市神奈川区,菅田町,2019-03-17,18,,施錠せず,なし
窃盗,車上ねらい,神奈川,菅田,141020,神奈川県,横浜市神奈川区,菅田町,2019-03-30,18,,施錠せず,なし
窃盗,車上ねらい,神奈川,菅田,141020,神奈川県,横浜市神奈川区,菅田町,2019-04-09,16,,施錠せず,なし
窃盗,車上ねらい,神奈川,菅田,141020,神奈川県,横浜市神奈川区,菅田町,2019-08-16,11,,施錠せず,なし
窃盗,車上ねらい,神奈川,菅田,141020,神奈川県,横浜市神奈川区,菅田町,2019-11-04,00,駐車（輪）場,施錠せず,なし
窃盗,車上ねらい,神奈川,菅田,141020,神奈川県,横浜市神奈川区,菅田町,2019-11-15,14,,施錠せず,なし
窃盗,車上ねらい,神奈川,菅田,141020,神奈川県,横浜市神奈川区,菅田町,2019-11-30,16,,施錠せず,なし
窃盗,車上ねらい,神奈川,羽沢,141020,神奈川県,横浜市神奈川区,三枚町,2019-04-16,19,駐車（輪）場,施錠せず,なし
窃盗,車上ねらい,神奈川,羽沢,141020,神奈川県,横浜市神奈川区,三枚町,2019-06-30,01,駐車（輪）場,施錠せず,あり
窃盗,車上ねらい,神奈川,羽沢,141020,神奈川県,横浜市神奈川区,羽沢町,2019-03-16,12,その他の住宅（３階建て以下共同住宅等）,施錠せず,なし
窃盗,車上ねらい,神奈川,羽沢,141020,神奈川県,横浜市神奈川区,羽沢町,2019-04-10,20,その他の住宅（３階建て以下共同住宅等）,施錠せず,なし
窃盗,車上ねらい,神奈川,羽沢,141020,神奈川県,横浜市神奈川区,羽沢町,2019-04-21,22,,施錠せず,なし
窃盗,車上ねらい,神奈川,羽沢,141020,神奈川県,横浜市神奈川区,羽沢町,2019-06-27,17,,施錠せず,なし
窃盗,車上ねらい,神奈川,羽沢,141020,神奈川県,横浜市神奈川区,羽沢町,2019-06-29,23,その他の住宅（３階建て以下共同住宅等）,施錠せず,なし
窃盗,車上ねらい,神奈川,羽沢,141020,神奈川県,横浜市神奈川区,羽沢町,2019-08-17,17,,施錠せず,なし
窃盗,車上ねらい,神奈川,羽沢,141020,神奈川県,横浜市神奈川区,羽沢町,2019-09-14,22,,施錠せず,なし
窃盗,車上ねらい,神奈川,羽沢,141020,神奈川県,横浜市神奈川区,羽沢町,2019-11-03,18,,施錠せず,なし
窃盗,車上ねらい,神奈川,羽沢,141020,神奈川県,横浜市神奈川区,羽沢南２丁目,2019-08-06,13,駐車（輪）場,施錠せず,あり
窃盗,車上ねらい,神奈川,羽沢,141020,神奈川県,横浜市神奈川区,羽沢南２丁目,2019-12-24,17,,施錠せず,なし
窃盗,車上ねらい,鶴見,鶴見駅前,141011,神奈川県,横浜市鶴見区,鶴見中央３丁目,2018-01-04,18,,施錠せず,なし
窃盗,車上ねらい,鶴見,鶴見駅前,141011,神奈川県,横浜市鶴見区,鶴見中央３丁目,2019-01-06,18,,施錠せず,なし
窃盗,車上ねらい,鶴見,本町通,141011,神奈川県,横浜市鶴見区,寛政町,2018-12-28,08,,施錠せず,なし
窃盗,車上ねらい,鶴見,本町通,141011,神奈川県,横浜市鶴見区,下野谷町４丁目,2019-03-27,07,,施錠せず,なし
窃盗,車上ねらい,鶴見,本町通,141011,神奈川県,横浜市鶴見区,本町通４丁目,2019-03-27,19,その他の住宅（３階建て以下共同住宅等）,施錠せず,あり
窃盗,車上ねらい,鶴見,市場,141011,神奈川県,横浜市鶴見区,平安町２丁目,2019-03-07,21,一戸建住宅,施錠せず,なし
窃盗,車上ねらい,鶴見,尻手,141011,神奈川県,横浜市鶴見区,元宮１丁目,2019-05-17,20,,施錠せず,なし
窃盗,車上ねらい,鶴見,尻手,141011,神奈川県,横浜市鶴見区,元宮２丁目,2019-03-22,09,,施錠せず,なし
窃盗,車上ねらい,鶴見,矢向,141011,神奈川県,横浜市鶴見区,矢向４丁目,2019-09-29,19,,施錠せず,あり
窃盗,車上ねらい,鶴見,上末吉,141011,神奈川県,横浜市鶴見区,梶山２丁目,2019-03-30,18,,施錠せず,なし
窃盗,車上ねらい,鶴見,別所,141011,神奈川県,横浜市鶴見区,北寺尾１丁目,2019-09-01,21,駐車（輪）場,施錠せず,あり
窃盗,車上ねらい,鶴見,別所,141011,神奈川県,横浜市鶴見区,北寺尾３丁目,2019-08-24,11,,施錠せず,なし
窃盗,車上ねらい,鶴見,東寺尾,141011,神奈川県,横浜市鶴見区,東寺尾北台,2019-06-10,05,４階建て以上共同住宅,施錠せず,なし
窃盗,車上ねらい,鶴見,東寺尾,141011,神奈川県,横浜市鶴見区,東寺尾中台,2019-07-06,18,,施錠せず,なし
窃盗,車上ねらい,鶴見,駒岡,141011,神奈川県,横浜市鶴見区,駒岡１丁目,2019-06-18,19,,施錠せず,なし
窃盗,車上ねらい,鶴見,駒岡,141011,神奈川県,横浜市鶴見区,駒岡２丁目,2019-02-18,20,その他の住宅（３階建て以下共同住宅等）,施錠せず,なし
窃盗,車上ねらい,鶴見,駒岡,141011,神奈川県,横浜市鶴見区,駒岡２丁目,2019-02-18,21,その他,施錠せず,なし
窃盗,車上ねらい,鶴見,駒岡,141011,神奈川県,横浜市鶴見区,駒岡３丁目,2019-04-21,12,,施錠せず,なし
窃盗,車上ねらい,鶴見,駒岡,141011,神奈川県,横浜市鶴見区,駒岡４丁目,2019-01-09,18,,施錠せず,なし
窃盗,車上ねらい,鶴見,向谷,141011,神奈川県,横浜市鶴見区,東寺尾２丁目,2019-08-24,19,,施錠せず,なし
窃盗,車上ねらい,鶴見,北寺尾,141011,神奈川県,横浜市鶴見区,上の宮２丁目,2019-12-04,18,,施錠せず,なし
窃盗,車上ねらい,保土ケ谷,岩間町,141062,神奈川県,横浜市保土ケ谷区,霞台,2019-11-28,18,一戸建住宅,施錠せず,なし
窃盗,車上ねらい,保土ケ谷,宮田町,141062,神奈川県,横浜市保土ケ谷区,川辺町,2019-04-28,21,,施錠せず,あり
窃盗,車上ねらい,保土ケ谷,宮田町,141062,神奈川県,横浜市保土ケ谷区,天王町２丁目,2019-07-12,03,駐車（輪）場,施錠せず,あり
窃盗,車上ねらい,保土ケ谷,宮田町,141062,神奈川県,横浜市保土ケ谷区,峰岡町１丁目,2019-01-22,20,一戸建住宅,施錠せず,なし
窃盗,車上ねらい,保土ケ谷,宮田町,141062,神奈川県,横浜市保土ケ谷区,峰岡町２丁目,2019-01-12,17,,施錠せず,なし
窃盗,車上ねらい,保土ケ谷,宮田町,141062,神奈川県,横浜市保土ケ谷区,宮田町１丁目,2019-06-15,15,,施錠せず,なし
窃盗,車上ねらい,保土ケ谷,和田町,141062,神奈川県,横浜市保土ケ谷区,釜台町,2019-06-25,16,,施錠せず,あり
窃盗,車上ねらい,保土ケ谷,和田町,141062,神奈川県,横浜市保土ケ谷区,釜台町,2019-07-22,15,,施錠せず,あり
窃盗,車上ねらい,保土ケ谷,和田町,141062,神奈川県,横浜市保土ケ谷区,峰岡町３丁目,2019-01-08,14,,施錠せず,なし
窃盗,車上ねらい,保土ケ谷,和田町,141062,神奈川県,横浜市保土ケ谷区,峰岡町３丁目,2019-05-18,03,,施錠せず,なし
窃盗,車上ねらい,保土ケ谷,星川,141062,神奈川県,横浜市保土ケ谷区,星川１丁目,2019-02-03,20,,施錠せず,なし
窃盗,車上ねらい,保土ケ谷,星川,141062,神奈川県,横浜市保土ケ谷区,星川１丁目,2019-03-01,20,,施錠せず,なし
窃盗,車上ねらい,保土ケ谷,星川,141062,神奈川県,横浜市保土ケ谷区,星川３丁目,2019-02-02,19,,施錠せず,なし
窃盗,車上ねらい,保土ケ谷,星川,141062,神奈川県,横浜市保土ケ谷区,星川３丁目,2019-03-02,15,,施錠せず,なし
窃盗,車上ねらい,保土ケ谷,両郡橋,141062,神奈川県,横浜市保土ケ谷区,川島町,2019-03-19,20,,施錠せず,なし
窃盗,車上ねらい,保土ケ谷,両郡橋,141062,神奈川県,横浜市保土ケ谷区,坂本町,2019-10-07,11,,施錠せず,なし
窃盗,車上ねらい,保土ケ谷,両郡橋,141062,神奈川県,横浜市保土ケ谷区,仏向町,2019-03-19,19,一戸建住宅,施錠せず,なし
窃盗,車上ねらい,保土ケ谷,両郡橋,141062,神奈川県,横浜市保土ケ谷区,仏向町,2019-03-20,19,その他,施錠せず,なし
窃盗,車上ねらい,保土ケ谷,両郡橋,141062,神奈川県,横浜市保土ケ谷区,仏向町,2019-11-02,14,,施錠せず,なし
窃盗,車上ねらい,保土ケ谷,両郡橋,141062,神奈川県,横浜市保土ケ谷区,仏向西,2019-08-27,21,駐車（輪）場,施錠せず,なし
窃盗,車上ねらい,保土ケ谷,西谷,141062,神奈川県,横浜市保土ケ谷区,上菅田町,2019-10-27,00,,施錠せず,なし
窃盗,車上ねらい,保土ケ谷,西谷,141062,神奈川県,横浜市保土ケ谷区,西谷町,2019-08-25,21,,施錠せず,あり
窃盗,車上ねらい,保土ケ谷,西谷,141062,神奈川県,横浜市保土ケ谷区,東川島町,2019-11-28,20,,施錠せず,なし
窃盗,車上ねらい,保土ケ谷,岡沢町,141062,神奈川県,横浜市保土ケ谷区,鎌谷町,2019-01-05,18,,施錠せず,なし
窃盗,車上ねらい,保土ケ谷,岡沢町,141062,神奈川県,横浜市保土ケ谷区,鎌谷町,2019-03-20,15,一戸建住宅,施錠せず,なし
窃盗,車上ねらい,保土ケ谷,岡沢町,141062,神奈川県,横浜市保土ケ谷区,常盤台,2019-10-13,18,,施錠せず,なし
窃盗,車上ねらい,保土ケ谷,岡沢町,141062,神奈川県,横浜市保土ケ谷区,峰沢町,2019-04-26,18,,施錠せず,なし
窃盗,車上ねらい,保土ケ谷,岡沢町,141062,神奈川県,横浜市保土ケ谷区,峰沢町,2019-06-02,03,その他,施錠せず,なし
窃盗,車上ねらい,保土ケ谷,岡沢町,141062,神奈川県,横浜市保土ケ谷区,峰沢町,2019-08-28,00,４階建て以上共同住宅,施錠せず,なし
窃盗,車上ねらい,保土ケ谷,岡沢町,141062,神奈川県,横浜市保土ケ谷区,峰沢町,2019-11-30,18,,施錠せず,なし
窃盗,車上ねらい,保土ケ谷,元町橋,141062,神奈川県,横浜市保土ケ谷区,権太坂２丁目,2019-02-13,12,４階建て以上共同住宅,施錠せず,なし
窃盗,車上ねらい,保土ケ谷,元町橋,141062,神奈川県,横浜市保土ケ谷区,境木本町,2019-01-22,19,,施錠せず,なし
窃盗,車上ねらい,保土ケ谷,元町橋,141062,神奈川県,横浜市保土ケ谷区,法泉１丁目,2019-03-04,20,,施錠せず,なし
窃盗,車上ねらい,保土ケ谷,花見台,141062,神奈川県,横浜市保土ケ谷区,藤塚町,2019-04-26,20,４階建て以上共同住宅,施錠せず,なし
窃盗,車上ねらい,保土ケ谷,花見台,141062,神奈川県,横浜市保土ケ谷区,藤塚町,2019-08-31,22,一戸建住宅,施錠せず,なし
窃盗,車上ねらい,保土ケ谷,花見台,141062,神奈川県,横浜市保土ケ谷区,藤塚町,2019-09-12,06,,施錠せず,なし
窃盗,車上ねらい,保土ケ谷,花見台,141062,神奈川県,横浜市保土ケ谷区,藤塚町,2019-11-10,20,一戸建住宅,施錠せず,なし
窃盗,車上ねらい,保土ケ谷,花見台,141062,神奈川県,横浜市保土ケ谷区,仏向町,2019-03-20,21,一戸建住宅,施錠せず,なし
窃盗,車上ねらい,保土ケ谷,花見台,141062,神奈川県,横浜市保土ケ谷区,仏向町,2019-08-29,19,,施錠せず,なし
窃盗,車上ねらい,保土ケ谷,花見台,141062,神奈川県,横浜市保土ケ谷区,仏向町,2019-10-24,17,,施錠せず,なし
窃盗,車上ねらい,保土ケ谷,花見台,141062,神奈川県,横浜市保土ケ谷区,仏向町,2019-10-24,23,駐車（輪）場,施錠せず,なし
窃盗,車上ねらい,保土ケ谷,上菅田町,141062,神奈川県,横浜市保土ケ谷区,新井町,2019-04-01,18,,施錠せず,なし
窃盗,車上ねらい,保土ケ谷,上菅田町,141062,神奈川県,横浜市保土ケ谷区,新井町,2019-04-02,19,,施錠せず,なし
窃盗,車上ねらい,保土ケ谷,上菅田町,141062,神奈川県,横浜市保土ケ谷区,上菅田町,2019-01-11,18,,施錠せず,なし
窃盗,車上ねらい,保土ケ谷,上菅田町,141062,神奈川県,横浜市保土ケ谷区,上菅田町,2019-01-11,20,,施錠せず,なし
窃盗,車上ねらい,保土ケ谷,上菅田町,141062,神奈川県,横浜市保土ケ谷区,上菅田町,2019-01-22,17,,施錠せず,なし
窃盗,車上ねらい,保土ケ谷,上菅田町,141062,神奈川県,横浜市保土ケ谷区,上菅田町,2019-02-27,18,,施錠せず,なし
窃盗,車上ねらい,保土ケ谷,今井町,141062,神奈川県,横浜市保土ケ谷区,今井町,2019-01-06,09,,施錠せず,なし
窃盗,車上ねらい,保土ケ谷,今井町,141062,神奈川県,横浜市保土ケ谷区,今井町,2019-01-11,19,一戸建住宅,施錠せず,なし
窃盗,車上ねらい,保土ケ谷,今井町,141062,神奈川県,横浜市保土ケ谷区,今井町,2019-01-11,20,,施錠せず,なし
窃盗,車上ねらい,保土ケ谷,今井町,141062,神奈川県,横浜市保土ケ谷区,今井町,2019-01-14,17,,施錠せず,なし
窃盗,車上ねらい,保土ケ谷,今井町,141062,神奈川県,横浜市保土ケ谷区,今井町,2019-03-02,10,,施錠せず,なし
窃盗,車上ねらい,保土ケ谷,今井町,141062,神奈川県,横浜市保土ケ谷区,今井町,2019-05-01,14,,施錠せず,なし
窃盗,車上ねらい,保土ケ谷,今井町,141062,神奈川県,横浜市保土ケ谷区,今井町,2019-05-23,20,,施錠せず,なし
窃盗,車上ねらい,保土ケ谷,今井町,141062,神奈川県,横浜市保土ケ谷区,今井町,2019-06-05,06,一戸建住宅,施錠せず,なし
窃盗,車上ねらい,保土ケ谷,川島町,141062,神奈川県,横浜市保土ケ谷区,川島町,2019-01-29,02,,施錠せず,なし
窃盗,車上ねらい,保土ケ谷,川島町,141062,神奈川県,横浜市保土ケ谷区,川島町,2019-02-22,16,,施錠せず,なし
窃盗,車上ねらい,保土ケ谷,川島町,141062,神奈川県,横浜市保土ケ谷区,川島町,2019-02-22,20,駐車（輪）場,施錠せず,なし
窃盗,車上ねらい,保土ケ谷,新桜ヶ丘,141062,神奈川県,横浜市保土ケ谷区,新桜ケ丘１丁目,2019-01-14,19,,施錠せず,なし
窃盗,車上ねらい,保土ケ谷,新桜ヶ丘,141062,神奈川県,横浜市保土ケ谷区,新桜ケ丘２丁目,2019-03-20,18,その他の住宅（３階建て以下共同住宅等）,施錠せず,なし
窃盗,車上ねらい,保土ケ谷,新桜ヶ丘,141062,神奈川県,横浜市保土ケ谷区,新桜ケ丘２丁目,2019-12-21,21,,施錠せず,なし
窃盗,車上ねらい,港南,上大岡駅前,141119,神奈川県,横浜市港南区,大久保２丁目,2019-03-09,17,その他の住宅（３階建て以下共同住宅等）,施錠せず,なし
窃盗,車上ねらい,港南,上大岡駅前,141119,神奈川県,横浜市港南区,上大岡東１丁目,2019-03-29,18,,施錠せず,なし
窃盗,車上ねらい,港南,関の下,141119,神奈川県,横浜市港南区,上大岡西２丁目,2019-10-26,19,一戸建住宅,施錠せず,あり
窃盗,車上ねらい,港南,関の下,141119,神奈川県,横浜市港南区,港南３丁目,2019-11-17,17,その他の住宅（３階建て以下共同住宅等）,施錠せず,なし
窃盗,車上ねらい,港南,関の下,141119,神奈川県,横浜市港南区,港南４丁目,2019-09-05,18,,施錠せず,なし
窃盗,車上ねらい,港南,笹下,141119,神奈川県,横浜市港南区,笹下２丁目,2019-07-03,22,,施錠せず,なし
窃盗,車上ねらい,港南,笹下,141119,神奈川県,横浜市港南区,笹下３丁目,2019-02-23,19,一戸建住宅,施錠せず,なし
窃盗,車上ねらい,港南,笹下,141119,神奈川県,横浜市港南区,笹下５丁目,2019-12-05,02,,施錠せず,なし
窃盗,車上ねらい,港南,笹下,141119,神奈川県,横浜市港南区,笹下６丁目,2019-05-28,21,駐車（輪）場,施錠せず,あり
窃盗,車上ねらい,港南,日野,141119,神奈川県,横浜市港南区,日野４丁目,2019-12-04,20,一戸建住宅,施錠せず,なし
窃盗,車上ねらい,港南,日野,141119,神奈川県,横浜市港南区,日野５丁目,2019-06-14,18,,施錠せず,なし
窃盗,車上ねらい,港南,日野,141119,神奈川県,横浜市港南区,日野８丁目,2019-07-27,03,その他,施錠せず,なし
窃盗,車上ねらい,港南,日野,141119,神奈川県,横浜市港南区,日野中央１丁目,2019-09-13,22,駐車（輪）場,施錠せず,あり
窃盗,車上ねらい,港南,日野,141119,神奈川県,横浜市港南区,日野中央２丁目,2019-04-03,17,,施錠せず,なし
窃盗,車上ねらい,港南,芹が谷,141119,神奈川県,横浜市港南区,下永谷２丁目,2018-12-28,14,その他,施錠せず,なし
窃盗,車上ねらい,港南,芹が谷,141119,神奈川県,横浜市港南区,下永谷２丁目,2019-07-31,21,その他の住宅（３階建て以下共同住宅等）,施錠せず,なし
窃盗,車上ねらい,港南,芹が谷,141119,神奈川県,横浜市港南区,下永谷２丁目,2019-11-11,20,,施錠せず,なし
窃盗,車上ねらい,港南,南高校前,141119,神奈川県,横浜市港南区,東永谷３丁目,2019-07-24,21,,施錠せず,なし
窃盗,車上ねらい,港南,南高校前,141119,神奈川県,横浜市港南区,東永谷３丁目,2019-12-20,20,,施錠せず,なし
窃盗,車上ねらい,港南,野庭,141119,神奈川県,横浜市港南区,野庭町,2019-02-10,17,,施錠せず,なし
窃盗,車上ねらい,港南,野庭,141119,神奈川県,横浜市港南区,野庭町,2019-08-02,16,,施錠せず,なし
窃盗,車上ねらい,港南,野庭,141119,神奈川県,横浜市港南区,野庭町,2019-08-19,20,,施錠せず,なし
窃盗,車上ねらい,港南,野庭,141119,神奈川県,横浜市港南区,野庭町,2019-09-12,19,,施錠せず,なし
窃盗,車上ねらい,港南,野庭,141119,神奈川県,横浜市港南区,日野５丁目,2019-05-28,18,,施錠せず,あり
窃盗,車上ねらい,港南,港南台駅前,141119,神奈川県,横浜市港南区,港南台３丁目,2018-12-27,15,,施錠せず,なし
窃盗,車上ねらい,港南,港南台駅前,141119,神奈川県,横浜市港南区,港南台３丁目,2019-04-30,15,その他,施錠せず,なし
窃盗,車上ねらい,港南,港南台駅前,141119,神奈川県,横浜市港南区,港南台３丁目,2019-11-21,16,,施錠せず,なし
窃盗,車上ねらい,港南,港南台駅前,141119,神奈川県,横浜市港南区,港南台４丁目,2019-11-24,23,その他,施錠せず,なし
窃盗,車上ねらい,港南,港南台駅前,141119,神奈川県,横浜市港南区,日野南３丁目,2019-07-08,18,,施錠せず,なし
窃盗,車上ねらい,港南,上永谷駅前,141119,神奈川県,横浜市港南区,丸山台２丁目,2019-06-12,10,,施錠せず,なし
窃盗,車上ねらい,緑,長津田駅前,141135,神奈川県,横浜市緑区,長津田町,2019-06-14,18,,施錠せず,なし
窃盗,車上ねらい,緑,長津田駅前,141135,神奈川県,横浜市緑区,長津田１丁目,2019-01-10,18,その他の住宅（３階建て以下共同住宅等）,施錠せず,なし
窃盗,車上ねらい,緑,長津田駅前,141135,神奈川県,横浜市緑区,長津田３丁目,2019-08-04,16,,施錠せず,あり
窃盗,車上ねらい,緑,長津田駅前,141135,神奈川県,横浜市緑区,長津田みなみ台１丁目,2019-06-09,23,,施錠せず,なし
窃盗,車上ねらい,緑,十日市場駅前,141135,神奈川県,横浜市緑区,十日市場町,2019-08-31,16,,施錠せず,なし
窃盗,車上ねらい,緑,鴨居駅前,141135,神奈川県,横浜市緑区,竹山２丁目,2019-01-12,00,,施錠せず,なし
窃盗,車上ねらい,緑,鴨居駅前,141135,神奈川県,横浜市緑区,東本郷１丁目,2019-01-14,23,,施錠せず,なし
窃盗,車上ねらい,緑,鴨居駅前,141135,神奈川県,横浜市緑区,東本郷６丁目,2019-07-20,17,,施錠せず,あり
窃盗,車上ねらい,緑,鴨居駅前,141135,神奈川県,横浜市緑区,白山２丁目,2019-04-18,22,,施錠せず,なし
窃盗,車上ねらい,緑,霧が丘,141135,神奈川県,横浜市緑区,霧が丘１丁目,2019-08-29,20,,施錠せず,なし
窃盗,車上ねらい,緑,霧が丘,141135,神奈川県,横浜市緑区,霧が丘３丁目,2019-03-21,22,,施錠せず,なし
窃盗,車上ねらい,緑,霧が丘,141135,神奈川県,横浜市緑区,霧が丘５丁目,2019-11-19,13,一戸建住宅,施錠せず,あり
窃盗,車上ねらい,緑,霧が丘,141135,神奈川県,横浜市緑区,霧が丘６丁目,2019-01-18,22,,施錠せず,なし
窃盗,車上ねらい,緑,霧が丘,141135,神奈川県,横浜市緑区,霧が丘６丁目,2019-07-20,01,,施錠せず,なし
窃盗,車上ねらい,緑,霧が丘,141135,神奈川県,横浜市緑区,長津田町,2019-01-08,17,その他,施錠せず,なし
窃盗,車上ねらい,緑,中山駅前,141135,神奈川県,横浜市緑区,,2019-06-02,11,,施錠せず,なし
窃盗,車上ねらい,緑,中山駅前,141135,神奈川県,横浜市緑区,青砥町,2019-08-21,20,,施錠せず,なし
窃盗,車上ねらい,緑,中山駅前,141135,神奈川県,横浜市緑区,北八朔町,2019-08-22,15,駐車（輪）場,施錠せず,あり
窃盗,車上ねらい,緑,中山駅前,141135,神奈川県,横浜市緑区,台村町,2019-03-11,14,,施錠せず,なし
窃盗,車上ねらい,緑,中山駅前,141135,神奈川県,横浜市緑区,寺山町,2019-01-20,13,その他の住宅（３階建て以下共同住宅等）,施錠せず,なし
窃盗,車上ねらい,緑,中山駅前,141135,神奈川県,横浜市緑区,鴨居５丁目,2019-05-13,23,,施錠せず,なし
窃盗,車上ねらい,緑,中山駅前,141135,神奈川県,横浜市緑区,上山２丁目,2019-05-11,00,,施錠せず,なし
窃盗,車上ねらい,緑,北八朔町,141135,神奈川県,横浜市緑区,西八朔町,2019-05-14,19,,施錠せず,なし
窃盗,車上ねらい,港北,菊名駅前,141097,神奈川県,横浜市港北区,大豆戸町,2019-09-01,19,,施錠せず,なし
窃盗,車上ねらい,港北,大倉山,141097,神奈川県,横浜市港北区,大倉山６丁目,2019-08-06,19,,施錠せず,なし
窃盗,車上ねらい,港北,樽町,141097,神奈川県,横浜市港北区,樽町１丁目,2019-05-23,21,,施錠せず,なし
窃盗,車上ねらい,港北,樽町,141097,神奈川県,横浜市港北区,樽町３丁目,2019-03-23,21,,施錠せず,なし
窃盗,車上ねらい,港北,日吉本町,141097,神奈川県,横浜市港北区,綱島西５丁目,2019-07-13,18,,施錠せず,なし
窃盗,車上ねらい,港北,日吉本町,141097,神奈川県,横浜市港北区,箕輪町２丁目,2019-04-22,21,,施錠せず,なし
窃盗,車上ねらい,港北,吉田口,141097,神奈川県,横浜市港北区,新吉田町,2019-05-17,21,その他,施錠せず,なし
窃盗,車上ねらい,港北,吉田口,141097,神奈川県,横浜市港北区,新吉田東３丁目,2019-04-06,19,,施錠せず,なし
窃盗,車上ねらい,港北,小机,141097,神奈川県,横浜市港北区,小机町,2019-07-03,16,,施錠せず,なし
窃盗,車上ねらい,港北,新横浜駅前,141097,神奈川県,横浜市港北区,岸根町,2019-10-19,20,,施錠せず,なし
窃盗,車上ねらい,港北,新横浜駅前,141097,神奈川県,横浜市港北区,篠原町,2019-04-03,09,,施錠せず,なし
窃盗,車上ねらい,港北,高田,141097,神奈川県,横浜市港北区,高田西２丁目,2019-03-06,18,,施錠せず,なし
窃盗,車上ねらい,港北,高田,141097,神奈川県,横浜市港北区,高田西２丁目,2019-03-06,20,,施錠せず,なし
窃盗,車上ねらい,港北,新羽駅前,141097,神奈川県,横浜市港北区,新羽町,2019-02-18,18,,施錠せず,なし
窃盗,車上ねらい,港北,新羽駅前,141097,神奈川県,横浜市港北区,新羽町,2019-03-01,18,,施錠せず,なし
窃盗,車上ねらい,港北,新羽駅前,141097,神奈川県,横浜市港北区,新羽町,2019-04-03,10,,施錠せず,あり
窃盗,車上ねらい,瀬谷,瀬谷駅前,141143,神奈川県,横浜市瀬谷区,瀬谷町,2019-01-29,21,一戸建住宅,施錠せず,なし
窃盗,車上ねらい,瀬谷,瀬谷駅前,141143,神奈川県,横浜市瀬谷区,瀬谷５丁目,2019-03-08,19,,施錠せず,なし
窃盗,車上ねらい,瀬谷,瀬谷駅前,141143,神奈川県,横浜市瀬谷区,瀬谷６丁目,2019-03-10,00,駐車（輪）場,施錠せず,なし
窃盗,車上ねらい,瀬谷,瀬谷駅前,141143,神奈川県,横浜市瀬谷区,中央,2019-05-24,21,,施錠せず,なし
窃盗,車上ねらい,瀬谷,南台,141143,神奈川県,横浜市瀬谷区,下瀬谷２丁目,2019-01-29,21,,施錠せず,なし
窃盗,車上ねらい,瀬谷,南台,141143,神奈川県,横浜市瀬谷区,橋戸１丁目,2019-02-01,20,,施錠せず,なし
窃盗,車上ねらい,瀬谷,南台,141143,神奈川県,横浜市瀬谷区,宮沢１丁目,2019-07-23,19,,施錠せず,なし
窃盗,車上ねらい,瀬谷,南台,141143,神奈川県,横浜市瀬谷区,宮沢３丁目,2019-03-10,10,駐車（輪）場,施錠せず,あり
窃盗,車上ねらい,瀬谷,南台,141143,神奈川県,横浜市瀬谷区,宮沢４丁目,2019-02-17,19,,施錠せず,なし
窃盗,車上ねらい,瀬谷,阿久和町,141143,神奈川県,横浜市瀬谷区,阿久和東２丁目,2019-02-17,17,,施錠せず,なし
窃盗,車上ねらい,瀬谷,阿久和町,141143,神奈川県,横浜市瀬谷区,阿久和東２丁目,2019-02-21,21,,施錠せず,あり
窃盗,車上ねらい,瀬谷,阿久和町,141143,神奈川県,横浜市瀬谷区,阿久和東３丁目,2019-07-16,21,,施錠せず,なし
窃盗,車上ねらい,瀬谷,阿久和町,141143,神奈川県,横浜市瀬谷区,阿久和西１丁目,2019-07-06,16,,施錠せず,なし
窃盗,車上ねらい,瀬谷,目黒,141143,神奈川県,横浜市瀬谷区,上瀬谷町,2019-08-21,20,４階建て以上共同住宅,施錠せず,なし
窃盗,車上ねらい,瀬谷,細谷戸,141143,神奈川県,横浜市瀬谷区,東野,2019-03-16,21,駐車（輪）場,施錠せず,あり
窃盗,車上ねらい,瀬谷,竹村町,141143,神奈川県,横浜市瀬谷区,竹村町,2019-03-11,19,その他の住宅（３階建て以下共同住宅等）,施錠せず,あり
窃盗,車上ねらい,瀬谷,竹村町,141143,神奈川県,横浜市瀬谷区,竹村町,2019-03-11,22,その他の住宅（３階建て以下共同住宅等）,施錠せず,あり
窃盗,車上ねらい,瀬谷,竹村町,141143,神奈川県,横浜市瀬谷区,竹村町,2019-03-22,18,,施錠せず,なし
窃盗,車上ねらい,瀬谷,竹村町,141143,神奈川県,横浜市瀬谷区,本郷１丁目,2019-04-28,17,,施錠せず,なし
窃盗,車上ねらい,瀬谷,竹村町,141143,神奈川県,横浜市瀬谷区,本郷１丁目,2019-04-30,22,その他の住宅（３階建て以下共同住宅等）,施錠せず,なし
窃盗,車上ねらい,瀬谷,竹村町,141143,神奈川県,横浜市瀬谷区,本郷２丁目,2019-02-04,10,一戸建住宅,施錠せず,なし
窃盗,車上ねらい,瀬谷,北新,141143,神奈川県,横浜市瀬谷区,下瀬谷３丁目,2019-08-18,16,一戸建住宅,施錠せず,なし
窃盗,車上ねらい,栄,田谷,141151,神奈川県,横浜市栄区,田谷町,2019-01-19,19,,施錠せず,なし
窃盗,車上ねらい,栄,元大橋,141151,神奈川県,横浜市栄区,元大橋１丁目,2019-02-11,16,,施錠せず,なし
窃盗,車上ねらい,栄,豊田,141151,神奈川県,横浜市栄区,飯島町,2019-07-16,20,,施錠せず,あり
窃盗,車上ねらい,青葉,藤が丘駅前,141178,神奈川県,横浜市青葉区,梅が丘,2019-01-10,18,一戸建住宅,施錠せず,なし
窃盗,車上ねらい,青葉,藤が丘駅前,141178,神奈川県,横浜市青葉区,藤が丘２丁目,2019-08-31,17,４階建て以上共同住宅,施錠せず,なし
窃盗,車上ねらい,青葉,あざみ野駅前,141178,神奈川県,横浜市青葉区,新石川１丁目,2019-02-15,18,,施錠せず,なし
窃盗,車上ねらい,青葉,市が尾駅前,141178,神奈川県,横浜市青葉区,市ケ尾町,2019-03-12,20,その他の住宅（３階建て以下共同住宅等）,施錠せず,なし
窃盗,車上ねらい,青葉,田奈駅前,141178,神奈川県,横浜市青葉区,恩田町,2019-08-18,19,駐車（輪）場,施錠せず,なし
窃盗,車上ねらい,都筑,池辺町,141186,神奈川県,横浜市都筑区,池辺町,2019-07-18,08,,施錠せず,なし
窃盗,車上ねらい,都筑,池辺町,141186,神奈川県,横浜市都筑区,高山,2019-03-27,18,,施錠せず,なし
窃盗,車上ねらい,都筑,荏田東,141186,神奈川県,横浜市都筑区,荏田南４丁目,2019-03-12,20,一戸建住宅,施錠せず,なし
窃盗,車上ねらい,都筑,中川駅前,141186,神奈川県,横浜市都筑区,すみれが丘,2019-07-15,18,一戸建住宅,施錠せず,なし
窃盗,車上ねらい,都筑,中川駅前,141186,神奈川県,横浜市都筑区,中川１丁目,2019-03-12,21,,施錠せず,なし
窃盗,車上ねらい,都筑,折本町,141186,神奈川県,横浜市都筑区,折本町,2019-10-18,19,その他,施錠せず,なし
窃盗,車上ねらい,都筑,折本町,141186,神奈川県,横浜市都筑区,川向町,2019-06-17,16,,施錠せず,なし
窃盗,車上ねらい,都筑,川和,141186,神奈川県,横浜市都筑区,加賀原２丁目,2019-01-10,07,,施錠せず,なし
窃盗,車上ねらい,都筑,川和,141186,神奈川県,横浜市都筑区,川和町,2019-05-07,07,,施錠せず,なし
窃盗,車上ねらい,都筑,川和,141186,神奈川県,横浜市都筑区,佐江戸町,2019-05-13,21,その他の住宅（３階建て以下共同住宅等）,施錠せず,なし
窃盗,車上ねらい,都筑,川和,141186,神奈川県,横浜市都筑区,見花山,2019-03-27,22,,施錠せず,なし
窃盗,車上ねらい,都筑,仲町台駅前,141186,神奈川県,横浜市都筑区,勝田南１丁目,2019-03-28,18,４階建て以上共同住宅,施錠せず,なし
窃盗,車上ねらい,都筑,仲町台駅前,141186,神奈川県,横浜市都筑区,勝田南２丁目,2019-03-06,17,,施錠せず,なし
窃盗,車上ねらい,都筑,センター北駅前,141186,神奈川県,横浜市都筑区,牛久保東１丁目,2019-03-19,04,その他の住宅（３階建て以下共同住宅等）,施錠せず,なし
窃盗,車上ねらい,都筑,北山田駅前,141186,神奈川県,横浜市都筑区,勝田町,2019-03-26,04,,施錠せず,なし
窃盗,車上ねらい,都筑,北山田駅前,141186,神奈川県,横浜市都筑区,北山田１丁目,2019-12-14,13,,施錠せず,あり
窃盗,車上ねらい,都筑,北山田駅前,141186,神奈川県,横浜市都筑区,早渕１丁目,2019-03-05,00,その他の住宅（３階建て以下共同住宅等）,施錠せず,なし
窃盗,車上ねらい,都筑,北山田駅前,141186,神奈川県,横浜市都筑区,東山田町,2019-02-24,16,一戸建住宅,施錠せず,なし
窃盗,車上ねらい,都筑,北山田駅前,141186,神奈川県,横浜市都筑区,東山田町,2019-03-04,21,,施錠せず,なし
窃盗,車上ねらい,麻生,柿生,141372,神奈川県,川崎市麻生区,片平４丁目,2018-12-16,19,駐車（輪）場,施錠せず,なし
窃盗,車上ねらい,麻生,柿生,141372,神奈川県,川崎市麻生区,上麻生５丁目,2019-06-16,20,,施錠せず,なし
窃盗,車上ねらい,麻生,柿生,141372,神奈川県,川崎市麻生区,上麻生６丁目,2019-07-12,11,,施錠せず,あり
窃盗,車上ねらい,麻生,柿生,141372,神奈川県,川崎市麻生区,王禅寺西８丁目,2019-04-07,16,,施錠せず,なし
窃盗,車上ねらい,川崎,渡田,141313,神奈川県,川崎市川崎区,貝塚２丁目,2019-02-23,10,,施錠せず,なし
窃盗,車上ねらい,川崎,浅田,141313,神奈川県,川崎市川崎区,浅田１丁目,2019-02-21,17,,施錠せず,なし
窃盗,車上ねらい,川崎,浅田,141313,神奈川県,川崎市川崎区,浅田１丁目,2019-02-22,03,その他,施錠せず,なし
窃盗,車上ねらい,川崎,大島町,141313,神奈川県,川崎市川崎区,大島上町,2019-08-23,19,,施錠せず,あり
窃盗,車上ねらい,川崎,南町,141313,神奈川県,川崎市川崎区,元木１丁目,2019-02-21,18,,施錠せず,なし
窃盗,車上ねらい,川崎臨港,鋼管通,141313,神奈川県,川崎市川崎区,鋼管通１丁目,2019-03-05,18,,施錠せず,なし
窃盗,車上ねらい,川崎臨港,鋼管通,141313,神奈川県,川崎市川崎区,田島町,2019-04-24,20,,施錠せず,なし
窃盗,車上ねらい,川崎臨港,浜町,141313,神奈川県,川崎市川崎区,池上新町１丁目,2019-10-10,22,,施錠せず,なし
窃盗,車上ねらい,川崎臨港,浜町,141313,神奈川県,川崎市川崎区,桜本１丁目,2018-12-19,13,,施錠せず,なし
窃盗,車上ねらい,川崎臨港,出来野,141313,神奈川県,川崎市川崎区,観音２丁目,2019-03-24,21,,施錠せず,なし
窃盗,車上ねらい,川崎臨港,出来野,141313,神奈川県,川崎市川崎区,塩浜２丁目,2019-07-13,02,その他,施錠せず,なし
窃盗,車上ねらい,中原,上平間,141330,神奈川県,川崎市中原区,上平間,2019-03-11,18,,施錠せず,なし
窃盗,車上ねらい,中原,下小田中,141330,神奈川県,川崎市中原区,下小田中６丁目,2019-05-03,12,,施錠せず,なし
窃盗,車上ねらい,高津,溝口駅前,141348,神奈川県,川崎市高津区,下作延２丁目,2019-01-10,22,,施錠せず,なし
窃盗,車上ねらい,高津,溝口駅前,141348,神奈川県,川崎市高津区,溝口１丁目,2019-07-12,10,,施錠せず,なし
窃盗,車上ねらい,高津,北見方,141348,神奈川県,川崎市高津区,下野毛３丁目,2019-04-12,18,,施錠せず,なし
窃盗,車上ねらい,高津,北見方,141348,神奈川県,川崎市高津区,二子４丁目,2019-07-03,01,,施錠せず,あり
窃盗,車上ねらい,高津,末長,141348,神奈川県,川崎市高津区,新作４丁目,2019-03-11,20,,施錠せず,なし
窃盗,車上ねらい,高津,末長,141348,神奈川県,川崎市高津区,末長３丁目,2019-01-11,00,,施錠せず,なし
窃盗,車上ねらい,高津,末長,141348,神奈川県,川崎市高津区,末長３丁目,2019-01-31,23,,施錠せず,なし
窃盗,車上ねらい,高津,二子新地駅前,141348,神奈川県,川崎市高津区,溝口６丁目,2018-12-29,19,,施錠せず,なし
窃盗,車上ねらい,多摩,登戸駅前,141356,神奈川県,川崎市多摩区,登戸,2019-05-22,23,駐車（輪）場,施錠せず,なし
窃盗,車上ねらい,多摩,向ヶ丘遊園駅前,141356,神奈川県,川崎市多摩区,登戸,2019-03-20,12,,施錠せず,なし
窃盗,車上ねらい,多摩,読売ランド駅前,141356,神奈川県,川崎市多摩区,西生田３丁目,2019-09-23,23,その他の住宅（３階建て以下共同住宅等）,施錠せず,なし
窃盗,車上ねらい,幸,川崎駅西口,141321,神奈川県,川崎市幸区,柳町,2019-12-02,07,,施錠せず,なし
窃盗,車上ねらい,幸,塚越,141321,神奈川県,川崎市幸区,塚越２丁目,2019-03-11,10,,施錠せず,なし
窃盗,車上ねらい,幸,塚越,141321,神奈川県,川崎市幸区,戸手本町２丁目,2019-07-18,12,４階建て以上共同住宅,施錠せず,なし
窃盗,車上ねらい,幸,小向東芝町,141321,神奈川県,川崎市幸区,小向仲野町,2019-02-07,02,４階建て以上共同住宅,施錠せず,なし
窃盗,車上ねらい,幸,小向東芝町,141321,神奈川県,川崎市幸区,小向町,2019-09-21,20,その他,施錠せず,なし
窃盗,車上ねらい,幸,古市場,141321,神奈川県,川崎市幸区,古市場１丁目,2019-02-21,16,,施錠せず,なし
窃盗,車上ねらい,幸,下平間,141321,神奈川県,川崎市幸区,下平間,2019-09-21,19,,施錠せず,なし
窃盗,車上ねらい,幸,北加瀬,141321,神奈川県,川崎市幸区,北加瀬１丁目,2019-11-24,12,,施錠せず,なし
窃盗,車上ねらい,宮前,馬絹,141364,神奈川県,川崎市宮前区,宮崎,2019-02-07,17,,施錠せず,なし
窃盗,車上ねらい,宮前,蔵敷,141364,神奈川県,川崎市宮前区,菅生２丁目,2019-06-26,12,,施錠せず,あり
窃盗,車上ねらい,宮前,神木,141364,神奈川県,川崎市宮前区,平５丁目,2019-07-05,21,,施錠せず,なし
窃盗,車上ねらい,宮前,宮前平駅前,141364,神奈川県,川崎市宮前区,土橋１丁目,2019-07-12,08,,施錠せず,あり
窃盗,車上ねらい,宮前,野川,141364,神奈川県,川崎市宮前区,,2019-11-01,18,駐車（輪）場,施錠せず,あり
窃盗,車上ねらい,宮前,野川,141364,神奈川県,川崎市宮前区,野川,2019-07-20,19,,施錠せず,なし
窃盗,車上ねらい,宮前,野川,141364,神奈川県,川崎市宮前区,野川,2019-08-31,20,,施錠せず,なし
窃盗,車上ねらい,宮前,野川,141364,神奈川県,川崎市宮前区,野川,2019-09-12,17,,施錠せず,なし
窃盗,車上ねらい,宮前,有馬,141364,神奈川県,川崎市宮前区,東有馬４丁目,2019-03-01,13,,施錠せず,なし
窃盗,車上ねらい,横須賀,中央駅前,142018,神奈川県,横須賀市,若松町３丁目,2019-07-21,16,駐車（輪）場,施錠せず,なし
窃盗,車上ねらい,横須賀,安浦町,142018,神奈川県,横須賀市,安浦町２丁目,2019-07-12,15,,施錠せず,なし
窃盗,車上ねらい,横須賀,衣笠駅前,142018,神奈川県,横須賀市,衣笠栄町３丁目,2019-06-16,21,４階建て以上共同住宅,施錠せず,なし
窃盗,車上ねらい,横須賀,森崎町,142018,神奈川県,横須賀市,大矢部３丁目,2019-12-01,18,一戸建住宅,施錠せず,なし
窃盗,車上ねらい,横須賀,森崎町,142018,神奈川県,横須賀市,大矢部５丁目,2019-06-15,18,その他の住宅（３階建て以下共同住宅等）,施錠せず,なし
窃盗,車上ねらい,横須賀,武,142018,神奈川県,横須賀市,武４丁目,2019-10-06,10,一戸建住宅,施錠せず,なし
窃盗,車上ねらい,田浦,浦郷町,142018,神奈川県,横須賀市,夏島町,2019-12-08,18,,施錠せず,あり
窃盗,車上ねらい,浦賀,浦賀港,142018,神奈川県,横須賀市,浦上台３丁目,2019-10-05,03,,施錠せず,あり
窃盗,車上ねらい,浦賀,久里浜,142018,神奈川県,横須賀市,内川１丁目,2019-04-27,19,その他,施錠せず,あり
窃盗,車上ねらい,浦賀,久里浜,142018,神奈川県,横須賀市,長沢１丁目,2019-07-28,20,,施錠せず,なし
窃盗,車上ねらい,浦賀,長沢,142018,神奈川県,横須賀市,長沢１丁目,2019-07-28,20,一戸建住宅,施錠せず,なし
窃盗,車上ねらい,藤沢北,善行,142051,神奈川県,藤沢市,善行７丁目,2019-10-23,16,,施錠せず,なし
窃盗,車上ねらい,藤沢北,善行,142051,神奈川県,藤沢市,白旗２丁目,2019-02-08,22,駐車（輪）場,施錠せず,なし
窃盗,車上ねらい,藤沢北,善行,142051,神奈川県,藤沢市,白旗４丁目,2019-02-08,21,駐車（輪）場,施錠せず,なし
窃盗,車上ねらい,藤沢北,長後駅前,142051,神奈川県,藤沢市,下土棚,2019-06-09,15,その他の住宅（３階建て以下共同住宅等）,施錠せず,なし
窃盗,車上ねらい,藤沢北,長後駅前,142051,神奈川県,藤沢市,高倉,2019-02-08,20,,施錠せず,なし
窃盗,車上ねらい,藤沢北,長後駅前,142051,神奈川県,藤沢市,高倉,2019-12-19,23,その他の住宅（３階建て以下共同住宅等）,施錠せず,あり
窃盗,車上ねらい,藤沢北,長後駅前,142051,神奈川県,藤沢市,長後,2019-03-13,20,,施錠せず,なし
窃盗,車上ねらい,藤沢北,湘南台駅西口,142051,神奈川県,藤沢市,湘南台３丁目,2019-01-17,17,,施錠せず,なし
窃盗,車上ねらい,藤沢北,六会日大駅前,142051,神奈川県,藤沢市,天神町２丁目,2019-12-13,00,その他の住宅（３階建て以下共同住宅等）,施錠せず,あり
窃盗,車上ねらい,藤沢北,湘南ライフタウン,142051,神奈川県,藤沢市,遠藤,2019-01-25,20,４階建て以上共同住宅,施錠せず,なし
窃盗,車上ねらい,藤沢北,湘南ライフタウン,142051,神奈川県,藤沢市,遠藤,2019-07-20,23,その他,施錠せず,あり
窃盗,車上ねらい,藤沢北,湘南ライフタウン,142051,神奈川県,藤沢市,大庭,2019-01-30,18,その他の住宅（３階建て以下共同住宅等）,施錠せず,なし
窃盗,車上ねらい,藤沢北,湘南台駅東口,142051,神奈川県,藤沢市,今田,2019-05-29,21,一戸建住宅,施錠せず,あり
窃盗,車上ねらい,藤沢北,湘南台駅東口,142051,神奈川県,藤沢市,湘南台１丁目,2019-01-17,18,,施錠せず,なし
窃盗,車上ねらい,藤沢北,湘南台駅東口,142051,神奈川県,藤沢市,湘南台６丁目,2019-01-30,17,その他の住宅（３階建て以下共同住宅等）,施錠せず,なし
窃盗,車上ねらい,藤沢北,湘南台駅東口,142051,神奈川県,藤沢市,湘南台７丁目,2019-08-10,18,その他の住宅（３階建て以下共同住宅等）,施錠せず,なし
窃盗,車上ねらい,三崎,初声,142107,神奈川県,三浦市,初声町和田,2019-07-28,21,その他の住宅（３階建て以下共同住宅等）,施錠せず,なし
窃盗,車上ねらい,逗子,沼間,142085,神奈川県,逗子市,沼間３丁目,2019-06-20,15,その他,施錠せず,あり
窃盗,車上ねらい,逗子,沼間,142085,神奈川県,逗子市,沼間５丁目,2019-07-11,15,駐車（輪）場,施錠せず,あり
窃盗,車上ねらい,逗子,新逗子駅前,142085,神奈川県,逗子市,逗子５丁目,2019-05-18,09,,施錠せず,あり
窃盗,車上ねらい,逗子,小坪,142085,神奈川県,逗子市,小坪７丁目,2019-10-19,23,,施錠せず,なし
窃盗,車上ねらい,鎌倉,稲村ガ崎,142042,神奈川県,鎌倉市,極楽寺１丁目,2019-04-22,14,,施錠せず,なし
窃盗,車上ねらい,大船,大船駅前,142042,神奈川県,鎌倉市,岩瀬,2019-09-09,21,その他,施錠せず,なし
窃盗,車上ねらい,大船,大船駅前,142042,神奈川県,鎌倉市,大船３丁目,2019-01-08,19,,施錠せず,なし
窃盗,車上ねらい,大船,大船駅前,142042,神奈川県,鎌倉市,山ノ内,2019-06-29,15,,施錠せず,あり
窃盗,車上ねらい,大船,玉縄,142042,神奈川県,鎌倉市,植木,2019-01-22,04,その他の住宅（３階建て以下共同住宅等）,施錠せず,あり
窃盗,車上ねらい,大船,玉縄,142042,神奈川県,鎌倉市,岡本２丁目,2019-06-29,16,,施錠せず,あり
窃盗,車上ねらい,大船,台,142042,神奈川県,鎌倉市,台５丁目,2019-01-08,20,,施錠せず,なし
窃盗,車上ねらい,大船,台,142042,神奈川県,鎌倉市,山崎,2019-02-10,19,,施錠せず,なし
窃盗,車上ねらい,藤沢,藤沢駅北口,142051,神奈川県,藤沢市,朝日町,2019-01-20,03,,施錠せず,なし
窃盗,車上ねらい,藤沢,本町白旗,142051,神奈川県,藤沢市,鵠沼神明４丁目,2019-09-02,18,その他の住宅（３階建て以下共同住宅等）,施錠せず,なし
窃盗,車上ねらい,藤沢,本町白旗,142051,神奈川県,藤沢市,鵠沼神明４丁目,2019-12-26,15,,施錠せず,なし
窃盗,車上ねらい,藤沢,本町白旗,142051,神奈川県,藤沢市,本町３丁目,2019-01-15,18,,施錠せず,なし
窃盗,車上ねらい,藤沢,羽鳥,142051,神奈川県,藤沢市,辻堂神台１丁目,2019-10-28,12,,施錠せず,なし
窃盗,車上ねらい,藤沢,羽鳥,142051,神奈川県,藤沢市,辻堂新町１丁目,2019-05-18,14,,施錠せず,なし
窃盗,車上ねらい,藤沢,浜見山,142051,神奈川県,藤沢市,鵠沼海岸４丁目,2019-05-19,23,,施錠せず,なし
窃盗,車上ねらい,藤沢,石上,142051,神奈川県,藤沢市,鵠沼東,2019-01-19,18,４階建て以上共同住宅,施錠せず,なし
窃盗,車上ねらい,藤沢,川名,142051,神奈川県,藤沢市,高谷,2019-01-21,22,,施錠せず,なし
窃盗,車上ねらい,藤沢,川名,142051,神奈川県,藤沢市,弥勒寺１丁目,2019-04-16,18,その他,施錠せず,あり
窃盗,車上ねらい,藤沢,遊行寺坂上,142051,神奈川県,藤沢市,大鋸３丁目,2019-05-19,12,,施錠せず,なし
窃盗,車上ねらい,茅ケ崎,今宿,142077,神奈川県,茅ヶ崎市,今宿,2019-06-07,22,,施錠せず,なし
窃盗,車上ねらい,茅ケ崎,浜見平,142077,神奈川県,茅ヶ崎市,南湖２丁目,2018-12-29,17,,施錠せず,なし
窃盗,車上ねらい,茅ケ崎,小和田,142077,神奈川県,茅ヶ崎市,松林１丁目,2019-09-01,14,４階建て以上共同住宅,施錠せず,なし
窃盗,車上ねらい,茅ケ崎,鶴が台,142077,神奈川県,茅ヶ崎市,香川３丁目,2019-02-25,21,,施錠せず,なし
窃盗,車上ねらい,茅ケ崎,鶴が台,142077,神奈川県,茅ヶ崎市,高田２丁目,2019-08-10,19,,施錠せず,なし
窃盗,車上ねらい,茅ケ崎,鶴が台,142077,神奈川県,茅ヶ崎市,高田５丁目,2019-07-16,11,,施錠せず,なし
窃盗,車上ねらい,茅ケ崎,岡田,143219,神奈川県,寒川町,岡田７丁目,2019-02-19,17,,施錠せず,なし
窃盗,車上ねらい,茅ケ崎,宮山,143219,神奈川県,寒川町,倉見,2019-09-09,17,一戸建住宅,施錠せず,あり
窃盗,車上ねらい,茅ケ崎,小出,142077,神奈川県,茅ヶ崎市,堤,2019-09-21,18,一戸建住宅,施錠せず,なし
窃盗,車上ねらい,茅ケ崎,寒川駅前,143219,神奈川県,寒川町,大曲１丁目,2019-02-25,17,,施錠せず,なし
窃盗,車上ねらい,平塚,西仲町,142034,神奈川県,平塚市,上平塚,2019-04-27,12,,施錠せず,あり
窃盗,車上ねらい,平塚,追分,142034,神奈川県,平塚市,諏訪町,2019-02-11,14,,施錠せず,なし
窃盗,車上ねらい,平塚,四之宮,142034,神奈川県,平塚市,四之宮１丁目,2019-02-11,19,その他,施錠せず,なし
窃盗,車上ねらい,平塚,中原,142034,神奈川県,平塚市,御殿４丁目,2019-05-03,00,,施錠せず,なし
窃盗,車上ねらい,平塚,金目,142034,神奈川県,平塚市,真田４丁目,2019-08-31,17,,施錠せず,なし
窃盗,車上ねらい,平塚,旭,142034,神奈川県,平塚市,万田,2019-01-19,20,,施錠せず,なし
窃盗,車上ねらい,平塚,根坂間,142034,神奈川県,平塚市,徳延,2019-07-28,11,,施錠せず,なし
窃盗,車上ねらい,平塚,岡崎,142034,神奈川県,平塚市,ふじみ野１丁目,2019-02-21,14,,施錠せず,なし
窃盗,車上ねらい,平塚,岡崎,142034,神奈川県,平塚市,ふじみ野２丁目,2019-02-21,17,,施錠せず,なし
窃盗,車上ねらい,平塚,横内,142034,神奈川県,平塚市,横内,2019-02-23,12,,施錠せず,なし
窃盗,車上ねらい,平塚,真土,142034,神奈川県,平塚市,西真土３丁目,2019-04-12,20,,施錠せず,なし
窃盗,車上ねらい,大磯,二宮駅前,143421,神奈川県,二宮町,二宮,2018-12-31,18,,施錠せず,なし
窃盗,車上ねらい,大磯,元町,143421,神奈川県,二宮町,二宮,2018-12-31,06,一戸建住宅,施錠せず,なし
窃盗,車上ねらい,大磯,元町,143421,神奈川県,二宮町,二宮,2018-12-31,12,,施錠せず,なし
窃盗,車上ねらい,大磯,山西,143421,神奈川県,二宮町,山西,2019-09-06,12,,施錠せず,なし
窃盗,車上ねらい,小田原,小田原駅東口,142069,神奈川県,小田原市,栄町１丁目,2019-01-15,01,,施錠せず,なし
窃盗,車上ねらい,小田原,足柄,142069,神奈川県,小田原市,扇町５丁目,2019-01-14,20,その他の住宅（３階建て以下共同住宅等）,施錠せず,なし
窃盗,車上ねらい,小田原,酒匂,142069,神奈川県,小田原市,小八幡３丁目,2019-04-22,23,,施錠せず,なし
窃盗,車上ねらい,小田原,酒匂,142069,神奈川県,小田原市,南鴨宮３丁目,2019-04-12,18,その他の住宅（３階建て以下共同住宅等）,施錠せず,なし
窃盗,車上ねらい,小田原,国府津,142069,神奈川県,小田原市,国府津１丁目,2019-08-20,19,その他,施錠せず,なし
窃盗,車上ねらい,小田原,東町,142069,神奈川県,小田原市,東町５丁目,2019-04-12,19,,施錠せず,なし
窃盗,車上ねらい,小田原,富水駅前,142069,神奈川県,小田原市,飯田岡,2019-11-19,21,一戸建住宅,施錠せず,なし
窃盗,車上ねらい,小田原,富水駅前,142069,神奈川県,小田原市,飯田岡,2019-12-05,19,その他の住宅（３階建て以下共同住宅等）,施錠せず,あり
窃盗,車上ねらい,小田原,富水駅前,142069,神奈川県,小田原市,堀之内,2019-11-11,21,その他の住宅（３階建て以下共同住宅等）,施錠せず,あり
窃盗,車上ねらい,小田原,湯本,143821,神奈川県,箱根町,湯本,2019-01-14,22,,施錠せず,なし
窃盗,車上ねらい,小田原,湯河原,143847,神奈川県,湯河原町,中央５丁目,2019-12-11,19,,施錠せず,なし
窃盗,車上ねらい,小田原,板橋,142069,神奈川県,小田原市,板橋,2019-04-12,20,,施錠せず,なし
窃盗,車上ねらい,小田原,豊川,142069,神奈川県,小田原市,飯泉,2019-01-14,17,一戸建住宅,施錠せず,あり
窃盗,車上ねらい,小田原,豊川,142069,神奈川県,小田原市,飯泉,2019-01-14,18,,施錠せず,なし
窃盗,車上ねらい,小田原,豊川,142069,神奈川県,小田原市,成田,2019-01-13,13,その他,施錠せず,なし
窃盗,車上ねらい,小田原,豊川,142069,神奈川県,小田原市,成田,2019-01-14,14,,施錠せず,あり
窃盗,車上ねらい,小田原,豊川,142069,神奈川県,小田原市,成田,2019-01-14,17,,施錠せず,なし
窃盗,車上ねらい,小田原,根府川,142069,神奈川県,小田原市,根府川,2019-01-19,05,その他,施錠せず,なし
窃盗,車上ねらい,松田,新松田駅前,143634,神奈川県,松田町,松田惣領,2019-01-14,18,,施錠せず,なし
窃盗,車上ねらい,松田,金田,143626,神奈川県,大井町,金子,2019-11-04,22,,施錠せず,なし
窃盗,車上ねらい,松田,井ノ口,143618,神奈川県,中井町,井ノ口,2019-12-11,14,その他,施錠せず,なし
窃盗,車上ねらい,松田,中村,143618,神奈川県,中井町,岩倉,2019-02-11,17,その他,施錠せず,なし
窃盗,車上ねらい,松田,大雄山駅前,142174,神奈川県,南足柄市,和田河原,2019-03-30,17,その他の住宅（３階建て以下共同住宅等）,施錠せず,なし
窃盗,車上ねらい,秦野,渋沢,142115,神奈川県,秦野市,堀西,2019-01-14,19,,施錠せず,なし
窃盗,車上ねらい,秦野,斉ヶ分,142115,神奈川県,秦野市,曽屋,2019-12-24,18,,施錠せず,あり
窃盗,車上ねらい,秦野,菩提,142115,神奈川県,秦野市,羽根,2019-01-15,00,,施錠せず,なし
窃盗,車上ねらい,秦野,堀西,142115,神奈川県,秦野市,堀川,2019-01-14,19,,施錠せず,なし
窃盗,車上ねらい,秦野,堀西,142115,神奈川県,秦野市,堀山下,2019-01-14,19,,施錠せず,あり
窃盗,車上ねらい,秦野,堀西,142115,神奈川県,秦野市,堀山下,2019-01-14,22,,施錠せず,なし
窃盗,車上ねらい,秦野,桜町,142115,神奈川県,秦野市,曽屋,2019-09-14,20,,施錠せず,あり
窃盗,車上ねらい,秦野,桜町,142115,神奈川県,秦野市,平沢,2019-12-28,11,,施錠せず,あり
窃盗,車上ねらい,伊勢原,伊勢原駅前,142140,神奈川県,伊勢原市,伊勢原３丁目,2019-03-30,15,,施錠せず,なし
窃盗,車上ねらい,伊勢原,伊勢原駅前,142140,神奈川県,伊勢原市,上粕屋,2019-02-01,18,,施錠せず,なし
窃盗,車上ねらい,伊勢原,伊勢原駅前,142140,神奈川県,伊勢原市,下糟屋,2019-03-12,08,,施錠せず,なし
窃盗,車上ねらい,伊勢原,伊勢原駅前,142140,神奈川県,伊勢原市,田中,2019-06-05,23,,施錠せず,あり
窃盗,車上ねらい,伊勢原,成瀬,142140,神奈川県,伊勢原市,高森,2019-08-10,23,,施錠せず,あり
窃盗,車上ねらい,伊勢原,成瀬,142140,神奈川県,伊勢原市,高森５丁目,2019-07-25,15,,施錠せず,なし
窃盗,車上ねらい,伊勢原,成瀬,142140,神奈川県,伊勢原市,高森台２丁目,2019-12-30,19,一戸建住宅,施錠せず,なし
窃盗,車上ねらい,伊勢原,成瀬,142140,神奈川県,伊勢原市,東成瀬,2019-06-14,19,その他の住宅（３階建て以下共同住宅等）,施錠せず,なし
窃盗,車上ねらい,伊勢原,成瀬,142140,神奈川県,伊勢原市,東成瀬,2019-10-22,21,,施錠せず,なし
窃盗,車上ねらい,伊勢原,八幡台,142140,神奈川県,伊勢原市,岡崎,2019-03-21,20,,施錠せず,あり
窃盗,車上ねらい,伊勢原,大田,142140,神奈川県,伊勢原市,小稲葉,2019-09-16,21,,施錠せず,なし
窃盗,車上ねらい,伊勢原,大田,142140,神奈川県,伊勢原市,下谷,2019-03-22,11,,施錠せず,なし
窃盗,車上ねらい,厚木,妻田,142123,神奈川県,厚木市,及川２丁目,2019-04-01,17,その他,施錠せず,あり
窃盗,車上ねらい,厚木,妻田,142123,神奈川県,厚木市,妻田東３丁目,2018-09-24,10,,施錠せず,なし
窃盗,車上ねらい,厚木,妻田,142123,神奈川県,厚木市,妻田西１丁目,2019-04-23,00,,施錠せず,なし
窃盗,車上ねらい,厚木,妻田,142123,神奈川県,厚木市,妻田西２丁目,2019-01-27,14,,施錠せず,なし
窃盗,車上ねらい,厚木,酒井,142123,神奈川県,厚木市,岡田５丁目,2019-06-23,08,,施錠せず,なし
窃盗,車上ねらい,厚木,酒井,142123,神奈川県,厚木市,上落合,2019-10-09,23,,施錠せず,なし
窃盗,車上ねらい,厚木,愛甲石田駅前,142123,神奈川県,厚木市,愛甲東１丁目,2019-06-13,22,一戸建住宅,施錠せず,あり
窃盗,車上ねらい,厚木,中津,144011,神奈川県,愛川町,中津,2019-01-13,18,一戸建住宅,施錠せず,なし
窃盗,車上ねらい,厚木,中津,144011,神奈川県,愛川町,中津,2019-03-22,17,,施錠せず,なし
窃盗,車上ねらい,厚木,中津,144011,神奈川県,愛川町,中津,2019-03-22,20,,施錠せず,なし
窃盗,車上ねらい,厚木,小鮎,142123,神奈川県,厚木市,飯山,2019-02-01,20,,施錠せず,なし
窃盗,車上ねらい,厚木,三田,142123,神奈川県,厚木市,三田,2019-02-14,18,その他,施錠せず,なし
窃盗,車上ねらい,厚木,鳶尾,142123,神奈川県,厚木市,鳶尾１丁目,2019-06-08,06,その他,施錠せず,あり
窃盗,車上ねらい,厚木,旭町,142123,神奈川県,厚木市,旭町１丁目,2019-12-18,17,,施錠せず,なし
窃盗,車上ねらい,厚木,旭町,142123,神奈川県,厚木市,旭町５丁目,2019-01-06,20,,施錠せず,なし
窃盗,車上ねらい,厚木,旭町,142123,神奈川県,厚木市,岡田３丁目,2018-12-28,15,,施錠せず,なし
窃盗,車上ねらい,相模原,上溝,141526,神奈川県,相模原市中央区,上溝,2019-04-20,20,,施錠せず,あり
窃盗,車上ねらい,相模原,上溝,141526,神奈川県,相模原市中央区,上溝,2019-09-03,21,,施錠せず,あり
窃盗,車上ねらい,相模原,星が丘,141526,神奈川県,相模原市中央区,千代田３丁目,2018-12-28,18,,施錠せず,なし
窃盗,車上ねらい,相模原,淵野辺駅北口,141526,神奈川県,相模原市中央区,上矢部１丁目,2019-07-30,00,,施錠せず,あり
窃盗,車上ねらい,相模原,淵野辺駅北口,141526,神奈川県,相模原市中央区,上矢部４丁目,2019-07-29,22,その他の住宅（３階建て以下共同住宅等）,施錠せず,あり
窃盗,車上ねらい,相模原,淵野辺駅北口,141526,神奈川県,相模原市中央区,上矢部５丁目,2019-09-04,21,その他の住宅（３階建て以下共同住宅等）,施錠せず,なし
窃盗,車上ねらい,相模原,淵野辺駅北口,141526,神奈川県,相模原市中央区,淵野辺本町４丁目,2019-05-13,23,その他の住宅（３階建て以下共同住宅等）,施錠せず,あり
窃盗,車上ねらい,相模原,淵野辺駅南口,141526,神奈川県,相模原市中央区,,2019-02-09,19,,施錠せず,なし
窃盗,車上ねらい,相模原,淵野辺駅南口,141526,神奈川県,相模原市中央区,矢部１丁目,2019-02-26,19,,施錠せず,なし
窃盗,車上ねらい,相模原,淵野辺駅南口,141526,神奈川県,相模原市中央区,矢部２丁目,2019-02-26,20,その他の住宅（３階建て以下共同住宅等）,施錠せず,なし
窃盗,車上ねらい,相模原,淵野辺駅南口,141526,神奈川県,相模原市中央区,矢部３丁目,2019-02-09,22,,施錠せず,なし
窃盗,車上ねらい,相模原,相模原駅前,141526,神奈川県,相模原市中央区,相模原４丁目,2019-06-18,15,,施錠せず,なし
窃盗,車上ねらい,相模原,相模原駅前,141526,神奈川県,相模原市中央区,相模原６丁目,2018-12-28,18,,施錠せず,なし
窃盗,車上ねらい,相模原,相模原駅前,141526,神奈川県,相模原市中央区,宮下３丁目,2019-03-05,21,,施錠せず,なし
窃盗,車上ねらい,相模原,相模原駅前,141526,神奈川県,相模原市中央区,宮下本町１丁目,2019-02-04,19,,施錠せず,あり
窃盗,車上ねらい,相模原,相模原駅前,141526,神奈川県,相模原市中央区,宮下本町１丁目,2019-03-24,20,その他の住宅（３階建て以下共同住宅等）,施錠せず,なし
窃盗,車上ねらい,相模原,相模原駅前,141526,神奈川県,相模原市中央区,宮下本町１丁目,2019-04-22,20,その他の住宅（３階建て以下共同住宅等）,施錠せず,あり
窃盗,車上ねらい,相模原,相模原駅前,141526,神奈川県,相模原市中央区,宮下本町３丁目,2019-08-23,22,,施錠せず,なし
窃盗,車上ねらい,相模原,相生,141526,神奈川県,相模原市中央区,相生４丁目,2019-06-22,20,,施錠せず,あり
窃盗,車上ねらい,相模原,相生,141526,神奈川県,相模原市中央区,富士見６丁目,2019-01-22,21,４階建て以上共同住宅,施錠せず,なし
窃盗,車上ねらい,相模原,相生,141526,神奈川県,相模原市中央区,弥栄２丁目,2019-01-01,08,,施錠せず,なし
窃盗,車上ねらい,相模原,田名,141526,神奈川県,相模原市中央区,田名,2019-03-05,18,一戸建住宅,施錠せず,なし
窃盗,車上ねらい,相模原,田名,141526,神奈川県,相模原市中央区,田名,2019-03-05,19,,施錠せず,なし
窃盗,車上ねらい,相模原,田名,141526,神奈川県,相模原市中央区,田名,2019-03-05,20,,施錠せず,なし
窃盗,車上ねらい,相模原,番田,141526,神奈川県,相模原市中央区,上溝,2018-12-31,15,,施錠せず,なし
窃盗,車上ねらい,相模原,番田,141526,神奈川県,相模原市中央区,上溝,2019-02-26,20,,施錠せず,なし
窃盗,車上ねらい,相模原,番田,141526,神奈川県,相模原市中央区,上溝,2019-05-30,23,,施錠せず,なし
窃盗,車上ねらい,相模原,番田,141526,神奈川県,相模原市中央区,上溝,2019-09-01,09,その他,施錠せず,なし
窃盗,車上ねらい,相模原,番田,141526,神奈川県,相模原市中央区,上溝,2019-10-07,18,一戸建住宅,施錠せず,あり
窃盗,車上ねらい,相模原,番田,141526,神奈川県,相模原市中央区,上溝,2019-12-23,19,その他の住宅（３階建て以下共同住宅等）,施錠せず,あり
窃盗,車上ねらい,相模原,番田,141526,神奈川県,相模原市中央区,田名,2019-10-10,23,その他,施錠せず,なし
窃盗,車上ねらい,相模原,南橋本駅前,141526,神奈川県,相模原市中央区,下九沢,2018-12-03,07,４階建て以上共同住宅,施錠せず,なし
窃盗,車上ねらい,相模原,南橋本駅前,141526,神奈川県,相模原市中央区,下九沢,2019-09-03,22,一戸建住宅,施錠せず,あり
窃盗,車上ねらい,相模原,南橋本駅前,141526,神奈川県,相模原市中央区,南橋本３丁目,2019-02-24,16,,施錠せず,なし
窃盗,車上ねらい,津久井,相模湖,141518,神奈川県,相模原市緑区,小原,2019-11-12,00,一戸建住宅,施錠せず,あり
窃盗,車上ねらい,津久井,城山,141518,神奈川県,相模原市緑区,三ケ木,2019-12-01,19,一戸建住宅,施錠せず,あり
窃盗,車上ねらい,津久井,湘南,141518,神奈川県,相模原市緑区,小倉,2019-10-14,14,その他,施錠せず,なし
窃盗,車上ねらい,津久井,串川,141518,神奈川県,相模原市緑区,青山,2019-11-14,19,その他,施錠せず,なし
窃盗,車上ねらい,相模原南,古淵駅前,141534,神奈川県,相模原市南区,大野台８丁目,2019-01-30,00,駐車（輪）場,施錠せず,あり
窃盗,車上ねらい,相模原南,古淵駅前,141534,神奈川県,相模原市南区,古淵４丁目,2019-05-14,20,,施錠せず,あり
窃盗,車上ねらい,相模原南,古淵駅前,141534,神奈川県,相模原市南区,古淵４丁目,2019-05-15,01,一戸建住宅,施錠せず,あり
窃盗,車上ねらい,相模原南,大野,141534,神奈川県,相模原市南区,鵜野森１丁目,2019-03-30,18,,施錠せず,なし
窃盗,車上ねらい,相模原南,大野,141534,神奈川県,相模原市南区,古淵５丁目,2019-05-14,20,一戸建住宅,施錠せず,あり
窃盗,車上ねらい,相模原南,南大野,141534,神奈川県,相模原市南区,相模台２丁目,2019-10-26,06,,施錠せず,なし
窃盗,車上ねらい,相模原南,南大野,141534,神奈川県,相模原市南区,南台５丁目,2019-01-04,21,,施錠せず,なし
窃盗,車上ねらい,相模原南,東林間,141534,神奈川県,相模原市南区,上鶴間４丁目,2019-01-22,23,,施錠せず,なし
窃盗,車上ねらい,相模原南,新磯野,141534,神奈川県,相模原市南区,相武台団地１丁目,2019-12-02,19,４階建て以上共同住宅,施錠せず,なし
窃盗,車上ねらい,相模原南,麻溝,141534,神奈川県,相模原市南区,当麻,2019-12-22,05,,施錠せず,なし
窃盗,車上ねらい,相模原南,麻溝公園前,141534,神奈川県,相模原市南区,麻溝台５丁目,2019-01-04,20,,施錠せず,なし
窃盗,車上ねらい,相模原南,麻溝公園前,141534,神奈川県,相模原市南区,麻溝台７丁目,2019-03-18,22,,施錠せず,なし
窃盗,車上ねらい,相模原南,麻溝公園前,141534,神奈川県,相模原市南区,双葉２丁目,2019-05-21,19,その他の住宅（３階建て以下共同住宅等）,施錠せず,なし
窃盗,車上ねらい,座間,相模が丘,142166,神奈川県,座間市,小松原１丁目,2018-12-24,12,その他,施錠せず,あり
窃盗,車上ねらい,座間,相模が丘,142166,神奈川県,座間市,相模が丘１丁目,2019-01-12,18,その他,施錠せず,なし
窃盗,車上ねらい,座間,栗原,142166,神奈川県,座間市,南栗原６丁目,2019-12-26,22,一戸建住宅,施錠せず,あり
窃盗,車上ねらい,座間,栗原,142166,神奈川県,座間市,栗原中央２丁目,2019-01-10,20,,施錠せず,なし
窃盗,車上ねらい,座間,栗原,142166,神奈川県,座間市,栗原中央５丁目,2019-04-27,21,一戸建住宅,施錠せず,あり
窃盗,車上ねらい,座間,栗原,142166,神奈川県,座間市,栗原中央５丁目,2019-04-27,22,その他の住宅（３階建て以下共同住宅等）,施錠せず,あり
窃盗,車上ねらい,座間,ひばりが丘,142166,神奈川県,座間市,ひばりが丘１丁目,2019-02-02,20,,施錠せず,なし
窃盗,車上ねらい,座間,ひばりが丘,142166,神奈川県,座間市,ひばりが丘２丁目,2019-01-06,14,,施錠せず,なし
窃盗,車上ねらい,座間,ひばりが丘,142166,神奈川県,座間市,ひばりが丘２丁目,2019-12-12,20,一戸建住宅,施錠せず,あり
窃盗,車上ねらい,座間,ひばりが丘,142166,神奈川県,座間市,ひばりが丘３丁目,2019-01-29,16,,施錠せず,なし
窃盗,車上ねらい,座間,ひばりが丘,142166,神奈川県,座間市,ひばりが丘３丁目,2019-05-09,19,,施錠せず,なし
窃盗,車上ねらい,座間,ひばりが丘,142166,神奈川県,座間市,ひばりが丘３丁目,2019-10-04,00,,施錠せず,なし
窃盗,車上ねらい,座間,ひばりが丘,142166,神奈川県,座間市,ひばりが丘５丁目,2019-01-29,19,,施錠せず,なし
窃盗,車上ねらい,座間,ひばりが丘,142166,神奈川県,座間市,東原５丁目,2019-01-22,21,,施錠せず,なし
窃盗,車上ねらい,座間,座間駅前,142166,神奈川県,座間市,入谷２丁目,2019-09-28,20,,施錠せず,なし
窃盗,車上ねらい,海老名,海老名駅前,142158,神奈川県,海老名市,上今泉１丁目,2019-06-06,19,,施錠せず,あり
窃盗,車上ねらい,海老名,海老名駅前,142158,神奈川県,海老名市,国分南２丁目,2019-01-22,20,,施錠せず,なし
窃盗,車上ねらい,海老名,海老名駅前,142158,神奈川県,海老名市,国分北３丁目,2019-04-12,16,,施錠せず,なし
窃盗,車上ねらい,海老名,海老名駅前,142158,神奈川県,海老名市,国分北４丁目,2019-02-28,21,その他の住宅（３階建て以下共同住宅等）,施錠せず,なし
窃盗,車上ねらい,海老名,海西,142158,神奈川県,海老名市,上郷３丁目,2019-12-31,02,駐車（輪）場,施錠せず,あり
窃盗,車上ねらい,海老名,海西,142158,神奈川県,海老名市,河原口３丁目,2019-04-12,20,,施錠せず,なし
窃盗,車上ねらい,海老名,海西,142158,神奈川県,海老名市,河原口４丁目,2019-12-30,10,,施錠せず,あり
窃盗,車上ねらい,海老名,海西,142158,神奈川県,海老名市,下今泉１丁目,2019-11-20,18,,施錠せず,なし
窃盗,車上ねらい,海老名,海西,142158,神奈川県,海老名市,中新田１丁目,2019-03-22,18,,施錠せず,なし
窃盗,車上ねらい,海老名,国分寺台,142158,神奈川県,海老名市,大谷南５丁目,2019-03-16,16,その他,施錠せず,あり
窃盗,車上ねらい,海老名,国分寺台,142158,神奈川県,海老名市,大谷南５丁目,2019-11-20,14,その他,施錠せず,あり
窃盗,車上ねらい,海老名,国分寺台,142158,神奈川県,海老名市,杉久保北２丁目,2019-02-23,19,その他の住宅（３階建て以下共同住宅等）,施錠せず,あり
窃盗,車上ねらい,海老名,有馬,142158,神奈川県,海老名市,今里２丁目,2019-03-22,23,,施錠せず,なし
窃盗,車上ねらい,海老名,有馬,142158,神奈川県,海老名市,門沢橋２丁目,2019-12-30,10,,施錠せず,あり
窃盗,車上ねらい,海老名,有馬,142158,神奈川県,海老名市,門沢橋５丁目,2019-09-10,22,駐車（輪）場,施錠せず,なし
窃盗,車上ねらい,海老名,有馬,142158,神奈川県,海老名市,社家,2019-02-23,15,その他の住宅（３階建て以下共同住宅等）,施錠せず,なし
窃盗,車上ねらい,海老名,有馬,142158,神奈川県,海老名市,本郷,2019-04-20,11,,施錠せず,なし
窃盗,車上ねらい,海老名,有馬,142158,神奈川県,海老名市,本郷,2019-09-03,16,その他,施錠せず,なし
窃盗,車上ねらい,海老名,かしわ台駅前,142158,神奈川県,海老名市,上今泉５丁目,2019-09-04,18,,施錠せず,なし
窃盗,車上ねらい,海老名,さがみ野駅前,142158,神奈川県,海老名市,東柏ケ谷３丁目,2019-11-30,10,一戸建住宅,施錠せず,あり
窃盗,車上ねらい,相模原北,橋本駅前,141518,神奈川県,相模原市緑区,東橋本３丁目,2019-02-04,23,,施錠せず,あり
窃盗,車上ねらい,相模原北,下九沢,141518,神奈川県,相模原市緑区,下九沢,2019-01-26,19,,施錠せず,あり
窃盗,車上ねらい,相模原北,下九沢,141518,神奈川県,相模原市緑区,下九沢,2019-09-03,19,その他の住宅（３階建て以下共同住宅等）,施錠せず,なし
窃盗,車上ねらい,相模原北,下九沢,141518,神奈川県,相模原市緑区,下九沢,2019-09-03,20,その他の住宅（３階建て以下共同住宅等）,施錠せず,なし
窃盗,車上ねらい,相模原北,大島,141518,神奈川県,相模原市緑区,大島,2018-12-29,21,その他,施錠せず,なし
窃盗,車上ねらい,南,東蒔田町,141054,神奈川県,横浜市南区,蒔田町,2019-10-17,12,駐車（輪）場,施錠せず,あり
窃盗,車上ねらい,南,大岡町,141054,神奈川県,横浜市南区,大岡５丁目,2019-08-21,20,駐車（輪）場,施錠せず,なし
窃盗,車上ねらい,南,大岡町,141054,神奈川県,横浜市南区,中里２丁目,2019-05-19,01,４階建て以上共同住宅,施錠せず,なし
窃盗,車上ねらい,南,大岡町,141054,神奈川県,横浜市南区,別所１丁目,2019-08-17,08,その他,施錠せず,あり
窃盗,車上ねらい,南,通町,141054,神奈川県,横浜市南区,弘明寺町,2019-05-31,14,駐車（輪）場,施錠せず,あり
窃盗,車上ねらい,大和,大和駅前,142131,神奈川県,大和市,中央１丁目,2019-05-06,14,その他,施錠せず,あり
窃盗,車上ねらい,大和,大和駅前,142131,神奈川県,大和市,中央４丁目,2019-10-15,07,その他,施錠せず,あり
窃盗,車上ねらい,大和,大和駅前,142131,神奈川県,大和市,深見台４丁目,2019-09-21,13,一戸建住宅,施錠せず,あり
窃盗,車上ねらい,大和,大和駅前,142131,神奈川県,大和市,柳橋１丁目,2019-10-10,13,,施錠せず,あり
窃盗,車上ねらい,大和,大和駅前,142131,神奈川県,大和市,大和東２丁目,2019-09-25,07,駐車（輪）場,施錠せず,なし
窃盗,車上ねらい,大和,相模大塚駅前,142131,神奈川県,大和市,上草柳,2019-05-03,23,一戸建住宅,施錠せず,あり
窃盗,車上ねらい,大和,相模大塚駅前,142131,神奈川県,大和市,桜森１丁目,2019-12-08,08,一戸建住宅,施錠せず,あり
窃盗,車上ねらい,大和,相模大塚駅前,142131,神奈川県,大和市,桜森３丁目,2019-04-23,08,その他,施錠せず,あり
窃盗,車上ねらい,大和,相模大塚駅前,142131,神奈川県,大和市,桜森３丁目,2019-09-30,10,その他,施錠せず,あり
窃盗,車上ねらい,大和,鶴間駅前,142131,神奈川県,大和市,下鶴間１丁目,2019-07-05,20,駐車（輪）場,施錠せず,なし
窃盗,車上ねらい,大和,鶴間駅前,142131,神奈川県,大和市,鶴間２丁目,2019-04-24,17,４階建て以上共同住宅,施錠せず,なし
窃盗,車上ねらい,大和,鶴間駅前,142131,神奈川県,大和市,西鶴間４丁目,2019-11-27,11,駐車（輪）場,施錠せず,あり
窃盗,車上ねらい,大和,鶴間駅前,142131,神奈川県,大和市,西鶴間５丁目,2019-10-26,09,駐車（輪）場,施錠せず,あり
窃盗,車上ねらい,大和,鶴間駅前,142131,神奈川県,大和市,深見西８丁目,2019-08-09,12,,施錠せず,なし
窃盗,車上ねらい,大和,南林間駅前,142131,神奈川県,大和市,南林間７丁目,2019-07-10,15,一戸建住宅,施錠せず,あり
窃盗,車上ねらい,大和,つきみ野駅前,142131,神奈川県,大和市,下鶴間,2019-02-04,21,,施錠せず,なし
窃盗,車上ねらい,大和,つきみ野駅前,142131,神奈川県,大和市,下鶴間,2019-10-10,08,駐車（輪）場,施錠せず,あり
窃盗,車上ねらい,大和,中央林間,142131,神奈川県,大和市,中央林間２丁目,2019-07-18,11,駐車（輪）場,施錠せず,あり
窃盗,車上ねらい,大和,中央林間,142131,神奈川県,大和市,中央林間西２丁目,2019-02-20,13,一戸建住宅,施錠せず,あり
窃盗,車上ねらい,大和,中央林間,142131,神奈川県,大和市,中央林間西６丁目,2019-01-13,18,,施錠せず,なし
窃盗,車上ねらい,大和,桜ヶ丘,142131,神奈川県,大和市,上和田,2019-09-05,14,,施錠せず,あり
窃盗,車上ねらい,大和,桜ヶ丘,142131,神奈川県,大和市,上和田,2019-10-14,16,駐車（輪）場,施錠せず,なし
窃盗,車上ねらい,大和,桜ヶ丘,142131,神奈川県,大和市,福田,2019-05-27,20,,施錠せず,なし
窃盗,車上ねらい,大和,桜ヶ丘,142131,神奈川県,大和市,福田,2019-11-11,10,駐車（輪）場,施錠せず,あり
窃盗,車上ねらい,大和,桜ヶ丘,142131,神奈川県,大和市,福田１丁目,2019-05-20,12,,施錠せず,なし
窃盗,車上ねらい,大和,桜ヶ丘,142131,神奈川県,大和市,柳橋４丁目,2019-05-08,17,その他,施錠せず,なし
窃盗,車上ねらい,大和,福田,142131,神奈川県,大和市,代官３丁目,2019-05-24,19,一戸建住宅,施錠せず,なし
窃盗,車上ねらい,大和,福田,142131,神奈川県,大和市,福田,2019-03-28,20,,施錠せず,なし
窃盗,車上ねらい,大和,福田,142131,神奈川県,大和市,福田,2019-05-18,08,,施錠せず,なし
窃盗,車上ねらい,大和,上土棚,142182,神奈川県,綾瀬市,上土棚北４丁目,2019-01-22,17,,施錠せず,なし
窃盗,車上ねらい,大和,上土棚,142182,神奈川県,綾瀬市,上土棚中１丁目,2019-01-01,13,その他,施錠せず,なし
窃盗,車上ねらい,大和,上土棚,142182,神奈川県,綾瀬市,落合南１丁目,2019-04-30,17,,施錠せず,なし
窃盗,車上ねらい,大和,上土棚,142182,神奈川県,綾瀬市,落合南２丁目,2019-04-13,18,一戸建住宅,施錠せず,なし
窃盗,車上ねらい,大和,上土棚,142182,神奈川県,綾瀬市,落合南２丁目,2019-05-17,22,一戸建住宅,施錠せず,なし
窃盗,車上ねらい,大和,寺尾,142182,神奈川県,綾瀬市,小園,2019-04-11,09,一戸建住宅,施錠せず,あり
窃盗,車上ねらい,大和,寺尾,142182,神奈川県,綾瀬市,小園,2019-05-18,16,その他,施錠せず,なし
窃盗,車上ねらい,大和,寺尾,142182,神奈川県,綾瀬市,小園,2019-05-29,12,駐車（輪）場,施錠せず,あり
窃盗,車上ねらい,大和,寺尾,142182,神奈川県,綾瀬市,寺尾釜田１丁目,2019-02-17,00,一戸建住宅,施錠せず,なし
窃盗,車上ねらい,大和,寺尾,142182,神奈川県,綾瀬市,寺尾中３丁目,2019-11-27,15,駐車（輪）場,施錠せず,あり
窃盗,車上ねらい,大和,寺尾,142182,神奈川県,綾瀬市,寺尾本町３丁目,2019-04-16,18,,施錠せず,なし
窃盗,車上ねらい,大和,深谷,142182,神奈川県,綾瀬市,落合北４丁目,2019-06-01,18,,施錠せず,なし
窃盗,車上ねらい,大和,下鶴間,142131,神奈川県,大和市,下鶴間,2019-10-26,08,その他の住宅（３階建て以下共同住宅等）,施錠せず,あり
窃盗,車上ねらい,大和,綾瀬地区,142182,神奈川県,綾瀬市,早川,2019-05-07,19,,施錠せず,なし
窃盗,車上ねらい,大和,綾瀬地区,142182,神奈川県,綾瀬市,早川,2019-05-30,22,その他,施錠せず,なし
窃盗,車上ねらい,泉,中田,141160,神奈川県,横浜市泉区,中田南３丁目,2019-12-23,12,駐車（輪）場,施錠せず,あり
窃盗,車上ねらい,泉,中田,141160,神奈川県,横浜市泉区,中田南４丁目,2019-12-23,10,その他,施錠せず,あり
窃盗,車上ねらい,泉,和泉,141160,神奈川県,横浜市泉区,和泉町,2019-08-04,13,,施錠せず,あり
窃盗,車上ねらい,泉,和泉,141160,神奈川県,横浜市泉区,和泉中央北３丁目,2019-02-07,00,一戸建住宅,施錠せず,なし
窃盗,車上ねらい,泉,下和泉,141160,神奈川県,横浜市泉区,和泉町,2019-08-22,19,,施錠せず,なし
窃盗,車上ねらい,泉,下和泉,141160,神奈川県,横浜市泉区,下飯田町,2019-11-18,09,駐車（輪）場,施錠せず,あり
窃盗,車上ねらい,泉,下和泉,141160,神奈川県,横浜市泉区,下和泉２丁目,2019-08-23,23,,施錠せず,なし
窃盗,車上ねらい,泉,緑園都市駅前,141160,神奈川県,横浜市泉区,新橋町,2019-01-28,18,,施錠せず,なし
窃盗,車上ねらい,泉,緑園都市駅前,141160,神奈川県,横浜市泉区,緑園４丁目,2019-08-05,15,駐車（輪）場,施錠せず,あり
窃盗,車上ねらい,泉,上飯田,141160,神奈川県,横浜市泉区,上飯田町,2019-10-07,09,,施錠せず,なし
窃盗,車上ねらい,泉,いずみ野駅前,141160,神奈川県,横浜市泉区,和泉町,2019-10-30,10,駐車（輪）場,施錠せず,なし
窃盗,車上ねらい,泉,いずみ野駅前,141160,神奈川県,横浜市泉区,上飯田町,2019-07-07,09,駐車（輪）場,施錠せず,あり
窃盗,車上ねらい,泉,いちょう団地,141160,神奈川県,横浜市泉区,上飯田町,2019-06-04,14,４階建て以上共同住宅,施錠せず,あり
窃盗,車上ねらい,泉,弥生台駅前,141160,神奈川県,横浜市泉区,新橋町,2019-05-13,09,駐車（輪）場,施錠せず,なし
窃盗,車上ねらい,戸塚,戸塚駅西口,141101,神奈川県,横浜市戸塚区,戸塚町,2018-12-29,16,,施錠せず,なし
窃盗,車上ねらい,戸塚,戸塚駅西口,141101,神奈川県,横浜市戸塚区,戸塚町,2019-01-04,15,,施錠せず,なし
窃盗,車上ねらい,戸塚,戸塚駅西口,141101,神奈川県,横浜市戸塚区,戸塚町,2019-05-17,21,その他,施錠せず,なし
窃盗,車上ねらい,戸塚,戸塚駅西口,141101,神奈川県,横浜市戸塚区,戸塚町,2019-06-27,19,,施錠せず,なし
窃盗,車上ねらい,戸塚,戸塚駅西口,141101,神奈川県,横浜市戸塚区,戸塚町,2019-11-01,14,駐車（輪）場,施錠せず,なし
窃盗,車上ねらい,戸塚,不動坂,141101,神奈川県,横浜市戸塚区,柏尾町,2019-12-10,15,駐車（輪）場,施錠せず,なし
窃盗,車上ねらい,戸塚,原宿,141101,神奈川県,横浜市戸塚区,東俣野町,2019-02-05,22,その他の住宅（３階建て以下共同住宅等）,施錠せず,あり
窃盗,車上ねらい,戸塚,原宿,141101,神奈川県,横浜市戸塚区,俣野町,2019-12-07,05,駐車（輪）場,施錠せず,あり
窃盗,車上ねらい,戸塚,原宿,141101,神奈川県,横浜市戸塚区,原宿１丁目,2019-11-22,20,,施錠せず,なし
窃盗,車上ねらい,戸塚,原宿,141101,神奈川県,横浜市戸塚区,原宿３丁目,2019-03-03,18,一戸建住宅,施錠せず,なし
窃盗,車上ねらい,戸塚,原宿,141101,神奈川県,横浜市戸塚区,原宿４丁目,2019-04-21,15,,施錠せず,なし
窃盗,車上ねらい,戸塚,原宿,141101,神奈川県,横浜市戸塚区,原宿５丁目,2019-03-23,17,,施錠せず,なし
窃盗,車上ねらい,戸塚,柏尾,141101,神奈川県,横浜市戸塚区,上柏尾町,2019-05-27,03,,施錠せず,あり
窃盗,車上ねらい,戸塚,柏尾,141101,神奈川県,横浜市戸塚区,名瀬町,2019-11-26,07,駐車（輪）場,施錠せず,あり
窃盗,車上ねらい,戸塚,柏尾,141101,神奈川県,横浜市戸塚区,名瀬町,2019-12-12,18,４階建て以上共同住宅,施錠せず,なし
窃盗,車上ねらい,戸塚,平戸,141101,神奈川県,横浜市戸塚区,平戸町,2019-03-28,19,その他,施錠せず,なし
窃盗,車上ねらい,戸塚,平戸,141101,神奈川県,横浜市戸塚区,平戸２丁目,2019-10-15,08,駐車（輪）場,施錠せず,なし
窃盗,車上ねらい,戸塚,上矢部,141101,神奈川県,横浜市戸塚区,上矢部町,2019-10-01,14,,施錠せず,なし
窃盗,車上ねらい,戸塚,深谷,141101,神奈川県,横浜市戸塚区,汲沢町,2019-10-10,14,駐車（輪）場,施錠せず,あり
窃盗,車上ねらい,戸塚,東戸塚駅前,141101,神奈川県,横浜市戸塚区,品濃町,2019-02-07,14,駐車（輪）場,施錠せず,なし
窃盗,車上ねらい,戸塚,東戸塚駅前,141101,神奈川県,横浜市戸塚区,品濃町,2019-06-21,21,一戸建住宅,施錠せず,あり
窃盗,車上ねらい,戸塚,下倉田,141101,神奈川県,横浜市戸塚区,下倉田町,2019-03-22,12,,施錠せず,あり
窃盗,車上ねらい,戸塚,戸塚駅東口,141101,神奈川県,横浜市戸塚区,上倉田町,2019-01-22,10,駐車（輪）場,施錠せず,あり
窃盗,車上ねらい,旭,南希望が丘,141127,神奈川県,横浜市旭区,善部町,2019-12-16,20,その他の住宅（３階建て以下共同住宅等）,施錠せず,なし
窃盗,車上ねらい,旭,二俣川,141127,神奈川県,横浜市旭区,二俣川１丁目,2019-09-14,03,駐車（輪）場,施錠せず,あり
窃盗,車上ねらい,旭,二俣川,141127,神奈川県,横浜市旭区,中沢１丁目,2019-04-12,18,その他,施錠せず,なし
窃盗,車上ねらい,旭,白根,141127,神奈川県,横浜市旭区,上白根町,2019-12-15,14,駐車（輪）場,施錠せず,なし
窃盗,車上ねらい,旭,白根,141127,神奈川県,横浜市旭区,白根３丁目,2019-09-19,12,一戸建住宅,施錠せず,あり
窃盗,車上ねらい,旭,左近山,141127,神奈川県,横浜市旭区,桐が作,2019-10-03,23,,施錠せず,なし
窃盗,車上ねらい,旭,ひかりが丘,141127,神奈川県,横浜市旭区,上白根町,2019-08-10,15,,施錠せず,なし
窃盗,車上ねらい,旭,今宿,141127,神奈川県,横浜市旭区,今宿南町,2019-01-15,19,その他の住宅（３階建て以下共同住宅等）,施錠せず,なし
窃盗,車上ねらい,旭,万騎が原,141127,神奈川県,横浜市旭区,南本宿町,2019-05-03,21,その他の住宅（３階建て以下共同住宅等）,施錠せず,なし
窃盗,車上ねらい,旭,若葉台,141127,神奈川県,横浜市旭区,若葉台３丁目,2019-12-19,09,駐車（輪）場,施錠せず,なし
窃盗,車上ねらい,旭,笹野台,141127,神奈川県,横浜市旭区,今宿町,2019-07-22,20,,施錠せず,なし
窃盗,車上ねらい,旭,笹野台,141127,神奈川県,横浜市旭区,金が谷１丁目,2019-04-10,15,,施錠せず,なし
窃盗,車上ねらい,旭,都岡,141127,神奈川県,横浜市旭区,下川井町,2019-08-14,19,その他,施錠せず,あり
窃盗,車上ねらい,旭,都岡,141127,神奈川県,横浜市旭区,都岡町,2019-01-30,20,一戸建住宅,施錠せず,なし
窃盗,車上ねらい,加賀町,本町,141046,神奈川県,横浜市中区,太田町５丁目,2019-08-26,01,駐車（輪）場,施錠せず,あり
窃盗,車上ねらい,加賀町,本町,141046,神奈川県,横浜市中区,北仲通３丁目,2019-11-25,09,その他,施錠せず,なし
窃盗,車上ねらい,加賀町,本町,141046,神奈川県,横浜市中区,南仲通２丁目,2019-09-11,16,駐車（輪）場,施錠せず,あり
窃盗,車上ねらい,加賀町,尾上町,141046,神奈川県,横浜市中区,相生町１丁目,2019-07-02,10,,施錠せず,なし
窃盗,車上ねらい,加賀町,尾上町,141046,神奈川県,横浜市中区,住吉町４丁目,2019-10-02,09,駐車（輪）場,施錠せず,あり
窃盗,車上ねらい,加賀町,山下町,141046,神奈川県,横浜市中区,山下町,2019-07-19,14,駐車（輪）場,施錠せず,あり
窃盗,車上ねらい,加賀町,山下町,141046,神奈川県,横浜市中区,山下町,2019-09-27,16,,施錠せず,なし
窃盗,車上ねらい,加賀町,山下町,141046,神奈川県,横浜市中区,山下町,2019-11-01,11,その他,施錠せず,なし
窃盗,車上ねらい,加賀町,元町,141046,神奈川県,横浜市中区,新山下１丁目,2019-06-11,18,その他,施錠せず,なし
窃盗,車上ねらい,加賀町,元町,141046,神奈川県,横浜市中区,山下町,2019-05-08,13,駐車（輪）場,施錠せず,なし
窃盗,車上ねらい,磯子,岡村,141071,神奈川県,横浜市磯子区,岡村５丁目,2019-08-21,23,,施錠せず,なし
窃盗,車上ねらい,磯子,岡村,141071,神奈川県,横浜市磯子区,岡村８丁目,2019-07-11,20,,施錠せず,なし
窃盗,車上ねらい,磯子,森,141071,神奈川県,横浜市磯子区,中原３丁目,2019-06-13,01,一戸建住宅,施錠せず,あり
窃盗,車上ねらい,磯子,磯子駅前,141071,神奈川県,横浜市磯子区,磯子３丁目,2019-09-14,12,駐車（輪）場,施錠せず,なし
窃盗,車上ねらい,金沢,洲崎,141089,神奈川県,横浜市金沢区,海の公園,2019-09-15,17,,施錠せず,なし
窃盗,車上ねらい,金沢,六浦川,141089,神奈川県,横浜市金沢区,六浦東３丁目,2019-11-02,20,,施錠せず,あり
窃盗,車上ねらい,金沢,幸浦,141089,神奈川県,横浜市金沢区,福浦２丁目,2019-07-31,17,駐車（輪）場,施錠せず,なし
窃盗,車上ねらい,伊勢佐木,伊勢佐木町,141046,神奈川県,横浜市中区,伊勢佐木町４丁目,2019-09-10,19,駐車（輪）場,施錠せず,なし
窃盗,車上ねらい,伊勢佐木,伊勢佐木町,141046,神奈川県,横浜市中区,長者町７丁目,2019-11-11,16,駐車（輪）場,施錠せず,なし
窃盗,車上ねらい,伊勢佐木,横浜橋,141046,神奈川県,横浜市中区,曙町３丁目,2019-11-05,14,駐車（輪）場,施錠せず,なし
窃盗,車上ねらい,伊勢佐木,長者町,141046,神奈川県,横浜市中区,長者町３丁目,2019-01-02,02,駐車（輪）場,施錠せず,あり
窃盗,車上ねらい,伊勢佐木,寿町,141046,神奈川県,横浜市中区,石川町２丁目,2019-03-30,00,,施錠せず,あり
窃盗,車上ねらい,伊勢佐木,寿町,141046,神奈川県,横浜市中区,松影町３丁目,2019-03-13,10,駐車（輪）場,施錠せず,なし
窃盗,車上ねらい,伊勢佐木,吉田橋,141046,神奈川県,横浜市中区,末広町３丁目,2019-01-31,09,,施錠せず,なし
窃盗,車上ねらい,伊勢佐木,吉田橋,141046,神奈川県,横浜市中区,福富町仲通,2019-02-25,16,駐車（輪）場,施錠せず,あり
窃盗,車上ねらい,伊勢佐木,吉田橋,141046,神奈川県,横浜市中区,福富町仲通,2019-09-22,02,,施錠せず,あり
窃盗,車上ねらい,伊勢佐木,吉田橋,141046,神奈川県,横浜市中区,福富町仲通,2019-10-30,10,駐車（輪）場,施錠せず,あり
窃盗,車上ねらい,伊勢佐木,吉田橋,141046,神奈川県,横浜市中区,福富町西通,2019-06-18,23,,施錠せず,あり
窃盗,車上ねらい,伊勢佐木,吉田橋,141046,神奈川県,横浜市中区,蓬莱町３丁目,2019-12-28,15,駐車（輪）場,施錠せず,あり
窃盗,車上ねらい,伊勢佐木,黄金町,141046,神奈川県,横浜市中区,初音町１丁目,2019-11-17,11,駐車（輪）場,施錠せず,なし
窃盗,車上ねらい,戸部,横浜駅相鉄口,141038,神奈川県,横浜市西区,北幸１丁目,2019-09-05,00,,施錠せず,あり
窃盗,車上ねらい,戸部,横浜駅相鉄口,141038,神奈川県,横浜市西区,北幸２丁目,2019-01-21,13,駐車（輪）場,施錠せず,あり
窃盗,車上ねらい,戸部,横浜駅相鉄口,141038,神奈川県,横浜市西区,南幸１丁目,2019-02-05,17,駐車（輪）場,施錠せず,なし
窃盗,車上ねらい,戸部,高島,141038,神奈川県,横浜市西区,紅葉ケ丘,2019-01-08,13,駐車（輪）場,施錠せず,あり
窃盗,車上ねらい,戸部,浜松町,141038,神奈川県,横浜市西区,浜松町,2019-07-31,20,駐車（輪）場,施錠せず,あり
窃盗,車上ねらい,戸部,藤棚町,141038,神奈川県,横浜市西区,西戸部町３丁目,2019-11-28,12,一戸建住宅,施錠せず,なし
窃盗,車上ねらい,戸部,藤棚町,141038,神奈川県,横浜市西区,藤棚町２丁目,2019-09-30,18,駐車（輪）場,施錠せず,あり
窃盗,車上ねらい,戸部,藤棚町,141038,神奈川県,横浜市西区,藤棚町２丁目,2019-10-01,17,駐車（輪）場,施錠せず,なし
窃盗,車上ねらい,戸部,野毛山公園,141038,神奈川県,横浜市西区,西戸部町１丁目,2019-08-10,22,一戸建住宅,施錠せず,あり
窃盗,車上ねらい,神奈川,東神奈川駅前,141020,神奈川県,横浜市神奈川区,東神奈川２丁目,2019-08-16,21,,施錠せず,あり
窃盗,車上ねらい,神奈川,入江,141020,神奈川県,横浜市神奈川区,神之木台,2019-05-09,17,,施錠せず,あり
窃盗,車上ねらい,神奈川,神之木,141020,神奈川県,横浜市神奈川区,西寺尾１丁目,2019-07-14,12,駐車（輪）場,施錠せず,あり
窃盗,車上ねらい,神奈川,大口駅前,141020,神奈川県,横浜市神奈川区,大口通,2019-11-18,07,駐車（輪）場,施錠せず,なし
窃盗,車上ねらい,神奈川,大口駅前,141020,神奈川県,横浜市神奈川区,西大口,2019-06-16,11,,施錠せず,あり
窃盗,車上ねらい,神奈川,西神奈川,141020,神奈川県,横浜市神奈川区,白楽,2019-09-20,06,駐車（輪）場,施錠せず,あり
窃盗,車上ねらい,神奈川,西神奈川,141020,神奈川県,横浜市神奈川区,平川町,2019-07-05,14,駐車（輪）場,施錠せず,あり
窃盗,車上ねらい,神奈川,六角橋,141020,神奈川県,横浜市神奈川区,六角橋１丁目,2019-12-09,12,駐車（輪）場,施錠せず,あり
窃盗,車上ねらい,神奈川,六角橋,141020,神奈川県,横浜市神奈川区,六角橋４丁目,2019-10-01,05,,施錠せず,あり
窃盗,車上ねらい,神奈川,三ツ沢,141020,神奈川県,横浜市神奈川区,三ツ沢中町,2019-10-26,10,駐車（輪）場,施錠せず,あり
窃盗,車上ねらい,神奈川,沢渡,141020,神奈川県,横浜市神奈川区,沢渡,2019-03-25,10,駐車（輪）場,施錠せず,あり
窃盗,車上ねらい,神奈川,沢渡,141020,神奈川県,横浜市神奈川区,鶴屋町２丁目,2019-07-30,15,駐車（輪）場,施錠せず,あり
窃盗,車上ねらい,神奈川,反町,141020,神奈川県,横浜市神奈川区,旭ケ丘,2019-09-01,13,駐車（輪）場,施錠せず,あり
窃盗,車上ねらい,神奈川,反町,141020,神奈川県,横浜市神奈川区,栗田谷,2019-05-15,10,,施錠せず,なし
窃盗,車上ねらい,神奈川,反町,141020,神奈川県,横浜市神奈川区,松本町２丁目,2019-12-22,12,,施錠せず,あり
窃盗,車上ねらい,神奈川,菅田,141020,神奈川県,横浜市神奈川区,菅田町,2019-09-05,21,,施錠せず,なし
窃盗,車上ねらい,神奈川,羽沢,141020,神奈川県,横浜市神奈川区,羽沢町,2019-03-02,19,その他の住宅（３階建て以下共同住宅等）,施錠せず,なし
窃盗,車上ねらい,神奈川,羽沢,141020,神奈川県,横浜市神奈川区,羽沢町,2019-04-13,20,,施錠せず,なし
窃盗,車上ねらい,鶴見,鶴見駅前,141011,神奈川県,横浜市鶴見区,鶴見中央２丁目,2019-06-05,03,,施錠せず,なし
窃盗,車上ねらい,鶴見,原,141011,神奈川県,横浜市鶴見区,大黒ふ頭,2019-01-01,19,,施錠せず,あり
窃盗,車上ねらい,鶴見,原,141011,神奈川県,横浜市鶴見区,大黒ふ頭,2019-03-12,12,,施錠せず,なし
窃盗,車上ねらい,鶴見,市場,141011,神奈川県,横浜市鶴見区,菅沢町,2019-12-14,08,駐車（輪）場,施錠せず,あり
窃盗,車上ねらい,鶴見,尻手,141011,神奈川県,横浜市鶴見区,元宮２丁目,2019-04-02,08,,施錠せず,なし
窃盗,車上ねらい,鶴見,上末吉,141011,神奈川県,横浜市鶴見区,上末吉５丁目,2019-04-21,16,４階建て以上共同住宅,施錠せず,あり
窃盗,車上ねらい,鶴見,三角,141011,神奈川県,横浜市鶴見区,佃野町,2019-02-08,17,駐車（輪）場,施錠せず,なし
窃盗,車上ねらい,鶴見,鶴見駅西口,141011,神奈川県,横浜市鶴見区,東寺尾東台,2019-05-19,17,一戸建住宅,施錠せず,なし
窃盗,車上ねらい,鶴見,駒岡,141011,神奈川県,横浜市鶴見区,獅子ケ谷３丁目,2019-01-18,19,その他,施錠せず,なし
窃盗,車上ねらい,保土ケ谷,保土ケ谷橋,141062,神奈川県,横浜市保土ケ谷区,瀬戸ケ谷町,2019-09-09,16,駐車（輪）場,施錠せず,なし
窃盗,車上ねらい,保土ケ谷,保土ケ谷橋,141062,神奈川県,横浜市保土ケ谷区,保土ケ谷町１丁目,2019-11-24,13,駐車（輪）場,施錠せず,あり
窃盗,車上ねらい,保土ケ谷,宮田町,141062,神奈川県,横浜市保土ケ谷区,川辺町,2019-03-10,17,,施錠せず,なし
窃盗,車上ねらい,保土ケ谷,宮田町,141062,神奈川県,横浜市保土ケ谷区,天王町２丁目,2019-11-26,11,駐車（輪）場,施錠せず,あり
窃盗,車上ねらい,保土ケ谷,両郡橋,141062,神奈川県,横浜市保土ケ谷区,川島町,2019-11-04,17,一戸建住宅,施錠せず,なし
窃盗,車上ねらい,保土ケ谷,元町橋,141062,神奈川県,横浜市保土ケ谷区,狩場町,2019-11-14,20,駐車（輪）場,施錠せず,あり
窃盗,車上ねらい,保土ケ谷,花見台,141062,神奈川県,横浜市保土ケ谷区,桜ケ丘２丁目,2019-03-25,14,一戸建住宅,施錠せず,なし
窃盗,車上ねらい,保土ケ谷,上菅田町,141062,神奈川県,横浜市保土ケ谷区,,2019-02-02,19,その他,施錠せず,なし
窃盗,車上ねらい,保土ケ谷,上菅田町,141062,神奈川県,横浜市保土ケ谷区,上菅田町,2019-04-13,18,その他,施錠せず,なし
窃盗,車上ねらい,保土ケ谷,上菅田町,141062,神奈川県,横浜市保土ケ谷区,上菅田町,2019-05-28,14,その他,施錠せず,なし
窃盗,車上ねらい,保土ケ谷,上菅田町,141062,神奈川県,横浜市保土ケ谷区,上菅田町,2019-10-29,19,一戸建住宅,施錠せず,なし
窃盗,車上ねらい,港南,上大岡駅前,141119,神奈川県,横浜市港南区,上大岡西１丁目,2019-06-14,22,駐車（輪）場,施錠せず,なし
窃盗,車上ねらい,港南,上大岡駅前,141119,神奈川県,横浜市港南区,最戸１丁目,2019-04-12,16,その他,施錠せず,なし
窃盗,車上ねらい,港南,芹が谷,141119,神奈川県,横浜市港南区,芹が谷５丁目,2019-03-08,20,駐車（輪）場,施錠せず,あり
窃盗,車上ねらい,港南,芹が谷,141119,神奈川県,横浜市港南区,下永谷１丁目,2019-09-23,22,駐車（輪）場,施錠せず,なし
窃盗,車上ねらい,港南,芹が谷,141119,神奈川県,横浜市港南区,下永谷２丁目,2019-07-24,12,４階建て以上共同住宅,施錠せず,あり
窃盗,車上ねらい,港南,野庭,141119,神奈川県,横浜市港南区,野庭町,2019-05-23,07,,施錠せず,あり
窃盗,車上ねらい,港南,上永谷駅前,141119,神奈川県,横浜市港南区,上永谷３丁目,2019-01-04,16,,施錠せず,なし
窃盗,車上ねらい,港南,上永谷駅前,141119,神奈川県,横浜市港南区,上永谷４丁目,2019-05-13,18,一戸建住宅,施錠せず,なし
窃盗,車上ねらい,緑,十日市場駅前,141135,神奈川県,横浜市緑区,十日市場町,2019-07-27,15,駐車（輪）場,施錠せず,なし
窃盗,車上ねらい,緑,鴨居駅前,141135,神奈川県,横浜市緑区,鴨居５丁目,2019-12-18,00,,施錠せず,なし
窃盗,車上ねらい,緑,霧が丘,141135,神奈川県,横浜市緑区,霧が丘２丁目,2019-05-25,22,,施錠せず,なし
窃盗,車上ねらい,緑,中山駅前,141135,神奈川県,横浜市緑区,寺山町,2019-01-30,23,一戸建住宅,施錠せず,なし
窃盗,車上ねらい,緑,中山駅前,141135,神奈川県,横浜市緑区,三保町,2019-02-14,12,駐車（輪）場,施錠せず,あり
窃盗,車上ねらい,港北,菊名駅前,141097,神奈川県,横浜市港北区,菊名６丁目,2019-02-05,16,,施錠せず,あり
窃盗,車上ねらい,港北,樽町,141097,神奈川県,横浜市港北区,樽町３丁目,2019-07-31,20,その他,施錠せず,なし
窃盗,車上ねらい,港北,樽町,141097,神奈川県,横浜市港北区,大曽根２丁目,2019-05-05,16,駐車（輪）場,施錠せず,あり
窃盗,車上ねらい,港北,日吉駅前,141097,神奈川県,横浜市港北区,日吉本町１丁目,2019-08-06,09,駐車（輪）場,施錠せず,あり
窃盗,車上ねらい,港北,吉田口,141097,神奈川県,横浜市港北区,綱島西４丁目,2019-01-15,19,,施錠せず,なし
窃盗,車上ねらい,港北,小机,141097,神奈川県,横浜市港北区,小机町,2019-06-15,09,,施錠せず,なし
窃盗,車上ねらい,港北,小机,141097,神奈川県,横浜市港北区,小机町,2019-08-08,17,,施錠せず,なし
窃盗,車上ねらい,港北,新横浜駅前,141097,神奈川県,横浜市港北区,岸根町,2019-10-15,13,駐車（輪）場,施錠せず,あり
窃盗,車上ねらい,港北,新横浜駅前,141097,神奈川県,横浜市港北区,大豆戸町,2018-12-28,16,,施錠せず,なし
窃盗,車上ねらい,港北,新横浜駅前,141097,神奈川県,横浜市港北区,大豆戸町,2019-04-11,21,,施錠せず,あり
窃盗,車上ねらい,港北,高田,141097,神奈川県,横浜市港北区,高田東４丁目,2019-03-30,16,その他,施錠せず,なし
窃盗,車上ねらい,港北,新羽駅前,141097,神奈川県,横浜市港北区,新羽町,2019-05-04,10,駐車（輪）場,施錠せず,なし
窃盗,車上ねらい,港北,綱島駅前,141097,神奈川県,横浜市港北区,綱島西１丁目,2019-03-11,04,駐車（輪）場,施錠せず,あり
窃盗,車上ねらい,港北,綱島駅前,141097,神奈川県,横浜市港北区,綱島西２丁目,2019-09-24,08,駐車（輪）場,施錠せず,なし
窃盗,車上ねらい,瀬谷,瀬谷駅前,141143,神奈川県,横浜市瀬谷区,瀬谷１丁目,2019-09-03,17,,施錠せず,なし
窃盗,車上ねらい,瀬谷,瀬谷駅前,141143,神奈川県,横浜市瀬谷区,瀬谷５丁目,2019-09-17,16,その他,施錠せず,あり
窃盗,車上ねらい,瀬谷,瀬谷駅前,141143,神奈川県,横浜市瀬谷区,相沢７丁目,2019-05-22,15,駐車（輪）場,施錠せず,あり
窃盗,車上ねらい,瀬谷,瀬谷駅前,141143,神奈川県,横浜市瀬谷区,中央,2019-03-28,18,,施錠せず,なし
窃盗,車上ねらい,瀬谷,南台,141143,神奈川県,横浜市瀬谷区,三ツ境,2019-07-04,12,,施錠せず,なし
窃盗,車上ねらい,瀬谷,南台,141143,神奈川県,横浜市瀬谷区,橋戸１丁目,2019-05-01,09,駐車（輪）場,施錠せず,あり
窃盗,車上ねらい,瀬谷,南台,141143,神奈川県,横浜市瀬谷区,橋戸２丁目,2019-11-28,21,一戸建住宅,施錠せず,あり
窃盗,車上ねらい,瀬谷,南台,141143,神奈川県,横浜市瀬谷区,宮沢４丁目,2019-09-19,06,その他,施錠せず,なし
窃盗,車上ねらい,瀬谷,阿久和町,141143,神奈川県,横浜市瀬谷区,阿久和東２丁目,2019-10-04,18,駐車（輪）場,施錠せず,あり
窃盗,車上ねらい,瀬谷,阿久和町,141143,神奈川県,横浜市瀬谷区,阿久和東３丁目,2019-02-08,21,その他,施錠せず,なし
窃盗,車上ねらい,瀬谷,細谷戸,141143,神奈川県,横浜市瀬谷区,東野,2019-05-09,15,駐車（輪）場,施錠せず,あり
窃盗,車上ねらい,瀬谷,細谷戸,141143,神奈川県,横浜市瀬谷区,相沢７丁目,2019-05-05,10,駐車（輪）場,施錠せず,なし
窃盗,車上ねらい,栄,本郷台駅前,141151,神奈川県,横浜市栄区,小山台１丁目,2019-12-14,17,,施錠せず,あり
窃盗,車上ねらい,栄,上郷,141151,神奈川県,横浜市栄区,桂台西１丁目,2019-03-02,09,駐車（輪）場,施錠せず,あり
窃盗,車上ねらい,栄,上郷,141151,神奈川県,横浜市栄区,桂台西１丁目,2019-03-25,10,駐車（輪）場,施錠せず,あり
窃盗,車上ねらい,栄,上郷,141151,神奈川県,横浜市栄区,桂台西１丁目,2019-04-23,09,駐車（輪）場,施錠せず,なし
窃盗,車上ねらい,栄,上郷,141151,神奈川県,横浜市栄区,桂台西１丁目,2019-07-27,14,駐車（輪）場,施錠せず,あり
窃盗,車上ねらい,栄,上郷,141151,神奈川県,横浜市栄区,桂台西１丁目,2019-11-28,08,駐車（輪）場,施錠せず,なし
窃盗,車上ねらい,栄,上郷,141151,神奈川県,横浜市栄区,桂台西２丁目,2019-07-10,15,駐車（輪）場,施錠せず,あり
窃盗,車上ねらい,栄,上郷,141151,神奈川県,横浜市栄区,桂台西２丁目,2019-11-28,11,駐車（輪）場,施錠せず,なし
窃盗,車上ねらい,栄,笠間,141151,神奈川県,横浜市栄区,笠間５丁目,2019-03-20,14,,施錠せず,なし
窃盗,車上ねらい,栄,田谷,141151,神奈川県,横浜市栄区,金井町,2019-10-13,16,一戸建住宅,施錠せず,なし
窃盗,車上ねらい,栄,元大橋,141151,神奈川県,横浜市栄区,中野町,2019-02-10,11,一戸建住宅,施錠せず,あり
窃盗,車上ねらい,栄,豊田,141151,神奈川県,横浜市栄区,飯島町,2019-09-02,12,,施錠せず,なし
窃盗,車上ねらい,青葉,青葉台駅前,141178,神奈川県,横浜市青葉区,青葉台２丁目,2019-10-19,15,駐車（輪）場,施錠せず,あり
窃盗,車上ねらい,青葉,青葉台駅前,141178,神奈川県,横浜市青葉区,しらとり台,2019-08-11,16,一戸建住宅,施錠せず,あり
窃盗,車上ねらい,青葉,たまプラーザ駅前,141178,神奈川県,横浜市青葉区,美しが丘２丁目,2018-10-29,10,駐車（輪）場,施錠せず,あり
窃盗,車上ねらい,青葉,藤が丘駅前,141178,神奈川県,横浜市青葉区,つつじが丘,2019-09-22,09,駐車（輪）場,施錠せず,あり
窃盗,車上ねらい,青葉,藤が丘駅前,141178,神奈川県,横浜市青葉区,藤が丘２丁目,2019-09-07,09,駐車（輪）場,施錠せず,あり
窃盗,車上ねらい,青葉,あざみ野駅前,141178,神奈川県,横浜市青葉区,あざみ野２丁目,2019-02-22,11,その他,施錠せず,あり
窃盗,車上ねらい,青葉,鴨志田,141178,神奈川県,横浜市青葉区,寺家町,2019-01-26,17,,施錠せず,なし
窃盗,車上ねらい,青葉,田奈駅前,141178,神奈川県,横浜市青葉区,恩田町,2019-01-31,09,,施錠せず,なし
窃盗,車上ねらい,青葉,こどもの国駅前,141178,神奈川県,横浜市青葉区,奈良町,2019-06-30,20,駐車（輪）場,施錠せず,あり
窃盗,車上ねらい,都筑,池辺町,141186,神奈川県,横浜市都筑区,池辺町,2019-12-29,16,駐車（輪）場,施錠せず,なし
窃盗,車上ねらい,都筑,荏田東,141186,神奈川県,横浜市都筑区,荏田南５丁目,2019-11-30,15,一戸建住宅,施錠せず,あり
窃盗,車上ねらい,都筑,荏田東,141186,神奈川県,横浜市都筑区,荏田南町,2019-08-19,18,,施錠せず,なし
窃盗,車上ねらい,都筑,中川駅前,141186,神奈川県,横浜市都筑区,牛久保町,2019-07-09,17,,施錠せず,あり
窃盗,車上ねらい,都筑,川和,141186,神奈川県,横浜市都筑区,川和町,2019-12-28,08,駐車（輪）場,施錠せず,あり
窃盗,車上ねらい,都筑,川和,141186,神奈川県,横浜市都筑区,佐江戸町,2019-12-14,13,駐車（輪）場,施錠せず,あり
窃盗,車上ねらい,都筑,センター北駅前,141186,神奈川県,横浜市都筑区,牛久保西１丁目,2019-08-09,12,その他,施錠せず,なし
窃盗,車上ねらい,都筑,センター北駅前,141186,神奈川県,横浜市都筑区,茅ケ崎中央,2019-06-21,09,駐車（輪）場,施錠せず,なし
窃盗,車上ねらい,麻生,南王禅寺,141372,神奈川県,川崎市麻生区,王禅寺,2019-03-24,12,,施錠せず,あり
窃盗,車上ねらい,麻生,柿生,141372,神奈川県,川崎市麻生区,王禅寺東５丁目,2019-01-21,08,駐車（輪）場,施錠せず,あり
窃盗,車上ねらい,麻生,栗平駅前,141372,神奈川県,川崎市麻生区,栗平１丁目,2019-04-27,09,駐車（輪）場,施錠せず,あり
窃盗,車上ねらい,川崎,渡田,141313,神奈川県,川崎市川崎区,渡田２丁目,2019-07-06,22,その他,施錠せず,あり
窃盗,車上ねらい,川崎,渡田,141313,神奈川県,川崎市川崎区,渡田向町,2019-10-10,16,その他,施錠せず,あり
窃盗,車上ねらい,川崎,小田,141313,神奈川県,川崎市川崎区,小田２丁目,2019-07-19,13,駐車（輪）場,施錠せず,あり
窃盗,車上ねらい,川崎,小田,141313,神奈川県,川崎市川崎区,小田２丁目,2019-08-15,16,駐車（輪）場,施錠せず,あり
窃盗,車上ねらい,川崎,小田,141313,神奈川県,川崎市川崎区,小田５丁目,2019-05-09,08,その他,施錠せず,あり
窃盗,車上ねらい,川崎,小田,141313,神奈川県,川崎市川崎区,小田５丁目,2019-05-09,09,駐車（輪）場,施錠せず,あり
窃盗,車上ねらい,川崎,浅田,141313,神奈川県,川崎市川崎区,浅田２丁目,2019-07-28,08,駐車（輪）場,施錠せず,あり
窃盗,車上ねらい,川崎,浅田,141313,神奈川県,川崎市川崎区,浅田３丁目,2019-11-13,12,駐車（輪）場,施錠せず,なし
窃盗,車上ねらい,川崎,浅田,141313,神奈川県,川崎市川崎区,浅田４丁目,2019-07-23,18,,施錠せず,なし
窃盗,車上ねらい,川崎,浅田,141313,神奈川県,川崎市川崎区,小田４丁目,2019-07-10,10,駐車（輪）場,施錠せず,あり
窃盗,車上ねらい,川崎,浅田,141313,神奈川県,川崎市川崎区,小田４丁目,2019-07-18,16,その他,施錠せず,あり
窃盗,車上ねらい,川崎,浅田,141313,神奈川県,川崎市川崎区,京町３丁目,2019-08-03,07,その他,施錠せず,なし
窃盗,車上ねらい,川崎,藤崎,141313,神奈川県,川崎市川崎区,藤崎４丁目,2019-04-22,10,駐車（輪）場,施錠せず,あり
窃盗,車上ねらい,川崎,富士見公園,141313,神奈川県,川崎市川崎区,境町,2019-12-07,18,４階建て以上共同住宅,施錠せず,なし
窃盗,車上ねらい,川崎,川崎駅前,141313,神奈川県,川崎市川崎区,砂子２丁目,2019-11-02,14,駐車（輪）場,施錠せず,あり
窃盗,車上ねらい,川崎,川崎駅前,141313,神奈川県,川崎市川崎区,小川町,2019-09-17,11,駐車（輪）場,施錠せず,あり
窃盗,車上ねらい,川崎,川崎駅前,141313,神奈川県,川崎市川崎区,日進町,2019-02-01,19,駐車（輪）場,施錠せず,なし
窃盗,車上ねらい,川崎,南町,141313,神奈川県,川崎市川崎区,貝塚１丁目,2018-10-28,17,駐車（輪）場,施錠せず,なし
窃盗,車上ねらい,川崎,南町,141313,神奈川県,川崎市川崎区,貝塚１丁目,2019-09-15,18,駐車（輪）場,施錠せず,なし
窃盗,車上ねらい,川崎,南町,141313,神奈川県,川崎市川崎区,東田町,2019-09-23,21,駐車（輪）場,施錠せず,あり
窃盗,車上ねらい,川崎,南町,141313,神奈川県,川崎市川崎区,東田町,2019-10-05,02,,施錠せず,あり
窃盗,車上ねらい,川崎臨港,,141313,神奈川県,川崎市川崎区,大師公園,2019-03-26,16,その他,施錠せず,あり
窃盗,車上ねらい,川崎臨港,浜町,141313,神奈川県,川崎市川崎区,池上新町２丁目,2019-06-12,13,駐車（輪）場,施錠せず,あり
窃盗,車上ねらい,川崎臨港,浜町,141313,神奈川県,川崎市川崎区,桜本２丁目,2019-05-31,10,駐車（輪）場,施錠せず,あり
窃盗,車上ねらい,川崎臨港,浜町,141313,神奈川県,川崎市川崎区,浜町３丁目,2019-04-23,06,その他の住宅（３階建て以下共同住宅等）,施錠せず,なし
窃盗,車上ねらい,川崎臨港,出来野,141313,神奈川県,川崎市川崎区,江川２丁目,2019-10-16,20,,施錠せず,なし
窃盗,車上ねらい,中原,武蔵小杉駅前,141330,神奈川県,川崎市中原区,小杉町３丁目,2019-05-19,14,その他,施錠せず,あり
窃盗,車上ねらい,中原,小杉,141330,神奈川県,川崎市中原区,小杉御殿町２丁目,2019-11-20,10,駐車（輪）場,施錠せず,あり
窃盗,車上ねらい,中原,武蔵中原駅前,141330,神奈川県,川崎市中原区,上小田中６丁目,2019-01-11,17,,施錠せず,あり
窃盗,車上ねらい,中原,武蔵中原駅前,141330,神奈川県,川崎市中原区,上小田中６丁目,2019-11-16,13,駐車（輪）場,施錠せず,あり
窃盗,車上ねらい,中原,木月三丁目,141330,神奈川県,川崎市中原区,木月３丁目,2019-10-06,20,駐車（輪）場,施錠せず,あり
窃盗,車上ねらい,高津,溝口駅前,141348,神奈川県,川崎市高津区,下作延１丁目,2019-07-19,15,駐車（輪）場,施錠せず,なし
窃盗,車上ねらい,高津,溝口駅前,141348,神奈川県,川崎市高津区,溝口１丁目,2019-07-07,07,,施錠せず,なし
窃盗,車上ねらい,高津,溝口駅前,141348,神奈川県,川崎市高津区,溝口２丁目,2019-01-08,18,駐車（輪）場,施錠せず,あり
窃盗,車上ねらい,高津,北見方,141348,神奈川県,川崎市高津区,下野毛３丁目,2019-01-15,08,,施錠せず,あり
窃盗,車上ねらい,高津,北見方,141348,神奈川県,川崎市高津区,溝口３丁目,2019-09-12,09,駐車（輪）場,施錠せず,あり
窃盗,車上ねらい,高津,千年,141348,神奈川県,川崎市高津区,子母口,2019-08-01,18,,施錠せず,あり
窃盗,車上ねらい,高津,久末,141348,神奈川県,川崎市高津区,,2019-05-30,18,,施錠せず,なし
窃盗,車上ねらい,高津,末長,141348,神奈川県,川崎市高津区,梶ケ谷３丁目,2019-11-16,12,駐車（輪）場,施錠せず,あり
窃盗,車上ねらい,高津,二子新地駅前,141348,神奈川県,川崎市高津区,久地１丁目,2019-07-21,13,駐車（輪）場,施錠せず,あり
窃盗,車上ねらい,多摩,菅,141356,神奈川県,川崎市多摩区,菅１丁目,2019-12-20,13,その他,施錠せず,あり
窃盗,車上ねらい,多摩,菅,141356,神奈川県,川崎市多摩区,菅１丁目,2019-12-22,17,駐車（輪）場,施錠せず,なし
窃盗,車上ねらい,多摩,菅,141356,神奈川県,川崎市多摩区,菅５丁目,2019-04-13,13,一戸建住宅,施錠せず,あり
窃盗,車上ねらい,多摩,菅,141356,神奈川県,川崎市多摩区,菅野戸呂,2019-09-29,13,,施錠せず,なし
窃盗,車上ねらい,多摩,宿河原,141356,神奈川県,川崎市多摩区,宿河原２丁目,2019-03-15,15,,施錠せず,なし
窃盗,車上ねらい,多摩,生田,141356,神奈川県,川崎市多摩区,生田３丁目,2019-12-30,04,その他の住宅（３階建て以下共同住宅等）,施錠せず,あり
窃盗,車上ねらい,幸,川崎駅西口,141321,神奈川県,川崎市幸区,大宮町,2019-08-20,23,その他,施錠せず,あり
窃盗,車上ねらい,宮前,鷺沼駅前,141364,神奈川県,川崎市宮前区,鷺沼１丁目,2019-04-01,21,,施錠せず,なし
窃盗,車上ねらい,宮前,鷺沼駅前,141364,神奈川県,川崎市宮前区,犬蔵２丁目,2019-09-23,09,,施錠せず,あり
窃盗,車上ねらい,宮前,神木,141364,神奈川県,川崎市宮前区,神木本町４丁目,2019-09-07,16,,施錠せず,なし
窃盗,車上ねらい,横須賀,三春町三丁目,142018,神奈川県,横須賀市,三春町６丁目,2019-03-25,09,一戸建住宅,施錠せず,あり
窃盗,車上ねらい,横須賀,上町三丁目,142018,神奈川県,横須賀市,不入斗町１丁目,2019-02-18,16,その他,施錠せず,あり
窃盗,車上ねらい,横須賀,池上,142018,神奈川県,横須賀市,池上４丁目,2019-11-24,21,駐車（輪）場,施錠せず,なし
窃盗,車上ねらい,横須賀,武,142018,神奈川県,横須賀市,武１丁目,2019-03-19,13,駐車（輪）場,施錠せず,なし
窃盗,車上ねらい,横須賀,芦名,142018,神奈川県,横須賀市,佐島の丘１丁目,2019-04-17,07,,施錠せず,なし
窃盗,車上ねらい,田浦,浦郷町,142018,神奈川県,横須賀市,追浜東町１丁目,2019-08-11,05,一戸建住宅,施錠せず,あり
窃盗,車上ねらい,浦賀,北久里浜駅前,142018,神奈川県,横須賀市,池田町３丁目,2019-02-18,18,その他の住宅（３階建て以下共同住宅等）,施錠せず,なし
窃盗,車上ねらい,浦賀,北久里浜駅前,142018,神奈川県,横須賀市,池田町３丁目,2019-02-24,19,４階建て以上共同住宅,施錠せず,なし
窃盗,車上ねらい,浦賀,久里浜海岸,142018,神奈川県,横須賀市,久里浜９丁目,2019-05-13,08,その他,施錠せず,あり
窃盗,車上ねらい,藤沢北,善行,142051,神奈川県,藤沢市,大庭,2019-02-05,06,その他,施錠せず,あり
窃盗,車上ねらい,藤沢北,善行,142051,神奈川県,藤沢市,善行４丁目,2019-10-21,14,その他,施錠せず,あり
窃盗,車上ねらい,藤沢北,善行,142051,神奈川県,藤沢市,善行６丁目,2019-10-23,22,一戸建住宅,施錠せず,なし
窃盗,車上ねらい,藤沢北,善行,142051,神奈川県,藤沢市,白旗４丁目,2019-12-04,12,その他,施錠せず,あり
窃盗,車上ねらい,藤沢北,長後駅前,142051,神奈川県,藤沢市,下土棚,2019-02-01,19,一戸建住宅,施錠せず,なし
窃盗,車上ねらい,藤沢北,湘南台駅西口,142051,神奈川県,藤沢市,湘南台２丁目,2019-10-24,22,,施錠せず,なし
窃盗,車上ねらい,藤沢北,湘南台駅西口,142051,神奈川県,藤沢市,湘南台２丁目,2019-12-19,15,その他,施錠せず,あり
窃盗,車上ねらい,藤沢北,湘南台駅西口,142051,神奈川県,藤沢市,湘南台３丁目,2019-10-23,11,駐車（輪）場,施錠せず,あり
窃盗,車上ねらい,藤沢北,湘南台駅西口,142051,神奈川県,藤沢市,湘南台４丁目,2018-12-02,16,駐車（輪）場,施錠せず,あり
窃盗,車上ねらい,藤沢北,御所見,142051,神奈川県,藤沢市,打戻,2019-04-24,18,一戸建住宅,施錠せず,あり
窃盗,車上ねらい,藤沢北,御所見,142051,神奈川県,藤沢市,葛原,2019-02-22,23,一戸建住宅,施錠せず,なし
窃盗,車上ねらい,藤沢北,御所見,142051,神奈川県,藤沢市,用田,2019-03-02,12,その他,施錠せず,なし
窃盗,車上ねらい,藤沢北,湘南ライフタウン,142051,神奈川県,藤沢市,大庭,2019-08-12,15,その他,施錠せず,あり
窃盗,車上ねらい,三崎,六合,142107,神奈川県,三浦市,天神町,2019-11-20,16,駐車（輪）場,施錠せず,あり
窃盗,車上ねらい,三崎,初声,142107,神奈川県,三浦市,初声町和田,2019-06-22,15,駐車（輪）場,施錠せず,あり
窃盗,車上ねらい,三崎,三崎口駅前,142107,神奈川県,三浦市,初声町下宮田,2019-12-24,19,一戸建住宅,施錠せず,あり
窃盗,車上ねらい,葉山,堀内,143014,神奈川県,葉山町,下山口,2019-09-10,07,その他,施錠せず,あり
窃盗,車上ねらい,逗子,逗子駅前,142085,神奈川県,逗子市,逗子２丁目,2019-12-27,23,駐車（輪）場,施錠せず,なし
窃盗,車上ねらい,逗子,新逗子駅前,142085,神奈川県,逗子市,逗子３丁目,2019-07-12,09,その他,施錠せず,あり
窃盗,車上ねらい,逗子,池子,142085,神奈川県,逗子市,池子２丁目,2019-07-06,11,一戸建住宅,施錠せず,なし
窃盗,車上ねらい,鎌倉,深沢,142042,神奈川県,鎌倉市,手広２丁目,2019-06-01,14,駐車（輪）場,施錠せず,あり
窃盗,車上ねらい,鎌倉,腰越,142042,神奈川県,鎌倉市,腰越２丁目,2019-08-08,20,一戸建住宅,施錠せず,なし
窃盗,車上ねらい,鎌倉,御成,142042,神奈川県,鎌倉市,御成町,2019-08-22,17,駐車（輪）場,施錠せず,あり
窃盗,車上ねらい,鎌倉,御成,142042,神奈川県,鎌倉市,佐助１丁目,2019-08-08,13,一戸建住宅,施錠せず,あり
窃盗,車上ねらい,大船,大船駅前,142042,神奈川県,鎌倉市,大船１丁目,2019-05-17,10,駐車（輪）場,施錠せず,なし
窃盗,車上ねらい,藤沢,藤沢駅北口,142051,神奈川県,藤沢市,朝日町,2019-11-16,20,,施錠せず,あり
窃盗,車上ねらい,藤沢,藤沢駅北口,142051,神奈川県,藤沢市,藤沢,2019-01-21,12,その他の住宅（３階建て以下共同住宅等）,施錠せず,あり
窃盗,車上ねらい,藤沢,本町白旗,142051,神奈川県,藤沢市,藤沢２丁目,2019-11-16,16,,施錠せず,あり
窃盗,車上ねらい,藤沢,辻堂駅前,142051,神奈川県,藤沢市,辻堂１丁目,2019-04-24,11,駐車（輪）場,施錠せず,なし
窃盗,車上ねらい,藤沢,辻堂駅前,142051,神奈川県,藤沢市,辻堂元町３丁目,2019-08-20,14,,施錠せず,あり
窃盗,車上ねらい,藤沢,浜見山,142051,神奈川県,藤沢市,辻堂西海岸３丁目,2019-01-22,08,その他,施錠せず,あり
窃盗,車上ねらい,藤沢,片瀬江の島,142051,神奈川県,藤沢市,片瀬２丁目,2019-08-25,01,駐車（輪）場,施錠せず,あり
窃盗,車上ねらい,藤沢,鵠沼海岸駅前,142051,神奈川県,藤沢市,鵠沼松が岡２丁目,2019-12-23,09,一戸建住宅,施錠せず,あり
窃盗,車上ねらい,藤沢,川名,142051,神奈川県,藤沢市,川名,2019-05-25,17,その他,施錠せず,なし
窃盗,車上ねらい,茅ケ崎,茅ケ崎駅南口,142077,神奈川県,茅ヶ崎市,東海岸北４丁目,2019-04-12,20,一戸建住宅,施錠せず,あり
窃盗,車上ねらい,茅ケ崎,平和町,142077,神奈川県,茅ヶ崎市,浜須賀,2019-03-28,15,一戸建住宅,施錠せず,あり
窃盗,車上ねらい,茅ケ崎,平和町,142077,神奈川県,茅ヶ崎市,松が丘１丁目,2019-01-10,12,その他,施錠せず,あり
窃盗,車上ねらい,茅ケ崎,今宿,142077,神奈川県,茅ヶ崎市,萩園,2019-10-11,18,,施錠せず,なし
窃盗,車上ねらい,茅ケ崎,浜竹,142077,神奈川県,茅ヶ崎市,浜竹３丁目,2019-05-02,18,一戸建住宅,施錠せず,なし
窃盗,車上ねらい,茅ケ崎,浜竹,142077,神奈川県,茅ヶ崎市,富士見町,2019-02-14,08,駐車（輪）場,施錠せず,なし
窃盗,車上ねらい,茅ケ崎,浜竹,142077,神奈川県,茅ヶ崎市,松浪１丁目,2019-01-10,14,駐車（輪）場,施錠せず,あり
窃盗,車上ねらい,茅ケ崎,岡田,143219,神奈川県,寒川町,岡田５丁目,2019-02-15,19,,施錠せず,なし
窃盗,車上ねらい,茅ケ崎,宮山,143219,神奈川県,寒川町,倉見,2019-01-27,18,一戸建住宅,施錠せず,あり
窃盗,車上ねらい,茅ケ崎,宮山,143219,神奈川県,寒川町,倉見,2019-02-01,18,,施錠せず,なし
窃盗,車上ねらい,茅ケ崎,東海岸,142077,神奈川県,茅ヶ崎市,東海岸北５丁目,2019-01-10,17,,施錠せず,あり
窃盗,車上ねらい,茅ケ崎,小出,142077,神奈川県,茅ヶ崎市,行谷,2019-08-05,17,一戸建住宅,施錠せず,なし
窃盗,車上ねらい,茅ケ崎,寒川駅前,143219,神奈川県,寒川町,大曲３丁目,2019-02-24,12,その他,施錠せず,あり
窃盗,車上ねらい,茅ケ崎,寒川駅前,143219,神奈川県,寒川町,岡田,2019-08-03,14,,施錠せず,あり
窃盗,車上ねらい,茅ケ崎,寒川駅前,143219,神奈川県,寒川町,中瀬,2019-04-24,21,４階建て以上共同住宅,施錠せず,なし
窃盗,車上ねらい,平塚,平塚駅前,142034,神奈川県,平塚市,天沼,2019-02-15,20,駐車（輪）場,施錠せず,なし
窃盗,車上ねらい,平塚,代官町,142034,神奈川県,平塚市,松風町,2019-05-04,21,その他の住宅（３階建て以下共同住宅等）,施錠せず,あり
窃盗,車上ねらい,平塚,代官町,142034,神奈川県,平塚市,八重咲町,2019-08-28,22,駐車（輪）場,施錠せず,なし
窃盗,車上ねらい,平塚,花水台,142034,神奈川県,平塚市,撫子原,2019-08-08,01,駐車（輪）場,施錠せず,なし
窃盗,車上ねらい,平塚,花水台,142034,神奈川県,平塚市,虹ケ浜,2018-12-24,22,４階建て以上共同住宅,施錠せず,なし
窃盗,車上ねらい,平塚,花水台,142034,神奈川県,平塚市,桃浜町,2019-03-02,16,一戸建住宅,施錠せず,あり
窃盗,車上ねらい,平塚,四之宮,142034,神奈川県,平塚市,四之宮３丁目,2019-09-30,09,,施錠せず,なし
窃盗,車上ねらい,平塚,金目,142034,神奈川県,平塚市,片岡,2019-01-07,17,駐車（輪）場,施錠せず,なし
窃盗,車上ねらい,平塚,旭,142034,神奈川県,平塚市,河内,2019-12-14,21,一戸建住宅,施錠せず,なし
窃盗,車上ねらい,平塚,旭,142034,神奈川県,平塚市,万田,2019-03-10,12,,施錠せず,あり
窃盗,車上ねらい,平塚,旭,142034,神奈川県,平塚市,万田,2019-11-02,23,,施錠せず,あり
窃盗,車上ねらい,平塚,旭,142034,神奈川県,平塚市,万田,2019-12-08,23,,施錠せず,あり
窃盗,車上ねらい,平塚,根坂間,142034,神奈川県,平塚市,めぐみが丘２丁目,2019-02-24,18,一戸建住宅,施錠せず,あり
窃盗,車上ねらい,平塚,金田,142034,神奈川県,平塚市,寺田縄,2019-04-10,14,一戸建住宅,施錠せず,あり
窃盗,車上ねらい,平塚,真土,142034,神奈川県,平塚市,西真土１丁目,2019-08-22,15,その他の住宅（３階建て以下共同住宅等）,施錠せず,あり
窃盗,車上ねらい,平塚,真土,142034,神奈川県,平塚市,西真土４丁目,2019-08-09,05,駐車（輪）場,施錠せず,なし
窃盗,車上ねらい,平塚,真土,142034,神奈川県,平塚市,東真土４丁目,2019-08-16,17,,施錠せず,なし
窃盗,車上ねらい,大磯,大磯駅前,143413,神奈川県,大磯町,大磯,2019-09-07,12,駐車（輪）場,施錠せず,あり
窃盗,車上ねらい,大磯,山西,143421,神奈川県,二宮町,山西,2019-11-11,10,,施錠せず,あり
窃盗,車上ねらい,小田原,三の丸,142069,神奈川県,小田原市,南町２丁目,2019-07-09,12,,施錠せず,なし
窃盗,車上ねらい,小田原,小田原駅西口,142069,神奈川県,小田原市,城山３丁目,2019-04-04,14,駐車（輪）場,施錠せず,なし
窃盗,車上ねらい,小田原,足柄,142069,神奈川県,小田原市,扇町５丁目,2019-01-12,21,一戸建住宅,施錠せず,あり
窃盗,車上ねらい,小田原,酒匂,142069,神奈川県,小田原市,西酒匂３丁目,2019-10-15,19,一戸建住宅,施錠せず,なし
窃盗,車上ねらい,小田原,富水駅前,142069,神奈川県,小田原市,飯田岡,2019-02-11,14,その他,施錠せず,なし
窃盗,車上ねらい,小田原,栢山駅前,142069,神奈川県,小田原市,栢山,2019-10-20,14,その他,施錠せず,あり
窃盗,車上ねらい,小田原,宮ノ下,143821,神奈川県,箱根町,宮ノ下,2019-02-02,07,その他,施錠せず,あり
窃盗,車上ねらい,小田原,湯河原,143847,神奈川県,湯河原町,吉浜,2019-05-23,17,一戸建住宅,施錠せず,あり
窃盗,車上ねらい,小田原,板橋,142069,神奈川県,小田原市,板橋,2019-04-12,16,一戸建住宅,施錠せず,なし
窃盗,車上ねらい,小田原,板橋,142069,神奈川県,小田原市,板橋,2019-04-27,21,駐車（輪）場,施錠せず,あり
窃盗,車上ねらい,小田原,久野,142069,神奈川県,小田原市,久野,2019-07-17,16,,施錠せず,なし
窃盗,車上ねらい,小田原,豊川,142069,神奈川県,小田原市,飯泉,2019-03-02,02,その他の住宅（３階建て以下共同住宅等）,施錠せず,なし
窃盗,車上ねらい,小田原,豊川,142069,神奈川県,小田原市,飯泉,2019-03-14,14,駐車（輪）場,施錠せず,なし
窃盗,車上ねらい,小田原,上府中,142069,神奈川県,小田原市,高田,2019-01-24,03,その他の住宅（３階建て以下共同住宅等）,施錠せず,なし
窃盗,車上ねらい,小田原,鴨宮川東,142069,神奈川県,小田原市,鴨宮,2019-10-25,10,駐車（輪）場,施錠せず,あり
窃盗,車上ねらい,小田原,鴨宮川東,142069,神奈川県,小田原市,下堀,2019-11-16,12,一戸建住宅,施錠せず,あり
窃盗,車上ねらい,小田原,鴨宮川東,142069,神奈川県,小田原市,下堀,2019-11-19,18,一戸建住宅,施錠せず,あり
窃盗,車上ねらい,小田原,鴨宮川東,142069,神奈川県,小田原市,中里,2019-10-30,17,駐車（輪）場,施錠せず,なし
窃盗,車上ねらい,小田原,鴨宮川東,142069,神奈川県,小田原市,中里,2019-11-01,17,駐車（輪）場,施錠せず,なし
窃盗,車上ねらい,小田原,鴨宮川東,142069,神奈川県,小田原市,前川,2019-02-04,19,駐車（輪）場,施錠せず,なし
窃盗,車上ねらい,小田原,鴨宮川東,142069,神奈川県,小田原市,前川,2019-03-26,16,,施錠せず,なし
窃盗,車上ねらい,小田原,鴨宮川東,142069,神奈川県,小田原市,前川,2019-12-06,10,駐車（輪）場,施錠せず,なし
窃盗,車上ねらい,松田,福沢,142174,神奈川県,南足柄市,怒田,2019-10-13,13,一戸建住宅,施錠せず,あり
窃盗,車上ねらい,秦野,秦野駅前,142115,神奈川県,秦野市,入船町,2019-07-06,11,駐車（輪）場,施錠せず,なし
窃盗,車上ねらい,秦野,渋沢,142115,神奈川県,秦野市,渋沢１丁目,2019-07-12,15,,施錠せず,あり
窃盗,車上ねらい,秦野,渋沢,142115,神奈川県,秦野市,堀川,2019-06-24,03,,施錠せず,あり
窃盗,車上ねらい,秦野,渋沢,142115,神奈川県,秦野市,堀西,2019-12-25,13,,施錠せず,なし
窃盗,車上ねらい,秦野,鶴巻,142115,神奈川県,秦野市,鶴巻,2019-05-09,11,駐車（輪）場,施錠せず,あり
窃盗,車上ねらい,秦野,鶴巻,142115,神奈川県,秦野市,鶴巻,2019-06-19,21,,施錠せず,あり
窃盗,車上ねらい,秦野,東海大学駅前,142115,神奈川県,秦野市,北矢名,2019-07-08,20,その他の住宅（３階建て以下共同住宅等）,施錠せず,あり
窃盗,車上ねらい,秦野,東海大学駅前,142115,神奈川県,秦野市,南矢名１丁目,2019-02-06,18,,施錠せず,なし
窃盗,車上ねらい,秦野,東海大学駅前,142115,神奈川県,秦野市,南矢名３丁目,2019-05-11,19,,施錠せず,あり
窃盗,車上ねらい,秦野,戸川,142115,神奈川県,秦野市,戸川,2019-12-09,06,,施錠せず,あり
窃盗,車上ねらい,秦野,南矢名,142115,神奈川県,秦野市,南矢名,2019-07-04,03,,施錠せず,あり
窃盗,車上ねらい,秦野,南が丘,142115,神奈川県,秦野市,西大竹,2019-09-28,01,その他,施錠せず,なし
窃盗,車上ねらい,秦野,桜町,142115,神奈川県,秦野市,平沢,2019-01-27,12,駐車（輪）場,施錠せず,なし
窃盗,車上ねらい,伊勢原,伊勢原駅前,142140,神奈川県,伊勢原市,池端,2019-09-30,14,駐車（輪）場,施錠せず,あり
窃盗,車上ねらい,伊勢原,伊勢原駅前,142140,神奈川県,伊勢原市,伊勢原１丁目,2018-12-31,15,駐車（輪）場,施錠せず,なし
窃盗,車上ねらい,伊勢原,伊勢原駅前,142140,神奈川県,伊勢原市,板戸,2019-09-21,21,,施錠せず,あり
窃盗,車上ねらい,伊勢原,伊勢原駅前,142140,神奈川県,伊勢原市,下糟屋,2019-03-11,11,,施錠せず,あり
窃盗,車上ねらい,伊勢原,伊勢原駅前,142140,神奈川県,伊勢原市,下平間,2019-12-22,03,一戸建住宅,施錠せず,なし
窃盗,車上ねらい,伊勢原,成瀬,142140,神奈川県,伊勢原市,高森,2019-08-11,21,一戸建住宅,施錠せず,あり
窃盗,車上ねらい,伊勢原,成瀬,142140,神奈川県,伊勢原市,高森２丁目,2019-07-24,17,一戸建住宅,施錠せず,あり
窃盗,車上ねらい,伊勢原,成瀬,142140,神奈川県,伊勢原市,高森３丁目,2019-05-09,13,駐車（輪）場,施錠せず,あり
窃盗,車上ねらい,伊勢原,比々多,142140,神奈川県,伊勢原市,上粕屋,2019-06-25,15,一戸建住宅,施錠せず,あり
窃盗,車上ねらい,伊勢原,大田,142140,神奈川県,伊勢原市,小稲葉,2019-10-22,22,,施錠せず,あり
窃盗,車上ねらい,厚木,本厚木駅前,142123,神奈川県,厚木市,寿町２丁目,2019-04-18,22,,施錠せず,あり
窃盗,車上ねらい,厚木,本厚木駅前,142123,神奈川県,厚木市,中町３丁目,2019-05-03,00,４階建て以上共同住宅,施錠せず,あり
窃盗,車上ねらい,厚木,本厚木駅前,142123,神奈川県,厚木市,東町,2019-03-07,21,一戸建住宅,施錠せず,あり
窃盗,車上ねらい,厚木,緑ケ丘,142123,神奈川県,厚木市,林５丁目,2019-07-27,16,一戸建住宅,施錠せず,あり
窃盗,車上ねらい,厚木,妻田,142123,神奈川県,厚木市,及川,2018-01-09,22,,施錠せず,あり
窃盗,車上ねらい,厚木,酒井,142123,神奈川県,厚木市,酒井,2019-02-02,07,,施錠せず,あり
窃盗,車上ねらい,厚木,酒井,142123,神奈川県,厚木市,戸田,2019-02-05,06,その他の住宅（３階建て以下共同住宅等）,施錠せず,なし
窃盗,車上ねらい,厚木,酒井,142123,神奈川県,厚木市,長沼,2019-06-29,17,その他,施錠せず,なし
窃盗,車上ねらい,厚木,依知,142123,神奈川県,厚木市,下依知３丁目,2019-02-23,20,その他の住宅（３階建て以下共同住宅等）,施錠せず,なし
窃盗,車上ねらい,厚木,依知,142123,神奈川県,厚木市,中依知,2019-01-25,19,その他,施錠せず,なし
窃盗,車上ねらい,厚木,中津,144011,神奈川県,愛川町,中津,2019-01-24,19,駐車（輪）場,施錠せず,あり
窃盗,車上ねらい,厚木,中津,144011,神奈川県,愛川町,中津,2019-08-20,10,一戸建住宅,施錠せず,あり
窃盗,車上ねらい,厚木,中津,144011,神奈川県,愛川町,八菅山,2019-06-12,05,,施錠せず,なし
窃盗,車上ねらい,厚木,三田,142123,神奈川県,厚木市,三田,2019-09-21,19,,施錠せず,なし
窃盗,車上ねらい,厚木,下荻野,142123,神奈川県,厚木市,下荻野,2019-09-30,17,,施錠せず,あり
窃盗,車上ねらい,厚木,下荻野,142123,神奈川県,厚木市,下荻野,2019-10-02,10,その他の住宅（３階建て以下共同住宅等）,施錠せず,あり
窃盗,車上ねらい,厚木,煤ケ谷,144029,神奈川県,清川村,煤ヶ谷,2018-03-20,10,駐車（輪）場,施錠せず,なし
窃盗,車上ねらい,厚木,旭町,142123,神奈川県,厚木市,旭町５丁目,2019-11-22,18,,施錠せず,なし
窃盗,車上ねらい,厚木,旭町,142123,神奈川県,厚木市,泉町,2019-08-31,16,駐車（輪）場,施錠せず,あり
窃盗,車上ねらい,相模原,上溝,141526,神奈川県,相模原市中央区,上溝,2019-01-24,11,一戸建住宅,施錠せず,あり
窃盗,車上ねらい,相模原,上溝,141526,神奈川県,相模原市中央区,上溝,2019-04-12,17,,施錠せず,なし
窃盗,車上ねらい,相模原,上溝,141526,神奈川県,相模原市中央区,上溝,2019-07-13,23,一戸建住宅,施錠せず,あり
窃盗,車上ねらい,相模原,上溝,141526,神奈川県,相模原市中央区,上溝１丁目,2019-04-13,18,その他の住宅（３階建て以下共同住宅等）,施錠せず,なし
窃盗,車上ねらい,相模原,上溝,141526,神奈川県,相模原市中央区,上溝４丁目,2019-10-15,17,,施錠せず,なし
窃盗,車上ねらい,相模原,星が丘,141526,神奈川県,相模原市中央区,光が丘３丁目,2018-09-03,20,一戸建住宅,施錠せず,なし
窃盗,車上ねらい,相模原,星が丘,141526,神奈川県,相模原市中央区,星が丘１丁目,2019-11-02,14,その他の住宅（３階建て以下共同住宅等）,施錠せず,あり
窃盗,車上ねらい,相模原,星が丘,141526,神奈川県,相模原市中央区,星が丘１丁目,2019-11-02,14,その他の住宅（３階建て以下共同住宅等）,施錠せず,あり
窃盗,車上ねらい,相模原,星が丘,141526,神奈川県,相模原市中央区,星が丘４丁目,2019-03-20,13,その他,施錠せず,あり
窃盗,車上ねらい,相模原,星が丘,141526,神奈川県,相模原市中央区,緑が丘２丁目,2018-09-07,20,一戸建住宅,施錠せず,なし
窃盗,車上ねらい,相模原,淵野辺駅北口,141526,神奈川県,相模原市中央区,東淵野辺１丁目,2018-09-10,21,一戸建住宅,施錠せず,あり
窃盗,車上ねらい,相模原,淵野辺駅北口,141526,神奈川県,相模原市中央区,淵野辺２丁目,2019-01-11,08,一戸建住宅,施錠せず,あり
窃盗,車上ねらい,相模原,淵野辺駅北口,141526,神奈川県,相模原市中央区,淵野辺２丁目,2019-09-23,17,その他,施錠せず,あり
窃盗,車上ねらい,相模原,淵野辺駅北口,141526,神奈川県,相模原市中央区,淵野辺本町２丁目,2018-09-08,13,一戸建住宅,施錠せず,なし
窃盗,車上ねらい,相模原,淵野辺駅北口,141526,神奈川県,相模原市中央区,淵野辺本町３丁目,2018-09-15,18,一戸建住宅,施錠せず,なし
窃盗,車上ねらい,相模原,淵野辺駅北口,141526,神奈川県,相模原市中央区,淵野辺本町５丁目,2018-09-09,22,一戸建住宅,施錠せず,なし
窃盗,車上ねらい,相模原,淵野辺駅北口,141526,神奈川県,相模原市中央区,淵野辺本町５丁目,2018-09-15,19,一戸建住宅,施錠せず,あり
窃盗,車上ねらい,相模原,淵野辺駅南口,141526,神奈川県,相模原市中央区,共和１丁目,2019-12-08,23,その他の住宅（３階建て以下共同住宅等）,施錠せず,あり
窃盗,車上ねらい,相模原,淵野辺駅南口,141526,神奈川県,相模原市中央区,共和４丁目,2019-10-28,23,,施錠せず,あり
窃盗,車上ねらい,相模原,相模原駅前,141526,神奈川県,相模原市中央区,相模原１丁目,2019-08-14,22,,施錠せず,なし
窃盗,車上ねらい,相模原,相模原駅前,141526,神奈川県,相模原市中央区,相模原４丁目,2019-03-26,10,その他,施錠せず,なし
窃盗,車上ねらい,相模原,相模原駅前,141526,神奈川県,相模原市中央区,宮下２丁目,2019-04-08,09,一戸建住宅,施錠せず,あり
窃盗,車上ねらい,相模原,相模原駅前,141526,神奈川県,相模原市中央区,宮下本町１丁目,2019-12-18,22,その他の住宅（３階建て以下共同住宅等）,施錠せず,なし
窃盗,車上ねらい,相模原,相生,141526,神奈川県,相模原市中央区,相生１丁目,2018-09-25,18,一戸建住宅,施錠せず,あり
窃盗,車上ねらい,相模原,相生,141526,神奈川県,相模原市中央区,青葉３丁目,2017-03-12,15,一戸建住宅,施錠せず,なし
窃盗,車上ねらい,相模原,相生,141526,神奈川県,相模原市中央区,青葉３丁目,2019-11-03,09,一戸建住宅,施錠せず,あり
窃盗,車上ねらい,相模原,相生,141526,神奈川県,相模原市中央区,高根２丁目,2019-11-02,19,その他の住宅（３階建て以下共同住宅等）,施錠せず,あり
窃盗,車上ねらい,相模原,相生,141526,神奈川県,相模原市中央区,並木１丁目,2019-10-13,14,,施錠せず,なし
窃盗,車上ねらい,相模原,相生,141526,神奈川県,相模原市中央区,並木４丁目,2018-09-21,20,一戸建住宅,施錠せず,なし
窃盗,車上ねらい,相模原,相生,141526,神奈川県,相模原市中央区,由野台１丁目,2019-10-03,13,駐車（輪）場,施錠せず,あり
窃盗,車上ねらい,相模原,田名,141526,神奈川県,相模原市中央区,水郷田名１丁目,2019-01-14,12,その他,施錠せず,あり
窃盗,車上ねらい,相模原,田名,141526,神奈川県,相模原市中央区,田名,2019-01-23,21,,施錠せず,なし
窃盗,車上ねらい,相模原,田名,141526,神奈川県,相模原市中央区,田名,2019-07-05,20,一戸建住宅,施錠せず,あり
窃盗,車上ねらい,相模原,番田,141526,神奈川県,相模原市中央区,田名,2019-09-22,20,一戸建住宅,施錠せず,あり
窃盗,車上ねらい,相模原,番田,141526,神奈川県,相模原市中央区,田名塩田１丁目,2019-07-28,18,その他,施錠せず,あり
窃盗,車上ねらい,相模原,番田,141526,神奈川県,相模原市中央区,田名塩田１丁目,2019-12-04,18,駐車（輪）場,施錠せず,あり
窃盗,車上ねらい,相模原,番田,141526,神奈川県,相模原市中央区,田名塩田３丁目,2019-12-20,19,,施錠せず,あり
窃盗,車上ねらい,津久井,城山,141518,神奈川県,相模原市緑区,中野,2019-11-08,21,その他の住宅（３階建て以下共同住宅等）,施錠せず,あり
窃盗,車上ねらい,津久井,城山,141518,神奈川県,相模原市緑区,中野,2019-11-11,00,一戸建住宅,施錠せず,あり
窃盗,車上ねらい,津久井,城山,141518,神奈川県,相模原市緑区,中野,2019-11-15,03,駐車（輪）場,施錠せず,あり
窃盗,車上ねらい,津久井,城山,141518,神奈川県,相模原市緑区,原宿南１丁目,2019-05-19,12,,施錠せず,なし
窃盗,車上ねらい,津久井,城山,141518,神奈川県,相模原市緑区,又野,2019-11-26,18,一戸建住宅,施錠せず,あり
窃盗,車上ねらい,津久井,根小屋,141518,神奈川県,相模原市緑区,長竹,2019-10-04,16,,施錠せず,あり
窃盗,車上ねらい,津久井,内郷,141518,神奈川県,相模原市緑区,若柳,2019-07-31,08,その他,施錠せず,あり
窃盗,車上ねらい,津久井,内郷,141518,神奈川県,相模原市緑区,若柳,2019-10-27,16,一戸建住宅,施錠せず,なし
窃盗,車上ねらい,津久井,千木良,141518,神奈川県,相模原市緑区,千木良,2019-09-30,06,一戸建住宅,施錠せず,あり
窃盗,車上ねらい,津久井,日連,141518,神奈川県,相模原市緑区,名倉,2019-05-29,18,一戸建住宅,施錠せず,なし
窃盗,車上ねらい,相模原南,古淵駅前,141534,神奈川県,相模原市南区,大野台４丁目,2018-09-14,19,一戸建住宅,施錠せず,あり
窃盗,車上ねらい,相模原南,古淵駅前,141534,神奈川県,相模原市南区,大野台７丁目,2018-08-29,15,一戸建住宅,施錠せず,なし
窃盗,車上ねらい,相模原南,大野,141534,神奈川県,相模原市南区,西大沼２丁目,2018-09-30,18,一戸建住宅,施錠せず,あり
窃盗,車上ねらい,相模原南,大野,141534,神奈川県,相模原市南区,東大沼２丁目,2018-09-12,23,一戸建住宅,施錠せず,なし
窃盗,車上ねらい,相模原南,南大野,141534,神奈川県,相模原市南区,相模台２丁目,2019-09-28,12,,施錠せず,なし
窃盗,車上ねらい,相模原南,南大野,141534,神奈川県,相模原市南区,相模台２丁目,2019-11-01,07,,施錠せず,なし
窃盗,車上ねらい,相模原南,南大野,141534,神奈川県,相模原市南区,南台３丁目,2019-07-19,14,駐車（輪）場,施錠せず,あり
窃盗,車上ねらい,相模原南,相模大野駅前,141534,神奈川県,相模原市南区,相模大野３丁目,2019-08-13,12,駐車（輪）場,施錠せず,あり
窃盗,車上ねらい,相模原南,東林間,141534,神奈川県,相模原市南区,上鶴間６丁目,2019-01-23,12,駐車（輪）場,施錠せず,あり
窃盗,車上ねらい,相模原南,東林間,141534,神奈川県,相模原市南区,東林間４丁目,2019-06-06,16,,施錠せず,なし
窃盗,車上ねらい,相模原南,新磯野,141534,神奈川県,相模原市南区,相模台５丁目,2019-05-25,10,駐車（輪）場,施錠せず,あり
窃盗,車上ねらい,相模原南,新磯野,141534,神奈川県,相模原市南区,相模台７丁目,2019-09-04,13,その他の住宅（３階建て以下共同住宅等）,施錠せず,あり
窃盗,車上ねらい,相模原南,大沼,141534,神奈川県,相模原市南区,若松５丁目,2018-09-27,19,一戸建住宅,施錠せず,あり
窃盗,車上ねらい,相模原南,中和田,141534,神奈川県,相模原市南区,上鶴間２丁目,2019-04-29,16,一戸建住宅,施錠せず,あり
窃盗,車上ねらい,相模原南,中和田,141534,神奈川県,相模原市南区,上鶴間８丁目,2019-03-30,15,,施錠せず,なし
窃盗,車上ねらい,相模原南,中和田,141534,神奈川県,相模原市南区,上鶴間本町３丁目,2019-05-25,11,,施錠せず,なし
窃盗,車上ねらい,相模原南,中和田,141534,神奈川県,相模原市南区,上鶴間本町９丁目,2019-01-20,18,,施錠せず,あり
窃盗,車上ねらい,相模原南,中和田,141534,神奈川県,相模原市南区,上鶴間本町９丁目,2019-05-09,20,,施錠せず,なし
窃盗,車上ねらい,相模原南,新磯,141534,神奈川県,相模原市南区,磯部,2019-03-16,18,その他の住宅（３階建て以下共同住宅等）,施錠せず,なし
窃盗,車上ねらい,相模原南,新磯,141534,神奈川県,相模原市南区,磯部,2019-10-17,16,駐車（輪）場,施錠せず,なし
窃盗,車上ねらい,相模原南,麻溝,141534,神奈川県,相模原市南区,下溝,2019-03-03,13,その他,施錠せず,あり
窃盗,車上ねらい,相模原南,麻溝,141534,神奈川県,相模原市南区,当麻,2018-08-20,11,一戸建住宅,施錠せず,なし
窃盗,車上ねらい,座間,相武台前,142166,神奈川県,座間市,相武台３丁目,2019-11-02,13,４階建て以上共同住宅,施錠せず,あり
窃盗,車上ねらい,座間,相模が丘,142166,神奈川県,座間市,小松原１丁目,2019-05-27,16,駐車（輪）場,施錠せず,あり
窃盗,車上ねらい,座間,相模が丘,142166,神奈川県,座間市,小松原１丁目,2019-11-10,15,駐車（輪）場,施錠せず,あり
窃盗,車上ねらい,座間,相模が丘,142166,神奈川県,座間市,相模が丘１丁目,2019-06-18,11,,施錠せず,なし
窃盗,車上ねらい,座間,栗原,142166,神奈川県,座間市,南栗原４丁目,2019-01-25,18,その他の住宅（３階建て以下共同住宅等）,施錠せず,なし
窃盗,車上ねらい,座間,ひばりが丘,142166,神奈川県,座間市,小松原２丁目,2019-09-17,09,駐車（輪）場,施錠せず,あり
窃盗,車上ねらい,座間,ひばりが丘,142166,神奈川県,座間市,東原２丁目,2019-09-14,01,,施錠せず,なし
窃盗,車上ねらい,座間,ひばりが丘,142166,神奈川県,座間市,東原３丁目,2019-04-26,12,,施錠せず,なし
窃盗,車上ねらい,座間,座間駅前,142166,神奈川県,座間市,,2019-02-15,10,,施錠せず,あり
窃盗,車上ねらい,座間,座間駅前,142166,神奈川県,座間市,,2019-08-18,13,,施錠せず,あり
窃盗,車上ねらい,座間,座間駅前,142166,神奈川県,座間市,,2019-09-16,12,,施錠せず,あり
窃盗,車上ねらい,座間,座間駅前,142166,神奈川県,座間市,入谷１丁目,2019-04-30,02,,施錠せず,あり
窃盗,車上ねらい,座間,座間駅前,142166,神奈川県,座間市,入谷１丁目,2019-06-08,21,その他の住宅（３階建て以下共同住宅等）,施錠せず,あり
窃盗,車上ねらい,座間,座間駅前,142166,神奈川県,座間市,立野台３丁目,2019-03-23,03,その他の住宅（３階建て以下共同住宅等）,施錠せず,あり
窃盗,車上ねらい,海老名,海老名駅前,142158,神奈川県,海老名市,望地１丁目,2019-09-03,01,駐車（輪）場,施錠せず,なし
窃盗,車上ねらい,海老名,海老名駅前,142158,神奈川県,海老名市,国分南１丁目,2019-08-16,09,４階建て以上共同住宅,施錠せず,あり
窃盗,車上ねらい,海老名,海老名駅前,142158,神奈川県,海老名市,国分南４丁目,2019-08-26,06,駐車（輪）場,施錠せず,あり
窃盗,車上ねらい,海老名,海老名駅前,142158,神奈川県,海老名市,中央１丁目,2019-04-10,16,,施錠せず,あり
窃盗,車上ねらい,海老名,海老名駅前,142158,神奈川県,海老名市,中央２丁目,2019-07-15,09,,施錠せず,なし
窃盗,車上ねらい,海老名,海西,142158,神奈川県,海老名市,上郷１丁目,2019-04-23,08,その他,施錠せず,あり
窃盗,車上ねらい,海老名,海西,142158,神奈川県,海老名市,河原口,2019-05-06,15,,施錠せず,あり
窃盗,車上ねらい,海老名,海西,142158,神奈川県,海老名市,扇町,2019-05-01,14,,施錠せず,あり
窃盗,車上ねらい,海老名,国分寺台,142158,神奈川県,海老名市,国分寺台３丁目,2019-10-19,20,一戸建住宅,施錠せず,あり
窃盗,車上ねらい,海老名,国分寺台,142158,神奈川県,海老名市,大谷北４丁目,2019-05-05,23,,施錠せず,なし
窃盗,車上ねらい,海老名,国分寺台,142158,神奈川県,海老名市,大谷南５丁目,2019-08-28,16,その他,施錠せず,あり
窃盗,車上ねらい,海老名,有馬,142158,神奈川県,海老名市,門沢橋３丁目,2019-10-20,00,その他,施錠せず,なし
窃盗,車上ねらい,海老名,有馬,142158,神奈川県,海老名市,門沢橋５丁目,2019-08-09,06,その他,施錠せず,なし
窃盗,車上ねらい,海老名,有馬,142158,神奈川県,海老名市,門沢橋６丁目,2019-08-08,13,その他,施錠せず,あり
窃盗,車上ねらい,海老名,有馬,142158,神奈川県,海老名市,社家,2019-08-29,15,一戸建住宅,施錠せず,あり
窃盗,車上ねらい,海老名,有馬,142158,神奈川県,海老名市,中野１丁目,2019-11-05,20,その他,施錠せず,あり
窃盗,車上ねらい,海老名,有馬,142158,神奈川県,海老名市,本郷,2019-11-15,14,,施錠せず,なし
窃盗,車上ねらい,海老名,さがみ野駅前,142158,神奈川県,海老名市,東柏ケ谷２丁目,2019-09-13,20,駐車（輪）場,施錠せず,あり
窃盗,車上ねらい,海老名,さがみ野駅前,142158,神奈川県,海老名市,東柏ケ谷６丁目,2019-06-29,10,駐車（輪）場,施錠せず,あり
窃盗,車上ねらい,相模原北,橋本駅前,141518,神奈川県,相模原市緑区,西橋本５丁目,2019-01-25,15,駐車（輪）場,施錠せず,なし
窃盗,車上ねらい,相模原北,橋本駅前,141518,神奈川県,相模原市緑区,橋本３丁目,2019-01-31,11,,施錠せず,なし
窃盗,車上ねらい,相模原北,橋本駅前,141518,神奈川県,相模原市緑区,橋本３丁目,2019-09-29,08,駐車（輪）場,施錠せず,なし
窃盗,車上ねらい,相模原北,橋本駅前,141518,神奈川県,相模原市緑区,橋本３丁目,2019-11-19,15,,施錠せず,なし
窃盗,車上ねらい,相模原北,橋本駅前,141518,神奈川県,相模原市緑区,橋本５丁目,2019-12-27,11,その他,施錠せず,なし
窃盗,車上ねらい,相模原北,橋本駅前,141518,神奈川県,相模原市緑区,橋本７丁目,2019-03-24,08,,施錠せず,あり
窃盗,車上ねらい,相模原北,橋本駅前,141518,神奈川県,相模原市緑区,東橋本３丁目,2019-01-14,19,駐車（輪）場,施錠せず,なし
窃盗,車上ねらい,相模原北,橋本駅前,141518,神奈川県,相模原市緑区,東橋本３丁目,2019-07-09,20,,施錠せず,なし
窃盗,車上ねらい,相模原北,橋本五差路,141518,神奈川県,相模原市緑区,大山町,2019-08-25,19,駐車（輪）場,施錠せず,なし
窃盗,車上ねらい,相模原北,橋本五差路,141518,神奈川県,相模原市緑区,大山町,2019-08-31,19,駐車（輪）場,施錠せず,なし
窃盗,車上ねらい,相模原北,橋本五差路,141518,神奈川県,相模原市緑区,大山町,2019-09-05,14,駐車（輪）場,施錠せず,なし
窃盗,車上ねらい,相模原北,橋本五差路,141518,神奈川県,相模原市緑区,大山町,2019-09-15,13,駐車（輪）場,施錠せず,なし
窃盗,車上ねらい,相模原北,橋本五差路,141518,神奈川県,相模原市緑区,西橋本１丁目,2019-03-21,16,,施錠せず,なし
窃盗,車上ねらい,相模原北,相原,141518,神奈川県,相模原市緑区,相原４丁目,2019-01-21,20,一戸建住宅,施錠せず,なし
窃盗,車上ねらい,相模原北,相原,141518,神奈川県,相模原市緑区,相原４丁目,2019-06-26,08,駐車（輪）場,施錠せず,あり
窃盗,車上ねらい,相模原北,相原,141518,神奈川県,相模原市緑区,二本松３丁目,2019-01-16,12,一戸建住宅,施錠せず,あり
窃盗,車上ねらい,相模原北,相原,141518,神奈川県,相模原市緑区,二本松３丁目,2019-01-29,08,駐車（輪）場,施錠せず,あり
窃盗,車上ねらい,相模原北,相原,141518,神奈川県,相模原市緑区,二本松３丁目,2019-06-01,15,駐車（輪）場,施錠せず,なし
窃盗,車上ねらい,相模原北,相原,141518,神奈川県,相模原市緑区,二本松３丁目,2019-06-26,13,駐車（輪）場,施錠せず,あり
窃盗,車上ねらい,相模原北,相原,141518,神奈川県,相模原市緑区,二本松３丁目,2019-08-07,19,,施錠せず,なし
窃盗,車上ねらい,相模原北,相原,141518,神奈川県,相模原市緑区,二本松４丁目,2018-03-01,00,その他の住宅（３階建て以下共同住宅等）,施錠せず,なし
窃盗,車上ねらい,相模原北,相原,141518,神奈川県,相模原市緑区,二本松４丁目,2019-10-05,06,４階建て以上共同住宅,施錠せず,あり
窃盗,車上ねらい,相模原北,下九沢,141518,神奈川県,相模原市緑区,上九沢,2019-03-02,21,一戸建住宅,施錠せず,なし
窃盗,車上ねらい,相模原北,下九沢,141518,神奈川県,相模原市緑区,上九沢,2019-05-08,08,駐車（輪）場,施錠せず,あり
窃盗,車上ねらい,相模原北,下九沢,141518,神奈川県,相模原市緑区,下九沢,2018-07-24,21,一戸建住宅,施錠せず,なし
窃盗,車上ねらい,相模原北,下九沢,141518,神奈川県,相模原市緑区,下九沢,2018-10-02,21,その他の住宅（３階建て以下共同住宅等）,施錠せず,あり
窃盗,車上ねらい,相模原北,下九沢,141518,神奈川県,相模原市緑区,下九沢,2018-11-20,13,一戸建住宅,施錠せず,なし
窃盗,車上ねらい,相模原北,下九沢,141518,神奈川県,相模原市緑区,下九沢,2018-11-25,19,一戸建住宅,施錠せず,なし
窃盗,車上ねらい,相模原北,下九沢,141518,神奈川県,相模原市緑区,下九沢,2019-03-08,18,,施錠せず,なし
窃盗,車上ねらい,相模原北,下九沢,141518,神奈川県,相模原市緑区,下九沢,2019-05-15,19,,施錠せず,なし
窃盗,車上ねらい,相模原北,大島,141518,神奈川県,相模原市緑区,大島,2018-10-31,14,一戸建住宅,施錠せず,あり
窃盗,車上ねらい,相模原北,大島,141518,神奈川県,相模原市緑区,大島,2018-10-31,19,一戸建住宅,施錠せず,あり
窃盗,車上ねらい,相模原北,大島,141518,神奈川県,相模原市緑区,大島,2019-03-23,09,その他,施錠せず,なし
窃盗,車上ねらい,相模原北,大島,141518,神奈川県,相模原市緑区,大島,2019-07-29,18,,施錠せず,なし
